manufacturer,part_number,title,shape,outer_diameter_mm,clear_aperture_mm,effective_focal_length_mm,back_focal_length_mm,coating,wavelength_min_nm,wavelength_max_nm,reference_wavelength_nm,designable,r1_mm,r2_mm,r3_mm,glass1,glass2,ct1_mm,ct2_mm,source_file,source_sheet,source_row,source_sha256,imported_at
Edmund Optics,08-083,TS 合成石英製両凸レンズ 18 x 20,double_convex,18.0,17.0,20.0,17.18,Uncoated,200.0,2200.0,587.6,1,17.05,-17.05,,Fused Silica (Corning 7980),,7.64,,UV-Fused-Silica-Double-Convex-DCX-Lenses.xlsx,EO_2028,131,2f0c00e1f3686328cdd7bced2b271ab6acc9152f804f974a74f15c4383f7a188,2026-08-12T16:25:48.722572+00:00
Edmund Optics,08-084,TS 合成石英製両凸レンズ 18 x 40,double_convex,18.0,17.0,40.0,38.5,Uncoated,200.0,2200.0,587.6,1,35.99,-35.99,,Fused Silica (Corning 7980),,4.29,,UV-Fused-Silica-Double-Convex-DCX-Lenses.xlsx,EO_2028,139,2f0c00e1f3686328cdd7bced2b271ab6acc9152f804f974a74f15c4383f7a188,2026-08-12T16:25:48.722572+00:00
Edmund Optics,14-376,TS 平凸レンズ 15 x 200 VIS 0°,plano_convex,15.0,14.0,200.0,197.89,VIS 0° (425-675nm),425.0,675.0,,1,103.36,,,N-BK7,,3.2,,VIS-0-Coated-Plano-Convex-PCX-Lenses (2).xlsx,EO_2537,140,0497fb07d22d8e1d9c87c6088d733ef8f25480109b030c1d1dbeeb0198553764,2026-08-12T16:25:48.722572+00:00
Edmund Optics,14-384,TS 平凸レンズ 15 x 250 VIS 0°,plano_convex,15.0,14.0,250.0,248.02,VIS 0° (425-675nm),425.0,675.0,,1,129.2,,,N-BK7,,3.0,,VIS-0-Coated-Plano-Convex-PCX-Lenses (2).xlsx,EO_2537,141,0497fb07d22d8e1d9c87c6088d733ef8f25480109b030c1d1dbeeb0198553764,2026-08-12T16:25:48.722572+00:00
Edmund Optics,21-043,TS 合成石英製平凹レンズ 6 x -9 VIS-NIR,plano_concave,6.0,5.4,-9.0,-10.38,VIS-NIR (400-1000nm),400.0,1000.0,587.6,1,-4.13,,,Fused Silica (Corning 7980),,2.0,,UV-Fused-Silica-Plano-Concave-PCV-Lenses.xlsx,EO_2029,11,6adea2b1f35062c021c9b77985a354ba2b355297d98073b41655aeafd2e3b895,2026-08-12T16:25:48.722572+00:00
Edmund Optics,21-044,TS 合成石英製平凹レンズ 6 x -12 VIS-NIR,plano_concave,6.0,5.4,-12.0,-13.38,VIS-NIR (400-1000nm),400.0,1000.0,587.6,1,-5.5,,,Fused Silica (Corning 7980),,2.0,,UV-Fused-Silica-Plano-Concave-PCV-Lenses.xlsx,EO_2029,12,6adea2b1f35062c021c9b77985a354ba2b355297d98073b41655aeafd2e3b895,2026-08-12T16:25:48.722572+00:00
Edmund Optics,21-045,TS 合成石英製平凹レンズ 6 x -18 VIS-NIR,plano_concave,6.0,5.4,-18.0,-19.37,VIS-NIR (400-1000nm),400.0,1000.0,587.6,1,-8.25,,,Fused Silica (Corning 7980),,2.0,,UV-Fused-Silica-Plano-Concave-PCV-Lenses.xlsx,EO_2029,13,6adea2b1f35062c021c9b77985a354ba2b355297d98073b41655aeafd2e3b895,2026-08-12T16:25:48.722572+00:00
Edmund Optics,21-046,TS 合成石英製平凹レンズ 9 x -13.5 VIS-NIR,plano_concave,9.0,8.1,-13.5,-14.89,VIS-NIR (400-1000nm),400.0,1000.0,587.6,1,-6.2,,,Fused Silica (Corning 7980),,2.0,,UV-Fused-Silica-Plano-Concave-PCV-Lenses.xlsx,EO_2029,23,6adea2b1f35062c021c9b77985a354ba2b355297d98073b41655aeafd2e3b895,2026-08-12T16:25:48.722572+00:00
Edmund Optics,21-047,TS 合成石英製平凹レンズ 9 x -18 VIS-NIR,plano_concave,9.0,8.1,-18.0,-19.37,VIS-NIR (400-1000nm),400.0,1000.0,587.6,1,-8.25,,,Fused Silica (Corning 7980),,2.0,,UV-Fused-Silica-Plano-Concave-PCV-Lenses.xlsx,EO_2029,24,6adea2b1f35062c021c9b77985a354ba2b355297d98073b41655aeafd2e3b895,2026-08-12T16:25:48.722572+00:00
Edmund Optics,21-048,TS 合成石英製平凹レンズ 9 x -27 VIS-NIR,plano_concave,9.0,8.1,-27.0,-28.42,VIS-NIR (400-1000nm),400.0,1000.0,587.6,1,-12.4,,,Fused Silica (Corning 7980),,2.0,,UV-Fused-Silica-Plano-Concave-PCV-Lenses.xlsx,EO_2029,25,6adea2b1f35062c021c9b77985a354ba2b355297d98073b41655aeafd2e3b895,2026-08-12T16:25:48.722572+00:00
Edmund Optics,21-049,TS 合成石英製平凹レンズ 12 x -25 VIS-NIR,plano_concave,12.0,11.0,-25.0,-26.37,VIS-NIR (400-1000nm),400.0,1000.0,587.6,1,-11.46,,,Fused Silica (Corning 7980),,2.0,,UV-Fused-Silica-Plano-Concave-PCV-Lenses.xlsx,EO_2029,41,6adea2b1f35062c021c9b77985a354ba2b355297d98073b41655aeafd2e3b895,2026-08-12T16:25:48.722572+00:00
Edmund Optics,21-050,TS 合成石英製平凹レンズ 12 x -30 VIS-NIR,plano_concave,12.0,11.0,-30.0,-31.37,VIS-NIR (400-1000nm),400.0,1000.0,587.6,1,-13.75,,,Fused Silica (Corning 7980),,2.0,,UV-Fused-Silica-Plano-Concave-PCV-Lenses.xlsx,EO_2029,42,6adea2b1f35062c021c9b77985a354ba2b355297d98073b41655aeafd2e3b895,2026-08-12T16:25:48.722572+00:00
Edmund Optics,21-051,TS 合成石英製平凹レンズ 12 x -40 VIS-NIR,plano_concave,12.0,11.0,-40.0,-41.37,VIS-NIR (400-1000nm),400.0,1000.0,587.6,1,-18.33,,,Fused Silica (Corning 7980),,2.0,,UV-Fused-Silica-Plano-Concave-PCV-Lenses.xlsx,EO_2029,43,6adea2b1f35062c021c9b77985a354ba2b355297d98073b41655aeafd2e3b895,2026-08-12T16:25:48.722572+00:00
Edmund Optics,21-052,TS 合成石英製平凹レンズ 12 x -50 VIS-NIR,plano_concave,12.0,11.0,-50.0,-51.37,VIS-NIR (400-1000nm),400.0,1000.0,587.6,1,-22.92,,,Fused Silica (Corning 7980),,2.0,,UV-Fused-Silica-Plano-Concave-PCV-Lenses.xlsx,EO_2029,44,6adea2b1f35062c021c9b77985a354ba2b355297d98073b41655aeafd2e3b895,2026-08-12T16:25:48.722572+00:00
Edmund Optics,21-053,TS 合成石英製平凹レンズ 12 x -100 VIS-NIR,plano_concave,12.0,11.0,-100.0,-101.37,VIS-NIR (400-1000nm),400.0,1000.0,587.6,1,-45.85,,,Fused Silica (Corning 7980),,2.0,,UV-Fused-Silica-Plano-Concave-PCV-Lenses.xlsx,EO_2029,45,6adea2b1f35062c021c9b77985a354ba2b355297d98073b41655aeafd2e3b895,2026-08-12T16:25:48.722572+00:00
Edmund Optics,21-054,TS 合成石英製平凹レンズ 25 x -50 VIS-NIR,plano_concave,25.0,24.0,-50.0,-51.37,VIS-NIR (400-1000nm),400.0,1000.0,587.6,1,-22.92,,,Fused Silica (Corning 7980),,2.0,,UV-Fused-Silica-Plano-Concave-PCV-Lenses.xlsx,EO_2029,64,6adea2b1f35062c021c9b77985a354ba2b355297d98073b41655aeafd2e3b895,2026-08-12T16:25:48.722572+00:00
Edmund Optics,21-055,TS 合成石英製平凹レンズ 25 x -75 VIS-NIR,plano_concave,25.0,24.0,-75.0,-76.71,VIS-NIR (400-1000nm),400.0,1000.0,587.6,1,-34.38,,,Fused Silica (Corning 7980),,2.5,,UV-Fused-Silica-Plano-Concave-PCV-Lenses.xlsx,EO_2029,65,6adea2b1f35062c021c9b77985a354ba2b355297d98073b41655aeafd2e3b895,2026-08-12T16:25:48.722572+00:00
Edmund Optics,21-056,TS 合成石英製平凹レンズ 25 x -100 VIS-NIR,plano_concave,25.0,24.0,-100.0,-101.71,VIS-NIR (400-1000nm),400.0,1000.0,587.6,1,-45.84,,,Fused Silica (Corning 7980),,2.5,,UV-Fused-Silica-Plano-Concave-PCV-Lenses.xlsx,EO_2029,66,6adea2b1f35062c021c9b77985a354ba2b355297d98073b41655aeafd2e3b895,2026-08-12T16:25:48.722572+00:00
Edmund Optics,21-057,TS 合成石英製平凹レンズ 25 x -150 VIS-NIR,plano_concave,25.0,24.0,-150.0,-151.71,VIS-NIR (400-1000nm),400.0,1000.0,587.6,1,-68.76,,,Fused Silica (Corning 7980),,2.5,,UV-Fused-Silica-Plano-Concave-PCV-Lenses.xlsx,EO_2029,67,6adea2b1f35062c021c9b77985a354ba2b355297d98073b41655aeafd2e3b895,2026-08-12T16:25:48.722572+00:00
Edmund Optics,21-058,TS 合成石英製平凹レンズ 25 x -200 VIS-NIR,plano_concave,25.0,24.0,-200.0,-201.71,VIS-NIR (400-1000nm),400.0,1000.0,587.6,1,-91.69,,,Fused Silica (Corning 7980),,2.5,,UV-Fused-Silica-Plano-Concave-PCV-Lenses.xlsx,EO_2029,68,6adea2b1f35062c021c9b77985a354ba2b355297d98073b41655aeafd2e3b895,2026-08-12T16:25:48.722572+00:00
Edmund Optics,21-059,TS 合成石英製平凹レンズ 25 x -250 VIS-NIR,plano_concave,25.0,24.0,-250.0,-251.71,VIS-NIR (400-1000nm),400.0,1000.0,587.6,1,-114.61,,,Fused Silica (Corning 7980),,2.5,,UV-Fused-Silica-Plano-Concave-PCV-Lenses.xlsx,EO_2029,69,6adea2b1f35062c021c9b77985a354ba2b355297d98073b41655aeafd2e3b895,2026-08-12T16:25:48.722572+00:00
Edmund Optics,22-155,TS 合成石英製両凸レンズ 6 x 12 NIR I,double_convex,6.0,5.4,12.0,11.23,NIR I (600-1050nm),600.0,1050.0,587.6,1,10.65,-10.65,,Fused Silica (Corning 7980),,2.2,,UV-Fused-Silica-Double-Convex-DCX-Lenses.xlsx,EO_2028,21,2f0c00e1f3686328cdd7bced2b271ab6acc9152f804f974a74f15c4383f7a188,2026-08-12T16:25:48.722572+00:00
Edmund Optics,22-156,TS 合成石英製両凸レンズ 6 x 6 NIR I,double_convex,6.0,5.4,6.0,4.38,NIR I (600-1050nm),600.0,1050.0,587.6,1,4.76,-4.76,,Fused Silica (Corning 7980),,4.1,,UV-Fused-Silica-Double-Convex-DCX-Lenses.xlsx,EO_2028,8,2f0c00e1f3686328cdd7bced2b271ab6acc9152f804f974a74f15c4383f7a188,2026-08-12T16:25:48.722572+00:00
Edmund Optics,22-157,TS 合成石英製両凸レンズ 9 x 13.5 NIR I,double_convex,9.0,8.1,13.5,12.32,NIR I (600-1050nm),600.0,1050.0,587.6,1,11.84,-11.84,,Fused Silica (Corning 7980),,3.3,,UV-Fused-Silica-Double-Convex-DCX-Lenses.xlsx,EO_2028,47,2f0c00e1f3686328cdd7bced2b271ab6acc9152f804f974a74f15c4383f7a188,2026-08-12T16:25:48.722572+00:00
Edmund Optics,22-158,TS 合成石英製両凸レンズ 9 x 18 NIR I,double_convex,9.0,8.1,18.0,17.09,NIR I (600-1050nm),600.0,1050.0,587.6,1,16.09,-16.09,,Fused Silica (Corning 7980),,2.6,,UV-Fused-Silica-Double-Convex-DCX-Lenses.xlsx,EO_2028,55,2f0c00e1f3686328cdd7bced2b271ab6acc9152f804f974a74f15c4383f7a188,2026-08-12T16:25:48.722572+00:00
Edmund Optics,22-159,TS 合成石英製両凸レンズ 9 x 27 NIR I,double_convex,9.0,8.1,27.0,26.13,NIR I (600-1050nm),600.0,1050.0,587.6,1,24.36,-24.36,,Fused Silica (Corning 7980),,2.5,,UV-Fused-Silica-Double-Convex-DCX-Lenses.xlsx,EO_2028,63,2f0c00e1f3686328cdd7bced2b271ab6acc9152f804f974a74f15c4383f7a188,2026-08-12T16:25:48.722572+00:00
Edmund Optics,22-160,TS 合成石英製両凸レンズ 9 x 9 NIR I,double_convex,9.0,8.1,9.0,7.12,NIR I (600-1050nm),600.0,1050.0,587.6,1,7.39,-7.39,,Fused Silica (Corning 7980),,4.9,,UV-Fused-Silica-Double-Convex-DCX-Lenses.xlsx,EO_2028,39,2f0c00e1f3686328cdd7bced2b271ab6acc9152f804f974a74f15c4383f7a188,2026-08-12T16:25:48.722572+00:00
Edmund Optics,22-161,TS 合成石英製両凸レンズ 12 x 30 NIR I,double_convex,12.0,11.0,30.0,28.77,NIR I (600-1050nm),600.0,1050.0,587.6,1,26.94,-26.94,,Fused Silica (Corning 7980),,3.52,,UV-Fused-Silica-Double-Convex-DCX-Lenses.xlsx,EO_2028,108,2f0c00e1f3686328cdd7bced2b271ab6acc9152f804f974a74f15c4383f7a188,2026-08-12T16:25:48.722572+00:00
Edmund Optics,22-162,TS 合成石英製両凸レンズ 12 x 35 NIR I,double_convex,12.0,11.0,35.0,33.85,NIR I (600-1050nm),600.0,1050.0,587.6,1,31.57,-31.57,,Fused Silica (Corning 7980),,3.29,,UV-Fused-Silica-Double-Convex-DCX-Lenses.xlsx,EO_2028,116,2f0c00e1f3686328cdd7bced2b271ab6acc9152f804f974a74f15c4383f7a188,2026-08-12T16:25:48.722572+00:00
Edmund Optics,22-163,TS 合成石英製両凸レンズ 12 x 12 NIR I,double_convex,12.0,11.0,12.0,9.25,NIR I (600-1050nm),600.0,1050.0,587.6,1,9.74,-9.74,,Fused Silica (Corning 7980),,7.09,,UV-Fused-Silica-Double-Convex-DCX-Lenses.xlsx,EO_2028,76,2f0c00e1f3686328cdd7bced2b271ab6acc9152f804f974a74f15c4383f7a188,2026-08-12T16:25:48.722572+00:00
Edmund Optics,22-164,TS 合成石英製両凸レンズ 12 x 15 NIR I,double_convex,12.0,11.0,15.0,13.37,NIR I (600-1050nm),600.0,1050.0,587.6,1,13.01,-13.01,,Fused Silica (Corning 7980),,4.5,,UV-Fused-Silica-Double-Convex-DCX-Lenses.xlsx,EO_2028,84,2f0c00e1f3686328cdd7bced2b271ab6acc9152f804f974a74f15c4383f7a188,2026-08-12T16:25:48.722572+00:00
Edmund Optics,22-165,TS 合成石英製両凸レンズ 12 x 20 NIR I,double_convex,12.0,11.0,20.0,18.44,NIR I (600-1050nm),600.0,1050.0,587.6,1,17.63,-17.63,,Fused Silica (Corning 7980),,4.37,,UV-Fused-Silica-Double-Convex-DCX-Lenses.xlsx,EO_2028,92,2f0c00e1f3686328cdd7bced2b271ab6acc9152f804f974a74f15c4383f7a188,2026-08-12T16:25:48.722572+00:00
Edmund Optics,22-166,TS 合成石英製両凸レンズ 12 x 24 NIR I,double_convex,12.0,11.0,24.0,22.92,NIR I (600-1050nm),600.0,1050.0,587.6,1,21.51,-21.51,,Fused Silica (Corning 7980),,3.1,,UV-Fused-Silica-Double-Convex-DCX-Lenses.xlsx,EO_2028,100,2f0c00e1f3686328cdd7bced2b271ab6acc9152f804f974a74f15c4383f7a188,2026-08-12T16:25:48.722572+00:00
Edmund Optics,22-167,TS 合成石英製両凸レンズ 12 x 75 NIR I,double_convex,12.0,11.0,75.0,74.11,NIR I (600-1050nm),600.0,1050.0,587.6,1,68.36,-68.36,,Fused Silica (Corning 7980),,2.59,,UV-Fused-Silica-Double-Convex-DCX-Lenses.xlsx,EO_2028,129,2f0c00e1f3686328cdd7bced2b271ab6acc9152f804f974a74f15c4383f7a188,2026-08-12T16:25:48.722572+00:00
Edmund Optics,22-168,TS 合成石英製両凸レンズ 18 x 20 NIR I,double_convex,18.0,17.0,20.0,17.18,NIR I (600-1050nm),600.0,1050.0,587.6,1,17.05,-17.05,,Fused Silica (Corning 7980),,7.64,,UV-Fused-Silica-Double-Convex-DCX-Lenses.xlsx,EO_2028,137,2f0c00e1f3686328cdd7bced2b271ab6acc9152f804f974a74f15c4383f7a188,2026-08-12T16:25:48.722572+00:00
Edmund Optics,22-169,TS 合成石英製両凸レンズ 18 x 40 NIR I,double_convex,18.0,17.0,40.0,38.5,NIR I (600-1050nm),600.0,1050.0,587.6,1,35.99,-35.99,,Fused Silica (Corning 7980),,4.29,,UV-Fused-Silica-Double-Convex-DCX-Lenses.xlsx,EO_2028,145,2f0c00e1f3686328cdd7bced2b271ab6acc9152f804f974a74f15c4383f7a188,2026-08-12T16:25:48.722572+00:00
Edmund Optics,22-170,TS 合成石英製両凸レンズ 25 x 75.6 NIR I,double_convex,25.0,24.0,75.6,73.91,NIR I (600-1050nm),600.0,1050.0,587.6,1,68.55,-68.55,,Fused Silica (Corning 7980),,4.87,,UV-Fused-Silica-Double-Convex-DCX-Lenses.xlsx,EO_2028,177,2f0c00e1f3686328cdd7bced2b271ab6acc9152f804f974a74f15c4383f7a188,2026-08-12T16:25:48.722572+00:00
Edmund Optics,22-171,TS 合成石英製両凸レンズ 25 x 100 NIR I,double_convex,25.0,24.0,100.0,98.7,NIR I (600-1050nm),600.0,1050.0,587.6,1,91.09,-91.09,,Fused Silica (Corning 7980),,3.78,,UV-Fused-Silica-Double-Convex-DCX-Lenses.xlsx,EO_2028,185,2f0c00e1f3686328cdd7bced2b271ab6acc9152f804f974a74f15c4383f7a188,2026-08-12T16:25:48.722572+00:00
Edmund Optics,22-172,TS 合成石英製両凸レンズ 25 x 25 NIR I,double_convex,25.0,24.0,25.0,20.93,NIR I (600-1050nm),600.0,1050.0,587.6,1,21.06,-21.06,,Fused Silica (Corning 7980),,10.9,,UV-Fused-Silica-Double-Convex-DCX-Lenses.xlsx,EO_2028,153,2f0c00e1f3686328cdd7bced2b271ab6acc9152f804f974a74f15c4383f7a188,2026-08-12T16:25:48.722572+00:00
Edmund Optics,22-173,TS 合成石英製両凸レンズ 25 x 50 NIR I,double_convex,25.0,24.0,50.0,48.02,NIR I (600-1050nm),600.0,1050.0,587.6,1,44.94,-44.94,,Fused Silica (Corning 7980),,5.66,,UV-Fused-Silica-Double-Convex-DCX-Lenses.xlsx,EO_2028,161,2f0c00e1f3686328cdd7bced2b271ab6acc9152f804f974a74f15c4383f7a188,2026-08-12T16:25:48.722572+00:00
Edmund Optics,22-174,TS 合成石英製両凸レンズ 25 x 60 NIR I,double_convex,25.0,24.0,60.0,58.08,NIR I (600-1050nm),600.0,1050.0,587.6,1,54.14,-54.14,,Fused Silica (Corning 7980),,5.52,,UV-Fused-Silica-Double-Convex-DCX-Lenses.xlsx,EO_2028,169,2f0c00e1f3686328cdd7bced2b271ab6acc9152f804f974a74f15c4383f7a188,2026-08-12T16:25:48.722572+00:00
Edmund Optics,22-175,TS 合成石英製両凸レンズ 6 x 12 NIR II,double_convex,6.0,5.4,12.0,11.23,NIR II (750-1550nm),750.0,1550.0,587.6,1,10.65,-10.65,,Fused Silica (Corning 7980),,2.2,,UV-Fused-Silica-Double-Convex-DCX-Lenses.xlsx,EO_2028,22,2f0c00e1f3686328cdd7bced2b271ab6acc9152f804f974a74f15c4383f7a188,2026-08-12T16:25:48.722572+00:00
Edmund Optics,22-176,TS 合成石英製両凸レンズ 6 x 6 NIR II,double_convex,6.0,5.4,6.0,4.38,NIR II (750-1550nm),750.0,1550.0,587.6,1,4.76,-4.76,,Fused Silica (Corning 7980),,4.1,,UV-Fused-Silica-Double-Convex-DCX-Lenses.xlsx,EO_2028,9,2f0c00e1f3686328cdd7bced2b271ab6acc9152f804f974a74f15c4383f7a188,2026-08-12T16:25:48.722572+00:00
Edmund Optics,22-177,TS 合成石英製両凸レンズ 9 x 13.5 NIR II,double_convex,9.0,8.1,13.5,12.32,NIR II (750-1550nm),750.0,1550.0,587.6,1,11.84,-11.84,,Fused Silica (Corning 7980),,3.3,,UV-Fused-Silica-Double-Convex-DCX-Lenses.xlsx,EO_2028,48,2f0c00e1f3686328cdd7bced2b271ab6acc9152f804f974a74f15c4383f7a188,2026-08-12T16:25:48.722572+00:00
Edmund Optics,22-178,TS 合成石英製両凸レンズ 9 x 18 NIR II,double_convex,9.0,8.1,18.0,17.09,NIR II (750-1550nm),750.0,1550.0,587.6,1,16.09,-16.09,,Fused Silica (Corning 7980),,2.6,,UV-Fused-Silica-Double-Convex-DCX-Lenses.xlsx,EO_2028,56,2f0c00e1f3686328cdd7bced2b271ab6acc9152f804f974a74f15c4383f7a188,2026-08-12T16:25:48.722572+00:00
Edmund Optics,22-179,TS 合成石英製両凸レンズ 9 x 27 NIR II,double_convex,9.0,8.1,27.0,26.13,NIR II (750-1550nm),750.0,1550.0,587.6,1,24.36,-24.36,,Fused Silica (Corning 7980),,2.5,,UV-Fused-Silica-Double-Convex-DCX-Lenses.xlsx,EO_2028,64,2f0c00e1f3686328cdd7bced2b271ab6acc9152f804f974a74f15c4383f7a188,2026-08-12T16:25:48.722572+00:00
Edmund Optics,22-180,TS 合成石英製両凸レンズ 9 x 9 NIR II,double_convex,9.0,8.1,9.0,7.12,NIR II (750-1550nm),750.0,1550.0,587.6,1,7.39,-7.39,,Fused Silica (Corning 7980),,4.9,,UV-Fused-Silica-Double-Convex-DCX-Lenses.xlsx,EO_2028,40,2f0c00e1f3686328cdd7bced2b271ab6acc9152f804f974a74f15c4383f7a188,2026-08-12T16:25:48.722572+00:00
Edmund Optics,22-181,TS 合成石英製両凸レンズ 12 x 30 NIR II,double_convex,12.0,11.0,30.0,28.77,NIR II (750-1550nm),750.0,1550.0,587.6,1,26.94,-26.94,,Fused Silica (Corning 7980),,3.52,,UV-Fused-Silica-Double-Convex-DCX-Lenses.xlsx,EO_2028,109,2f0c00e1f3686328cdd7bced2b271ab6acc9152f804f974a74f15c4383f7a188,2026-08-12T16:25:48.722572+00:00
Edmund Optics,22-182,TS 合成石英製両凸レンズ 12 x 35 NIR II,double_convex,12.0,11.0,35.0,33.85,NIR II (750-1550nm),750.0,1550.0,587.6,1,31.57,-31.57,,Fused Silica (Corning 7980),,3.29,,UV-Fused-Silica-Double-Convex-DCX-Lenses.xlsx,EO_2028,117,2f0c00e1f3686328cdd7bced2b271ab6acc9152f804f974a74f15c4383f7a188,2026-08-12T16:25:48.722572+00:00
Edmund Optics,22-183,TS 合成石英製両凸レンズ 12 x 12 NIR II,double_convex,12.0,11.0,12.0,9.25,NIR II (750-1550nm),750.0,1550.0,587.6,1,9.74,-9.74,,Fused Silica (Corning 7980),,7.09,,UV-Fused-Silica-Double-Convex-DCX-Lenses.xlsx,EO_2028,77,2f0c00e1f3686328cdd7bced2b271ab6acc9152f804f974a74f15c4383f7a188,2026-08-12T16:25:48.722572+00:00
Edmund Optics,22-184,TS 合成石英製両凸レンズ 12 x 15 NIR II,double_convex,12.0,11.0,15.0,13.37,NIR II (750-1550nm),750.0,1550.0,587.6,1,13.01,-13.01,,Fused Silica (Corning 7980),,4.5,,UV-Fused-Silica-Double-Convex-DCX-Lenses.xlsx,EO_2028,85,2f0c00e1f3686328cdd7bced2b271ab6acc9152f804f974a74f15c4383f7a188,2026-08-12T16:25:48.722572+00:00
Edmund Optics,22-185,TS 合成石英製両凸レンズ 12 x 20 NIR II,double_convex,12.0,11.0,20.0,18.44,NIR II (750-1550nm),750.0,1550.0,587.6,1,17.63,-17.63,,Fused Silica (Corning 7980),,4.37,,UV-Fused-Silica-Double-Convex-DCX-Lenses.xlsx,EO_2028,93,2f0c00e1f3686328cdd7bced2b271ab6acc9152f804f974a74f15c4383f7a188,2026-08-12T16:25:48.722572+00:00
Edmund Optics,22-186,TS 合成石英製両凸レンズ 12 x 24 NIR II,double_convex,12.0,11.0,24.0,22.92,NIR II (750-1550nm),750.0,1550.0,587.6,1,21.51,-21.51,,Fused Silica (Corning 7980),,3.1,,UV-Fused-Silica-Double-Convex-DCX-Lenses.xlsx,EO_2028,101,2f0c00e1f3686328cdd7bced2b271ab6acc9152f804f974a74f15c4383f7a188,2026-08-12T16:25:48.722572+00:00
Edmund Optics,22-187,TS 合成石英製両凸レンズ 12 x 75 NIR II,double_convex,12.0,11.0,75.0,74.11,NIR II (750-1550nm),750.0,1550.0,587.6,1,68.36,-68.36,,Fused Silica (Corning 7980),,2.59,,UV-Fused-Silica-Double-Convex-DCX-Lenses.xlsx,EO_2028,130,2f0c00e1f3686328cdd7bced2b271ab6acc9152f804f974a74f15c4383f7a188,2026-08-12T16:25:48.722572+00:00
Edmund Optics,22-188,TS 合成石英製両凸レンズ 18 x 20 NIR II,double_convex,18.0,17.0,20.0,17.18,NIR II (750-1550nm),750.0,1550.0,587.6,1,17.05,-17.05,,Fused Silica (Corning 7980),,7.64,,UV-Fused-Silica-Double-Convex-DCX-Lenses.xlsx,EO_2028,138,2f0c00e1f3686328cdd7bced2b271ab6acc9152f804f974a74f15c4383f7a188,2026-08-12T16:25:48.722572+00:00
Edmund Optics,22-189,TS 合成石英製両凸レンズ 18 x 40 NIR II,double_convex,18.0,17.0,40.0,38.5,NIR II (750-1550nm),750.0,1550.0,587.6,1,35.99,-35.99,,Fused Silica (Corning 7980),,4.29,,UV-Fused-Silica-Double-Convex-DCX-Lenses.xlsx,EO_2028,146,2f0c00e1f3686328cdd7bced2b271ab6acc9152f804f974a74f15c4383f7a188,2026-08-12T16:25:48.722572+00:00
Edmund Optics,22-190,TS 合成石英製両凸レンズ 25 x 75.6 NIR II,double_convex,25.0,24.0,75.6,73.91,NIR II (750-1550nm),750.0,1550.0,587.6,1,68.55,-68.55,,Fused Silica (Corning 7980),,4.87,,UV-Fused-Silica-Double-Convex-DCX-Lenses.xlsx,EO_2028,178,2f0c00e1f3686328cdd7bced2b271ab6acc9152f804f974a74f15c4383f7a188,2026-08-12T16:25:48.722572+00:00
Edmund Optics,22-191,TS 合成石英製両凸レンズ 25 x 100 NIR II,double_convex,25.0,24.0,100.0,98.7,NIR II (750-1550nm),750.0,1550.0,587.6,1,91.09,-91.09,,Fused Silica (Corning 7980),,3.78,,UV-Fused-Silica-Double-Convex-DCX-Lenses.xlsx,EO_2028,186,2f0c00e1f3686328cdd7bced2b271ab6acc9152f804f974a74f15c4383f7a188,2026-08-12T16:25:48.722572+00:00
Edmund Optics,22-192,TS 合成石英製両凸レンズ 25 x 25 NIR II,double_convex,25.0,24.0,25.0,20.93,NIR II (750-1550nm),750.0,1550.0,587.6,1,21.06,-21.06,,Fused Silica (Corning 7980),,10.9,,UV-Fused-Silica-Double-Convex-DCX-Lenses.xlsx,EO_2028,154,2f0c00e1f3686328cdd7bced2b271ab6acc9152f804f974a74f15c4383f7a188,2026-08-12T16:25:48.722572+00:00
Edmund Optics,22-193,TS 合成石英製両凸レンズ 25 x 50 NIR II,double_convex,25.0,24.0,50.0,48.02,NIR II (750-1550nm),750.0,1550.0,587.6,1,44.94,-44.94,,Fused Silica (Corning 7980),,5.66,,UV-Fused-Silica-Double-Convex-DCX-Lenses.xlsx,EO_2028,162,2f0c00e1f3686328cdd7bced2b271ab6acc9152f804f974a74f15c4383f7a188,2026-08-12T16:25:48.722572+00:00
Edmund Optics,22-194,TS 合成石英製両凸レンズ 25 x 60 NIR II,double_convex,25.0,24.0,60.0,58.08,NIR II (750-1550nm),750.0,1550.0,587.6,1,54.14,-54.14,,Fused Silica (Corning 7980),,5.52,,UV-Fused-Silica-Double-Convex-DCX-Lenses.xlsx,EO_2028,170,2f0c00e1f3686328cdd7bced2b271ab6acc9152f804f974a74f15c4383f7a188,2026-08-12T16:25:48.722572+00:00
Edmund Optics,22-195,TS 合成石英製両凸レンズ 6 x 12 VIS-EXT,double_convex,6.0,5.4,12.0,11.23,VIS-EXT (350-700nm),350.0,700.0,587.6,1,10.65,-10.65,,Fused Silica (Corning 7980),,2.2,,UV-Fused-Silica-Double-Convex-DCX-Lenses.xlsx,EO_2028,18,2f0c00e1f3686328cdd7bced2b271ab6acc9152f804f974a74f15c4383f7a188,2026-08-12T16:25:48.722572+00:00
Edmund Optics,22-196,TS 合成石英製両凸レンズ 6 x 6 VIS-EXT,double_convex,6.0,5.4,6.0,4.38,VIS-EXT (350-700nm),350.0,700.0,587.6,1,4.76,-4.76,,Fused Silica (Corning 7980),,4.1,,UV-Fused-Silica-Double-Convex-DCX-Lenses.xlsx,EO_2028,5,2f0c00e1f3686328cdd7bced2b271ab6acc9152f804f974a74f15c4383f7a188,2026-08-12T16:25:48.722572+00:00
Edmund Optics,22-197,TS 合成石英製両凸レンズ 9 x 13.5 VIS-EXT,double_convex,9.0,8.1,13.5,12.32,VIS-EXT (350-700nm),350.0,700.0,587.6,1,11.84,-11.84,,Fused Silica (Corning 7980),,3.3,,UV-Fused-Silica-Double-Convex-DCX-Lenses.xlsx,EO_2028,44,2f0c00e1f3686328cdd7bced2b271ab6acc9152f804f974a74f15c4383f7a188,2026-08-12T16:25:48.722572+00:00
Edmund Optics,22-198,TS 合成石英製両凸レンズ 9 x 18 VIS-EXT,double_convex,9.0,8.1,18.0,17.09,VIS-EXT (350-700nm),350.0,700.0,587.6,1,16.09,-16.09,,Fused Silica (Corning 7980),,2.6,,UV-Fused-Silica-Double-Convex-DCX-Lenses.xlsx,EO_2028,52,2f0c00e1f3686328cdd7bced2b271ab6acc9152f804f974a74f15c4383f7a188,2026-08-12T16:25:48.722572+00:00
Edmund Optics,22-199,TS 合成石英製両凸レンズ 9 x 27 VIS-EXT,double_convex,9.0,8.1,27.0,26.13,VIS-EXT (350-700nm),350.0,700.0,587.6,1,24.36,-24.36,,Fused Silica (Corning 7980),,2.5,,UV-Fused-Silica-Double-Convex-DCX-Lenses.xlsx,EO_2028,60,2f0c00e1f3686328cdd7bced2b271ab6acc9152f804f974a74f15c4383f7a188,2026-08-12T16:25:48.722572+00:00
Edmund Optics,22-200,TS 合成石英製両凸レンズ 9 x 9 VIS-EXT,double_convex,9.0,8.1,9.0,7.12,VIS-EXT (350-700nm),350.0,700.0,587.6,1,7.39,-7.39,,Fused Silica (Corning 7980),,4.9,,UV-Fused-Silica-Double-Convex-DCX-Lenses.xlsx,EO_2028,36,2f0c00e1f3686328cdd7bced2b271ab6acc9152f804f974a74f15c4383f7a188,2026-08-12T16:25:48.722572+00:00
Edmund Optics,22-201,TS 合成石英製両凸レンズ 12 x 30 VIS-EXT,double_convex,12.0,11.0,30.0,28.77,VIS-EXT (350-700nm),350.0,700.0,587.6,1,26.94,-26.94,,Fused Silica (Corning 7980),,3.52,,UV-Fused-Silica-Double-Convex-DCX-Lenses.xlsx,EO_2028,105,2f0c00e1f3686328cdd7bced2b271ab6acc9152f804f974a74f15c4383f7a188,2026-08-12T16:25:48.722572+00:00
Edmund Optics,22-202,TS 合成石英製両凸レンズ 12 x 35 VIS-EXT,double_convex,12.0,11.0,35.0,33.85,VIS-EXT (350-700nm),350.0,700.0,587.6,1,31.57,-31.57,,Fused Silica (Corning 7980),,3.29,,UV-Fused-Silica-Double-Convex-DCX-Lenses.xlsx,EO_2028,113,2f0c00e1f3686328cdd7bced2b271ab6acc9152f804f974a74f15c4383f7a188,2026-08-12T16:25:48.722572+00:00
Edmund Optics,22-203,TS 合成石英製両凸レンズ 12 x 12 VIS-EXT,double_convex,12.0,11.0,12.0,9.25,VIS-EXT (350-700nm),350.0,700.0,587.6,1,9.74,-9.74,,Fused Silica (Corning 7980),,7.09,,UV-Fused-Silica-Double-Convex-DCX-Lenses.xlsx,EO_2028,73,2f0c00e1f3686328cdd7bced2b271ab6acc9152f804f974a74f15c4383f7a188,2026-08-12T16:25:48.722572+00:00
Edmund Optics,22-204,TS 合成石英製両凸レンズ 12 x 15 VIS-EXT,double_convex,12.0,11.0,15.0,13.37,VIS-EXT (350-700nm),350.0,700.0,587.6,1,13.01,-13.01,,Fused Silica (Corning 7980),,4.5,,UV-Fused-Silica-Double-Convex-DCX-Lenses.xlsx,EO_2028,81,2f0c00e1f3686328cdd7bced2b271ab6acc9152f804f974a74f15c4383f7a188,2026-08-12T16:25:48.722572+00:00
Edmund Optics,22-205,TS 合成石英製両凸レンズ 12 x 20 VIS-EXT,double_convex,12.0,11.0,20.0,18.44,VIS-EXT (350-700nm),350.0,700.0,587.6,1,17.63,-17.63,,Fused Silica (Corning 7980),,4.37,,UV-Fused-Silica-Double-Convex-DCX-Lenses.xlsx,EO_2028,89,2f0c00e1f3686328cdd7bced2b271ab6acc9152f804f974a74f15c4383f7a188,2026-08-12T16:25:48.722572+00:00
Edmund Optics,22-206,TS 合成石英製両凸レンズ 12 x 24 VIS-EXT,double_convex,12.0,11.0,24.0,22.92,VIS-EXT (350-700nm),350.0,700.0,587.6,1,21.51,-21.51,,Fused Silica (Corning 7980),,3.1,,UV-Fused-Silica-Double-Convex-DCX-Lenses.xlsx,EO_2028,97,2f0c00e1f3686328cdd7bced2b271ab6acc9152f804f974a74f15c4383f7a188,2026-08-12T16:25:48.722572+00:00
Edmund Optics,22-207,TS 合成石英製両凸レンズ 12 x 75 VIS-EXT,double_convex,12.0,11.0,75.0,74.11,VIS-EXT (350-700nm),350.0,700.0,587.6,1,68.36,-68.36,,Fused Silica (Corning 7980),,2.59,,UV-Fused-Silica-Double-Convex-DCX-Lenses.xlsx,EO_2028,126,2f0c00e1f3686328cdd7bced2b271ab6acc9152f804f974a74f15c4383f7a188,2026-08-12T16:25:48.722572+00:00
Edmund Optics,22-208,TS 合成石英製両凸レンズ 18 x 20 VIS-EXT,double_convex,18.0,17.0,20.0,17.18,VIS-EXT (350-700nm),350.0,700.0,587.6,1,17.05,-17.05,,Fused Silica (Corning 7980),,7.64,,UV-Fused-Silica-Double-Convex-DCX-Lenses.xlsx,EO_2028,134,2f0c00e1f3686328cdd7bced2b271ab6acc9152f804f974a74f15c4383f7a188,2026-08-12T16:25:48.722572+00:00
Edmund Optics,22-209,TS 合成石英製両凸レンズ 18 x 40 VIS-EXT,double_convex,18.0,17.0,40.0,38.5,VIS-EXT (350-700nm),350.0,700.0,587.6,1,35.99,-35.99,,Fused Silica (Corning 7980),,4.29,,UV-Fused-Silica-Double-Convex-DCX-Lenses.xlsx,EO_2028,142,2f0c00e1f3686328cdd7bced2b271ab6acc9152f804f974a74f15c4383f7a188,2026-08-12T16:25:48.722572+00:00
Edmund Optics,22-210,TS 合成石英製両凸レンズ 25 x 75.6 VIS-EXT,double_convex,25.0,24.0,75.6,73.91,VIS-EXT (350-700nm),350.0,700.0,587.6,1,68.55,-68.55,,Fused Silica (Corning 7980),,4.87,,UV-Fused-Silica-Double-Convex-DCX-Lenses.xlsx,EO_2028,174,2f0c00e1f3686328cdd7bced2b271ab6acc9152f804f974a74f15c4383f7a188,2026-08-12T16:25:48.722572+00:00
Edmund Optics,22-211,TS 合成石英製両凸レンズ 25 x 100 VIS-EXT,double_convex,25.0,24.0,100.0,98.7,VIS-EXT (350-700nm),350.0,700.0,587.6,1,91.09,-91.09,,Fused Silica (Corning 7980),,3.78,,UV-Fused-Silica-Double-Convex-DCX-Lenses.xlsx,EO_2028,182,2f0c00e1f3686328cdd7bced2b271ab6acc9152f804f974a74f15c4383f7a188,2026-08-12T16:25:48.722572+00:00
Edmund Optics,22-212,TS 合成石英製両凸レンズ 25 x 25 VIS-EXT,double_convex,25.0,24.0,25.0,20.93,VIS-EXT (350-700nm),350.0,700.0,587.6,1,21.06,-21.06,,Fused Silica (Corning 7980),,10.9,,UV-Fused-Silica-Double-Convex-DCX-Lenses.xlsx,EO_2028,150,2f0c00e1f3686328cdd7bced2b271ab6acc9152f804f974a74f15c4383f7a188,2026-08-12T16:25:48.722572+00:00
Edmund Optics,22-213,TS 合成石英製両凸レンズ 25 x 50 VIS-EXT,double_convex,25.0,24.0,50.0,48.02,VIS-EXT (350-700nm),350.0,700.0,587.6,1,44.94,-44.94,,Fused Silica (Corning 7980),,5.66,,UV-Fused-Silica-Double-Convex-DCX-Lenses.xlsx,EO_2028,158,2f0c00e1f3686328cdd7bced2b271ab6acc9152f804f974a74f15c4383f7a188,2026-08-12T16:25:48.722572+00:00
Edmund Optics,22-214,TS 合成石英製両凸レンズ 25 x 60 VIS-EXT,double_convex,25.0,24.0,60.0,58.08,VIS-EXT (350-700nm),350.0,700.0,587.6,1,54.14,-54.14,,Fused Silica (Corning 7980),,5.52,,UV-Fused-Silica-Double-Convex-DCX-Lenses.xlsx,EO_2028,166,2f0c00e1f3686328cdd7bced2b271ab6acc9152f804f974a74f15c4383f7a188,2026-08-12T16:25:48.722572+00:00
Edmund Optics,22-245,TS 平凹レンズ 20 x -100 VIS 0°,plano_concave,20.0,19.0,-100.0,-102.88,VIS 0° (425-675nm),425.0,675.0,587.6,1,-51.68,,,N-BK7,,3.5,,VIS-0-Coated-Plano-Concave-PCV-Lenses (1).xlsx,EO_2718,21,838087704458d663d00fa75beb2903a353ba634fbdf65948d00b05e176e1a3b4,2026-08-12T16:25:48.722572+00:00
Edmund Optics,22-413,TS 合成石英製両凸レンズ 30 x 30,double_convex,30.0,29.0,30.0,25.12,Uncoated,200.0,2200.0,587.6,1,25.27,-25.27,,Fused Silica (Corning 7980),,13.08,,UV-Fused-Silica-Double-Convex-DCX-Lenses.xlsx,EO_2028,217,2f0c00e1f3686328cdd7bced2b271ab6acc9152f804f974a74f15c4383f7a188,2026-08-12T16:25:48.722572+00:00
Edmund Optics,22-420,TS 合成石英製両凸レンズ 40 x 40,double_convex,40.0,39.0,40.0,33.49,Uncoated,200.0,2200.0,587.6,1,33.69,-33.69,,Fused Silica (Corning 7980),,17.44,,UV-Fused-Silica-Double-Convex-DCX-Lenses.xlsx,EO_2028,222,2f0c00e1f3686328cdd7bced2b271ab6acc9152f804f974a74f15c4383f7a188,2026-08-12T16:25:48.722572+00:00
Edmund Optics,22-426,TS 合成石英製両凸レンズ 50 x 50,double_convex,50.0,49.0,50.0,41.87,Uncoated,200.0,2200.0,587.6,1,42.12,-42.12,,Fused Silica (Corning 7980),,21.8,,UV-Fused-Silica-Double-Convex-DCX-Lenses.xlsx,EO_2028,227,2f0c00e1f3686328cdd7bced2b271ab6acc9152f804f974a74f15c4383f7a188,2026-08-12T16:25:48.722572+00:00
Edmund Optics,22-427,TS 合成石英製両凸レンズ 50 x 100,double_convex,50.0,49.0,100.0,97.13,Uncoated,200.0,2200.0,587.6,1,90.38,-90.38,,Fused Silica (Corning 7980),,8.25,,UV-Fused-Silica-Double-Convex-DCX-Lenses.xlsx,EO_2028,232,2f0c00e1f3686328cdd7bced2b271ab6acc9152f804f974a74f15c4383f7a188,2026-08-12T16:25:48.722572+00:00
Edmund Optics,22-428,TS 合成石英製両凸レンズ 50 x 150,double_convex,50.0,49.0,150.0,148.0,Uncoated,200.0,2200.0,587.6,1,136.62,-136.62,,Fused Silica (Corning 7980),,5.81,,UV-Fused-Silica-Double-Convex-DCX-Lenses.xlsx,EO_2028,237,2f0c00e1f3686328cdd7bced2b271ab6acc9152f804f974a74f15c4383f7a188,2026-08-12T16:25:48.722572+00:00
Edmund Optics,22-429,TS 合成石英製両凸レンズ 50 x 200,double_convex,50.0,49.0,200.0,198.39,Uncoated,200.0,2200.0,587.6,1,182.65,-182.65,,Fused Silica (Corning 7980),,4.67,,UV-Fused-Silica-Double-Convex-DCX-Lenses.xlsx,EO_2028,242,2f0c00e1f3686328cdd7bced2b271ab6acc9152f804f974a74f15c4383f7a188,2026-08-12T16:25:48.722572+00:00
Edmund Optics,22-563,ベストフォーム球面レンズ 12.5 x 20,double_convex,12.5,11.25,20.0,17.8,Uncoated,200.0,2200.0,587.6,1,41.26,-11.43,,Fused Silica,,4.0,,Best-Form-Spherical-Lenses.xlsx,EO_4353,2,b0805a1ac746c329134b2da9a4f15a46f5ff360bb8f1c722d6bdf88326da35a2,2026-08-12T16:25:48.722572+00:00
Edmund Optics,22-564,ベストフォーム球面レンズ 12.5 x 25,double_convex,12.5,11.25,25.0,22.79,Uncoated,200.0,2200.0,587.6,1,54.52,-14.18,,Fused Silica,,4.0,,Best-Form-Spherical-Lenses.xlsx,EO_4353,3,b0805a1ac746c329134b2da9a4f15a46f5ff360bb8f1c722d6bdf88326da35a2,2026-08-12T16:25:48.722572+00:00
Edmund Optics,22-565,ベストフォーム球面レンズ 12.5 x 40,double_convex,12.5,11.25,40.0,38.65,Uncoated,200.0,2200.0,587.6,1,98.15,-22.38,,Fused Silica,,2.4,,Best-Form-Spherical-Lenses.xlsx,EO_4353,4,b0805a1ac746c329134b2da9a4f15a46f5ff360bb8f1c722d6bdf88326da35a2,2026-08-12T16:25:48.722572+00:00
Edmund Optics,22-566,ベストフォーム球面レンズ 12.5 x 50,double_convex,12.5,11.25,50.0,48.81,Uncoated,200.0,2200.0,587.6,1,125.0,-27.92,,Fused Silica,,2.1,,Best-Form-Spherical-Lenses.xlsx,EO_4353,5,b0805a1ac746c329134b2da9a4f15a46f5ff360bb8f1c722d6bdf88326da35a2,2026-08-12T16:25:48.722572+00:00
Edmund Optics,22-569,ベストフォーム球面レンズ 25 x 40,double_convex,25.0,22.5,40.0,35.06,Uncoated,200.0,2200.0,587.6,1,80.56,-22.91,,Fused Silica,,9.0,,Best-Form-Spherical-Lenses.xlsx,EO_4353,6,b0805a1ac746c329134b2da9a4f15a46f5ff360bb8f1c722d6bdf88326da35a2,2026-08-12T16:25:48.722572+00:00
Edmund Optics,22-570,ベストフォーム球面レンズ 25 x 50,double_convex,25.0,22.5,50.0,45.02,Uncoated,200.0,2200.0,587.6,1,106.9,-28.41,,Fused Silica,,9.0,,Best-Form-Spherical-Lenses.xlsx,EO_4353,7,b0805a1ac746c329134b2da9a4f15a46f5ff360bb8f1c722d6bdf88326da35a2,2026-08-12T16:25:48.722572+00:00
Edmund Optics,22-571,ベストフォーム球面レンズ 25 x 75,double_convex,25.0,22.5,75.0,72.76,Uncoated,200.0,2200.0,587.6,1,185.0,-41.95,,Fused Silica,,4.0,,Best-Form-Spherical-Lenses.xlsx,EO_4353,8,b0805a1ac746c329134b2da9a4f15a46f5ff360bb8f1c722d6bdf88326da35a2,2026-08-12T16:25:48.722572+00:00
Edmund Optics,22-572,ベストフォーム球面レンズ 25 x 100,double_convex,25.0,22.5,100.0,98.31,Uncoated,200.0,2200.0,587.6,1,253.56,-55.76,,Fused Silica,,3.0,,Best-Form-Spherical-Lenses.xlsx,EO_4353,9,b0805a1ac746c329134b2da9a4f15a46f5ff360bb8f1c722d6bdf88326da35a2,2026-08-12T16:25:48.722572+00:00
Edmund Optics,26-600,TS 合成石英製両凸レンズ 30 x 30 UV-AR,double_convex,30.0,29.0,30.0,25.12,UV-AR (250-425nm),250.0,425.0,587.6,1,45.61,-45.61,,Fused Silica (Corning 7980),,13.08,,UV-Fused-Silica-Double-Convex-DCX-Lenses.xlsx,EO_2028,218,2f0c00e1f3686328cdd7bced2b271ab6acc9152f804f974a74f15c4383f7a188,2026-08-12T16:25:48.722572+00:00
Edmund Optics,26-601,TS 合成石英製両凸レンズ 40 x 40 UV-AR,double_convex,40.0,39.0,40.0,33.49,UV-AR (250-425nm),250.0,425.0,587.6,1,33.69,-33.69,,Fused Silica (Corning 7980),,17.44,,UV-Fused-Silica-Double-Convex-DCX-Lenses.xlsx,EO_2028,223,2f0c00e1f3686328cdd7bced2b271ab6acc9152f804f974a74f15c4383f7a188,2026-08-12T16:25:48.722572+00:00
Edmund Optics,26-602,TS 合成石英製両凸レンズ 50 x 50 UV-AR,double_convex,50.0,49.0,50.0,41.87,UV-AR (250-425nm),250.0,425.0,587.6,1,42.12,-42.12,,Fused Silica (Corning 7980),,21.8,,UV-Fused-Silica-Double-Convex-DCX-Lenses.xlsx,EO_2028,228,2f0c00e1f3686328cdd7bced2b271ab6acc9152f804f974a74f15c4383f7a188,2026-08-12T16:25:48.722572+00:00
Edmund Optics,26-603,TS 合成石英製両凸レンズ 50 x 100 UV-AR,double_convex,50.0,49.0,100.0,97.13,UV-AR (250-425nm),250.0,425.0,587.6,1,90.38,-90.38,,Fused Silica (Corning 7980),,8.25,,UV-Fused-Silica-Double-Convex-DCX-Lenses.xlsx,EO_2028,233,2f0c00e1f3686328cdd7bced2b271ab6acc9152f804f974a74f15c4383f7a188,2026-08-12T16:25:48.722572+00:00
Edmund Optics,26-604,TS 合成石英製両凸レンズ 50 x 150 UV-AR,double_convex,50.0,49.0,150.0,148.0,UV-AR (250-425nm),250.0,425.0,587.6,1,136.62,-136.62,,Fused Silica (Corning 7980),,5.81,,UV-Fused-Silica-Double-Convex-DCX-Lenses.xlsx,EO_2028,238,2f0c00e1f3686328cdd7bced2b271ab6acc9152f804f974a74f15c4383f7a188,2026-08-12T16:25:48.722572+00:00
Edmund Optics,26-605,TS 合成石英製両凸レンズ 50 x 200 UV-AR,double_convex,50.0,49.0,200.0,198.39,UV-AR (250-425nm),250.0,425.0,587.6,1,182.65,-182.65,,Fused Silica (Corning 7980),,4.67,,UV-Fused-Silica-Double-Convex-DCX-Lenses.xlsx,EO_2028,243,2f0c00e1f3686328cdd7bced2b271ab6acc9152f804f974a74f15c4383f7a188,2026-08-12T16:25:48.722572+00:00
Edmund Optics,26-606,TS 合成石英製両凸レンズ 30 x 30 UV-VIS,double_convex,30.0,29.0,30.0,25.12,UV-VIS (250-700nm),250.0,700.0,587.6,1,45.61,-45.61,,Fused Silica (Corning 7980),,13.08,,UV-Fused-Silica-Double-Convex-DCX-Lenses.xlsx,EO_2028,219,2f0c00e1f3686328cdd7bced2b271ab6acc9152f804f974a74f15c4383f7a188,2026-08-12T16:25:48.722572+00:00
Edmund Optics,26-607,TS 合成石英製両凸レンズ 40 x 40 UV-VIS,double_convex,40.0,39.0,40.0,33.49,UV-VIS (250-700nm),250.0,700.0,587.6,1,33.69,-33.69,,Fused Silica (Corning 7980),,17.44,,UV-Fused-Silica-Double-Convex-DCX-Lenses.xlsx,EO_2028,224,2f0c00e1f3686328cdd7bced2b271ab6acc9152f804f974a74f15c4383f7a188,2026-08-12T16:25:48.722572+00:00
Edmund Optics,26-608,TS 合成石英製両凸レンズ 50 x 50 UV-VIS,double_convex,50.0,49.0,50.0,41.87,UV-VIS (250-700nm),250.0,700.0,587.6,1,42.12,-42.12,,Fused Silica (Corning 7980),,21.8,,UV-Fused-Silica-Double-Convex-DCX-Lenses.xlsx,EO_2028,229,2f0c00e1f3686328cdd7bced2b271ab6acc9152f804f974a74f15c4383f7a188,2026-08-12T16:25:48.722572+00:00
Edmund Optics,26-609,TS 合成石英製両凸レンズ 50 x 100 UV-VIS,double_convex,50.0,49.0,100.0,97.13,UV-VIS (250-700nm),250.0,700.0,587.6,1,90.38,-90.38,,Fused Silica (Corning 7980),,8.25,,UV-Fused-Silica-Double-Convex-DCX-Lenses.xlsx,EO_2028,234,2f0c00e1f3686328cdd7bced2b271ab6acc9152f804f974a74f15c4383f7a188,2026-08-12T16:25:48.722572+00:00
Edmund Optics,26-610,TS 合成石英製両凸レンズ 50 x 150 UV-VIS,double_convex,50.0,49.0,150.0,148.0,UV-VIS (250-700nm),250.0,700.0,587.6,1,136.62,-136.62,,Fused Silica (Corning 7980),,5.81,,UV-Fused-Silica-Double-Convex-DCX-Lenses.xlsx,EO_2028,239,2f0c00e1f3686328cdd7bced2b271ab6acc9152f804f974a74f15c4383f7a188,2026-08-12T16:25:48.722572+00:00
Edmund Optics,26-611,TS 合成石英製両凸レンズ 50 x 200 UV-VIS,double_convex,50.0,49.0,200.0,198.39,UV-VIS (250-700nm),250.0,700.0,587.6,1,182.65,-182.65,,Fused Silica (Corning 7980),,4.67,,UV-Fused-Silica-Double-Convex-DCX-Lenses.xlsx,EO_2028,244,2f0c00e1f3686328cdd7bced2b271ab6acc9152f804f974a74f15c4383f7a188,2026-08-12T16:25:48.722572+00:00
Edmund Optics,26-612,TS 合成石英製両凸レンズ 30 x 30 VIS 0°,double_convex,30.0,29.0,30.0,25.12,VIS 0° (425-675nm),425.0,675.0,587.6,1,45.61,-45.61,,Fused Silica (Corning 7980),,13.08,,UV-Fused-Silica-Double-Convex-DCX-Lenses.xlsx,EO_2028,220,2f0c00e1f3686328cdd7bced2b271ab6acc9152f804f974a74f15c4383f7a188,2026-08-12T16:25:48.722572+00:00
Edmund Optics,26-613,TS 合成石英製両凸レンズ 40 x 40 VIS 0°,double_convex,40.0,39.0,40.0,33.49,VIS 0° (425-675nm),425.0,675.0,587.6,1,33.69,-33.69,,Fused Silica (Corning 7980),,17.44,,UV-Fused-Silica-Double-Convex-DCX-Lenses.xlsx,EO_2028,225,2f0c00e1f3686328cdd7bced2b271ab6acc9152f804f974a74f15c4383f7a188,2026-08-12T16:25:48.722572+00:00
Edmund Optics,26-614,TS 合成石英製両凸レンズ 50 x 50 VIS 0°,double_convex,50.0,49.0,50.0,41.87,VIS 0° (425-675nm),425.0,675.0,587.6,1,42.12,-42.12,,Fused Silica (Corning 7980),,21.8,,UV-Fused-Silica-Double-Convex-DCX-Lenses.xlsx,EO_2028,230,2f0c00e1f3686328cdd7bced2b271ab6acc9152f804f974a74f15c4383f7a188,2026-08-12T16:25:48.722572+00:00
Edmund Optics,26-615,TS 合成石英製両凸レンズ 50 x 100 VIS 0°,double_convex,50.0,49.0,100.0,97.13,VIS 0° (425-675nm),425.0,675.0,587.6,1,90.38,-90.38,,Fused Silica (Corning 7980),,8.25,,UV-Fused-Silica-Double-Convex-DCX-Lenses.xlsx,EO_2028,235,2f0c00e1f3686328cdd7bced2b271ab6acc9152f804f974a74f15c4383f7a188,2026-08-12T16:25:48.722572+00:00
Edmund Optics,26-616,TS 合成石英製両凸レンズ 50 x 150 VIS 0°,double_convex,50.0,49.0,150.0,148.0,VIS 0° (425-675nm),425.0,675.0,587.6,1,136.62,-136.62,,Fused Silica (Corning 7980),,5.81,,UV-Fused-Silica-Double-Convex-DCX-Lenses.xlsx,EO_2028,240,2f0c00e1f3686328cdd7bced2b271ab6acc9152f804f974a74f15c4383f7a188,2026-08-12T16:25:48.722572+00:00
Edmund Optics,26-617,TS 合成石英製両凸レンズ 50 x 200 VIS 0°,double_convex,50.0,49.0,200.0,198.39,VIS 0° (425-675nm),425.0,675.0,587.6,1,205.86,-205.86,,Fused Silica (Corning 7980),,4.67,,UV-Fused-Silica-Double-Convex-DCX-Lenses.xlsx,EO_2028,245,2f0c00e1f3686328cdd7bced2b271ab6acc9152f804f974a74f15c4383f7a188,2026-08-12T16:25:48.722572+00:00
Edmund Optics,26-618,TS 合成石英製両凸レンズ 30 x 30 VIS-NIR,double_convex,30.0,29.0,30.0,25.12,VIS-NIR (400-1000nm),400.0,1000.0,587.6,1,45.61,-45.61,,Fused Silica (Corning 7980),,13.08,,UV-Fused-Silica-Double-Convex-DCX-Lenses.xlsx,EO_2028,221,2f0c00e1f3686328cdd7bced2b271ab6acc9152f804f974a74f15c4383f7a188,2026-08-12T16:25:48.722572+00:00
Edmund Optics,26-619,TS 合成石英製両凸レンズ 40 x 40 VIS-NIR,double_convex,40.0,39.0,40.0,33.49,VIS-NIR (400-1000nm),400.0,1000.0,587.6,1,33.69,-33.69,,Fused Silica (Corning 7980),,17.44,,UV-Fused-Silica-Double-Convex-DCX-Lenses.xlsx,EO_2028,226,2f0c00e1f3686328cdd7bced2b271ab6acc9152f804f974a74f15c4383f7a188,2026-08-12T16:25:48.722572+00:00
Edmund Optics,26-620,TS 合成石英製両凸レンズ 50 x 50 VIS-NIR,double_convex,50.0,49.0,50.0,41.87,VIS-NIR (400-1000nm),400.0,1000.0,587.6,1,42.12,-42.12,,Fused Silica (Corning 7980),,21.8,,UV-Fused-Silica-Double-Convex-DCX-Lenses.xlsx,EO_2028,231,2f0c00e1f3686328cdd7bced2b271ab6acc9152f804f974a74f15c4383f7a188,2026-08-12T16:25:48.722572+00:00
Edmund Optics,26-621,TS 合成石英製両凸レンズ 50 x 100 VIS-NIR,double_convex,50.0,49.0,100.0,97.13,VIS-NIR (400-1000nm),400.0,1000.0,587.6,1,90.38,-90.38,,Fused Silica (Corning 7980),,8.25,,UV-Fused-Silica-Double-Convex-DCX-Lenses.xlsx,EO_2028,236,2f0c00e1f3686328cdd7bced2b271ab6acc9152f804f974a74f15c4383f7a188,2026-08-12T16:25:48.722572+00:00
Edmund Optics,26-622,TS 合成石英製両凸レンズ 50 x 150 VIS-NIR,double_convex,50.0,49.0,150.0,148.0,VIS-NIR (400-1000nm),400.0,1000.0,587.6,1,136.62,-136.62,,Fused Silica (Corning 7980),,5.81,,UV-Fused-Silica-Double-Convex-DCX-Lenses.xlsx,EO_2028,241,2f0c00e1f3686328cdd7bced2b271ab6acc9152f804f974a74f15c4383f7a188,2026-08-12T16:25:48.722572+00:00
Edmund Optics,26-623,TS 合成石英製両凸レンズ 50 x 200 VIS-NIR,double_convex,50.0,49.0,200.0,198.39,VIS-NIR (400-1000nm),400.0,1000.0,587.6,1,182.65,-182.65,,Fused Silica (Corning 7980),,4.67,,UV-Fused-Silica-Double-Convex-DCX-Lenses.xlsx,EO_2028,246,2f0c00e1f3686328cdd7bced2b271ab6acc9152f804f974a74f15c4383f7a188,2026-08-12T16:25:48.722572+00:00
Edmund Optics,33-354,TS 平凸レンズ 12 x 36 VIS 0°,plano_convex,12.0,11.0,36.0,34.02,VIS 0° (425-675nm),425.0,675.0,,1,18.61,,,N-BK7,,3.0,,VIS-0-Coated-Plano-Convex-PCX-Lenses (2).xlsx,EO_2537,95,0497fb07d22d8e1d9c87c6088d733ef8f25480109b030c1d1dbeeb0198553764,2026-08-12T16:25:48.722572+00:00
Edmund Optics,33-360,TS 平凸レンズ 25 x 200 VIS 0°,plano_convex,25.0,24.0,200.0,197.89,VIS 0° (425-675nm),425.0,675.0,,1,103.36,,,N-BK7,,3.2,,VIS-0-Coated-Plano-Convex-PCX-Lenses (2).xlsx,EO_2537,175,0497fb07d22d8e1d9c87c6088d733ef8f25480109b030c1d1dbeeb0198553764,2026-08-12T16:25:48.722572+00:00
Edmund Optics,33-366,TS 平凸レンズ 25 x 400 VIS 0°,plano_convex,25.0,24.0,400.0,397.89,VIS 0° (425-675nm),425.0,675.0,,1,206.72,,,N-BK7,,3.2,,VIS-0-Coated-Plano-Convex-PCX-Lenses (2).xlsx,EO_2537,178,0497fb07d22d8e1d9c87c6088d733ef8f25480109b030c1d1dbeeb0198553764,2026-08-12T16:25:48.722572+00:00
Edmund Optics,33-372,TS 平凸レンズ 40 x 100 VIS 0°,plano_convex,40.0,39.0,100.0,95.39,VIS 0° (425-675nm),425.0,675.0,,1,51.68,,,N-BK7,,7.0,,VIS-0-Coated-Plano-Convex-PCX-Lenses (2).xlsx,EO_2537,208,0497fb07d22d8e1d9c87c6088d733ef8f25480109b030c1d1dbeeb0198553764,2026-08-12T16:25:48.722572+00:00
Edmund Optics,33-378,TS 平凸レンズ 40 x 200 VIS 0°,plano_convex,40.0,39.0,200.0,196.7,VIS 0° (425-675nm),425.0,675.0,,1,103.36,,,N-BK7,,5.0,,VIS-0-Coated-Plano-Convex-PCX-Lenses (2).xlsx,EO_2537,209,0497fb07d22d8e1d9c87c6088d733ef8f25480109b030c1d1dbeeb0198553764,2026-08-12T16:25:48.722572+00:00
Edmund Optics,33-384,TS 平凸レンズ 40 x 80 VIS 0°,plano_convex,40.0,39.0,80.0,74.73,VIS 0° (425-675nm),425.0,675.0,,1,41.34,,,N-BK7,,8.0,,VIS-0-Coated-Plano-Convex-PCX-Lenses (2).xlsx,EO_2537,207,0497fb07d22d8e1d9c87c6088d733ef8f25480109b030c1d1dbeeb0198553764,2026-08-12T16:25:48.722572+00:00
Edmund Optics,33-390,TS 両凸レンズ 12 x 24 VIS 0°,double_convex,12.0,11.0,24.0,22.65,VIS 0° (425-675nm),425.0,675.0,587.6,1,24.108,-24.108,,N-BK7,,4.0,,VIS-0-Coated-Double-Convex-DCX-Lenses (2).xlsx,EO_2538,36,cb466b524f464c7ffdace4dc1ea14ba24469dc445b22a90800d1bdd5d0901a4f,2026-08-12T16:25:48.722572+00:00
Edmund Optics,33-396,TS 両凸レンズ 25 x 200 VIS 0°,double_convex,25.0,24.0,200.0,198.35,VIS 0° (425-675nm),425.0,675.0,587.6,1,205.865,-205.865,,N-BK7,,5.0,,VIS-0-Coated-Double-Convex-DCX-Lenses (2).xlsx,EO_2538,69,cb466b524f464c7ffdace4dc1ea14ba24469dc445b22a90800d1bdd5d0901a4f,2026-08-12T16:25:48.722572+00:00
Edmund Optics,33-408,TS 両凸レンズ 40 x 100 VIS 0°,double_convex,40.0,39.0,100.0,97.33,VIS 0° (425-675nm),425.0,675.0,587.6,1,101.98,-101.98,,N-BK7,,8.0,,VIS-0-Coated-Double-Convex-DCX-Lenses (2).xlsx,EO_2538,79,cb466b524f464c7ffdace4dc1ea14ba24469dc445b22a90800d1bdd5d0901a4f,2026-08-12T16:25:48.722572+00:00
Edmund Optics,33-414,TS 両凸レンズ 40 x 200 VIS 0°,double_convex,40.0,39.0,200.0,197.35,VIS 0° (425-675nm),425.0,675.0,587.6,1,205.35,-205.35,,N-BK7,,8.0,,VIS-0-Coated-Double-Convex-DCX-Lenses (2).xlsx,EO_2538,81,cb466b524f464c7ffdace4dc1ea14ba24469dc445b22a90800d1bdd5d0901a4f,2026-08-12T16:25:48.722572+00:00
Edmund Optics,33-421,TS 両凸レンズ 40 x 80 VIS 0°,double_convex,40.0,39.0,80.0,77.32,VIS 0° (425-675nm),425.0,675.0,587.6,1,81.3,-81.3,,N-BK7,,8.0,,VIS-0-Coated-Double-Convex-DCX-Lenses (2).xlsx,EO_2538,78,cb466b524f464c7ffdace4dc1ea14ba24469dc445b22a90800d1bdd5d0901a4f,2026-08-12T16:25:48.722572+00:00
Edmund Optics,33-920,TS アクロマティックレンズ 30 x 40 VIS 0°,achromatic_doublet,30.0,29.0,40.0,31.14,VIS 0° (425-675nm),425.0,675.0,587.6,1,25.62,-25.62,-144.37,N-BAF10,N-SF57,10.9,4.6,VIS-0-Coated-Achromatic-Lenses (2).xlsx,EO_2684,121,9a52c3d44bd8ad4b44aecf8b4789df8e28d48871c6358bd835e9df86c0847f5b,2026-08-12T16:25:48.722572+00:00
Edmund Optics,33-921,TS アクロマティックレンズ 75 x 100 VIS 0°,achromatic_doublet,75.0,73.5,100.0,78.32,VIS 0° (425-675nm),425.0,675.0,587.6,1,64.67,-64.67,-343.59,N-BAF10,N-SF57,26.0,12.7,VIS-0-Coated-Achromatic-Lenses (2).xlsx,EO_2684,150,9a52c3d44bd8ad4b44aecf8b4789df8e28d48871c6358bd835e9df86c0847f5b,2026-08-12T16:25:48.722572+00:00
Edmund Optics,33-922,TS アクロマティックレンズ 75 x 150 VIS 0°,achromatic_doublet,75.0,73.5,150.0,126.46,VIS 0° (425-675nm),425.0,675.0,587.6,1,92.05,-72.85,-305.87,N-BAF10,N-SF57,23.2,23.1,VIS-0-Coated-Achromatic-Lenses (2).xlsx,EO_2684,151,9a52c3d44bd8ad4b44aecf8b4789df8e28d48871c6358bd835e9df86c0847f5b,2026-08-12T16:25:48.722572+00:00
Edmund Optics,36-715,TS 合成石英製平凸レンズ 6 x 21 VIS 0°,plano_convex,6.0,5.4,21.0,19.63,VIS 0° (425-675nm),425.0,675.0,,1,9.63,,,Fused Silica (Corning 7980),,2.0,,UV-Fused-Silica-Plano-Convex-PCX-Lenses---VIS-0-Coated.xlsx,EO_4231,16,3548099bb884d8d2457e74014505d75cbb9e414ae64827523c48588ec7646988,2026-08-12T16:25:48.722572+00:00
Edmund Optics,36-716,TS 合成石英製平凸レンズ 6 x 36 VIS 0°,plano_convex,6.0,5.4,36.0,34.63,VIS 0° (425-675nm),425.0,675.0,,1,16.51,,,Fused Silica (Corning 7980),,2.0,,UV-Fused-Silica-Plano-Convex-PCX-Lenses---VIS-0-Coated.xlsx,EO_4231,18,3548099bb884d8d2457e74014505d75cbb9e414ae64827523c48588ec7646988,2026-08-12T16:25:48.722572+00:00
Edmund Optics,36-717,TS 合成石英製平凸レンズ 9 x 22 VIS 0°,plano_convex,9.0,8.1,22.0,19.94,VIS 0° (425-675nm),425.0,675.0,,1,10.09,,,Fused Silica (Corning 7980),,3.0,,UV-Fused-Silica-Plano-Convex-PCX-Lenses---VIS-0-Coated.xlsx,EO_4231,22,3548099bb884d8d2457e74014505d75cbb9e414ae64827523c48588ec7646988,2026-08-12T16:25:48.722572+00:00
Edmund Optics,36-718,TS 合成石英製平凸レンズ 10 x 20 VIS 0°,plano_convex,10.0,9.0,20.0,17.94,VIS 0° (425-675nm),425.0,675.0,,1,9.17,,,Fused Silica (Corning 7980),,3.0,,UV-Fused-Silica-Plano-Convex-PCX-Lenses---VIS-0-Coated.xlsx,EO_4231,25,3548099bb884d8d2457e74014505d75cbb9e414ae64827523c48588ec7646988,2026-08-12T16:25:48.722572+00:00
Edmund Optics,36-719,TS 合成石英製平凸レンズ 10 x 25 VIS 0°,plano_convex,10.0,9.0,25.0,22.94,VIS 0° (425-675nm),425.0,675.0,,1,11.46,,,Fused Silica (Corning 7980),,3.0,,UV-Fused-Silica-Plano-Convex-PCX-Lenses---VIS-0-Coated.xlsx,EO_4231,26,3548099bb884d8d2457e74014505d75cbb9e414ae64827523c48588ec7646988,2026-08-12T16:25:48.722572+00:00
Edmund Optics,36-720,TS 合成石英製平凸レンズ 12 x 72 VIS 0°,plano_convex,12.0,11.0,72.0,70.29,VIS 0° (425-675nm),425.0,675.0,,1,33.01,,,Fused Silica (Corning 7980),,2.5,,UV-Fused-Silica-Plano-Convex-PCX-Lenses---VIS-0-Coated.xlsx,EO_4231,33,3548099bb884d8d2457e74014505d75cbb9e414ae64827523c48588ec7646988,2026-08-12T16:25:48.722572+00:00
Edmund Optics,36-721,TS 合成石英製平凸レンズ 12 x 84 VIS 0°,plano_convex,12.0,11.0,84.0,82.28,VIS 0° (425-675nm),425.0,675.0,,1,38.51,,,Fused Silica (Corning 7980),,2.5,,UV-Fused-Silica-Plano-Convex-PCX-Lenses---VIS-0-Coated.xlsx,EO_4231,34,3548099bb884d8d2457e74014505d75cbb9e414ae64827523c48588ec7646988,2026-08-12T16:25:48.722572+00:00
Edmund Optics,36-722,TS 合成石英製平凸レンズ 18 x 27 VIS 0°,plano_convex,18.0,17.0,27.0,23.23,VIS 0° (425-675nm),425.0,675.0,,1,12.38,,,Fused Silica (Corning 7980),,5.5,,UV-Fused-Silica-Plano-Convex-PCX-Lenses---VIS-0-Coated.xlsx,EO_4231,41,3548099bb884d8d2457e74014505d75cbb9e414ae64827523c48588ec7646988,2026-08-12T16:25:48.722572+00:00
Edmund Optics,36-723,TS 合成石英製平凸レンズ 18 x 36 VIS 0°,plano_convex,18.0,17.0,36.0,32.92,VIS 0° (425-675nm),425.0,675.0,,1,16.51,,,Fused Silica (Corning 7980),,4.5,,UV-Fused-Silica-Plano-Convex-PCX-Lenses---VIS-0-Coated.xlsx,EO_4231,42,3548099bb884d8d2457e74014505d75cbb9e414ae64827523c48588ec7646988,2026-08-12T16:25:48.722572+00:00
Edmund Optics,36-724,TS 合成石英製平凸レンズ 18 x 54 VIS 0°,plano_convex,18.0,17.0,54.0,51.6,VIS 0° (425-675nm),425.0,675.0,,1,24.76,,,Fused Silica (Corning 7980),,3.5,,UV-Fused-Silica-Plano-Convex-PCX-Lenses---VIS-0-Coated.xlsx,EO_4231,43,3548099bb884d8d2457e74014505d75cbb9e414ae64827523c48588ec7646988,2026-08-12T16:25:48.722572+00:00
Edmund Optics,36-725,TS 合成石英製平凸レンズ 25 x 35 VIS 0°,plano_convex,25.0,24.0,35.0,29.17,VIS 0° (425-675nm),425.0,675.0,,1,16.05,,,Fused Silica (Corning 7980),,8.5,,UV-Fused-Silica-Plano-Convex-PCX-Lenses---VIS-0-Coated.xlsx,EO_4231,50,3548099bb884d8d2457e74014505d75cbb9e414ae64827523c48588ec7646988,2026-08-12T16:25:48.722572+00:00
Edmund Optics,36-726,TS 合成石英製平凸レンズ 25 x 40 VIS 0°,plano_convex,25.0,24.0,40.0,34.86,VIS 0° (425-675nm),425.0,675.0,,1,18.34,,,Fused Silica (Corning 7980),,7.5,,UV-Fused-Silica-Plano-Convex-PCX-Lenses---VIS-0-Coated.xlsx,EO_4231,52,3548099bb884d8d2457e74014505d75cbb9e414ae64827523c48588ec7646988,2026-08-12T16:25:48.722572+00:00
Edmund Optics,38-272,TS 平凸レンズ 6 x 10 VIS 0°,plano_convex,6.0,5.4,10.0,8.82,VIS 0° (425-675nm),425.0,675.0,,1,5.17,,,N-BK7,,1.8,,VIS-0-Coated-Plano-Convex-PCX-Lenses (2).xlsx,EO_2537,43,0497fb07d22d8e1d9c87c6088d733ef8f25480109b030c1d1dbeeb0198553764,2026-08-12T16:25:48.722572+00:00
Edmund Optics,38-273,TS 平凸レンズ 6 x 20 VIS 0°,plano_convex,6.0,5.4,20.0,19.04,VIS 0° (425-675nm),425.0,675.0,,1,10.34,,,N-BK7,,1.45,,VIS-0-Coated-Plano-Convex-PCX-Lenses (2).xlsx,EO_2537,47,0497fb07d22d8e1d9c87c6088d733ef8f25480109b030c1d1dbeeb0198553764,2026-08-12T16:25:48.722572+00:00
Edmund Optics,38-275,TS 平凸レンズ 6 x 25 VIS 0°,plano_convex,6.0,5.4,25.0,24.04,VIS 0° (425-675nm),425.0,675.0,,1,12.92,,,N-BK7,,1.45,,VIS-0-Coated-Plano-Convex-PCX-Lenses (2).xlsx,EO_2537,50,0497fb07d22d8e1d9c87c6088d733ef8f25480109b030c1d1dbeeb0198553764,2026-08-12T16:25:48.722572+00:00
Edmund Optics,38-276,TS 平凸レンズ 9 x 10 VIS 0°,plano_convex,9.0,8.1,10.0,8.49,VIS 0° (425-675nm),425.0,675.0,,1,7.85,,,N-SF11,,2.7,,VIS-0-Coated-Plano-Convex-PCX-Lenses (2).xlsx,EO_2537,63,0497fb07d22d8e1d9c87c6088d733ef8f25480109b030c1d1dbeeb0198553764,2026-08-12T16:25:48.722572+00:00
Edmund Optics,38-277,TS 平凸レンズ 9 x 20 VIS 0°,plano_convex,9.0,8.1,20.0,18.55,VIS 0° (425-675nm),425.0,675.0,,1,10.34,,,N-BK7,,2.2,,VIS-0-Coated-Plano-Convex-PCX-Lenses (2).xlsx,EO_2537,68,0497fb07d22d8e1d9c87c6088d733ef8f25480109b030c1d1dbeeb0198553764,2026-08-12T16:25:48.722572+00:00
Edmund Optics,38-278,TS 平凸レンズ 9 x 25 VIS 0°,plano_convex,9.0,8.1,25.0,23.68,VIS 0° (425-675nm),425.0,675.0,,1,12.92,,,N-BK7,,2.0,,VIS-0-Coated-Plano-Convex-PCX-Lenses (2).xlsx,EO_2537,70,0497fb07d22d8e1d9c87c6088d733ef8f25480109b030c1d1dbeeb0198553764,2026-08-12T16:25:48.722572+00:00
Edmund Optics,38-279,TS 平凸レンズ 10 x 12.5 VIS 0°,plano_convex,10.0,9.0,12.5,10.99,VIS 0° (425-675nm),425.0,675.0,,1,9.81,,,N-SF11,,2.7,,VIS-0-Coated-Plano-Convex-PCX-Lenses (2).xlsx,EO_2537,78,0497fb07d22d8e1d9c87c6088d733ef8f25480109b030c1d1dbeeb0198553764,2026-08-12T16:25:48.722572+00:00
Edmund Optics,38-280,TS 平凸レンズ 10 x 17.5 VIS 0°,plano_convex,10.0,9.0,17.5,15.66,VIS 0° (425-675nm),425.0,675.0,,1,9.05,,,N-BK7,,2.8,,VIS-0-Coated-Plano-Convex-PCX-Lenses (2).xlsx,EO_2537,80,0497fb07d22d8e1d9c87c6088d733ef8f25480109b030c1d1dbeeb0198553764,2026-08-12T16:25:48.722572+00:00
Edmund Optics,38-281,TS 平凸レンズ 12 x 25 VIS 0°,plano_convex,12.0,11.0,25.0,23.22,VIS 0° (425-675nm),425.0,675.0,,1,12.92,,,N-BK7,,2.7,,VIS-0-Coated-Plano-Convex-PCX-Lenses (2).xlsx,EO_2537,93,0497fb07d22d8e1d9c87c6088d733ef8f25480109b030c1d1dbeeb0198553764,2026-08-12T16:25:48.722572+00:00
Edmund Optics,38-282,TS 平凸レンズ 12 x 50 VIS 0°,plano_convex,12.0,11.0,50.0,48.75,VIS 0° (425-675nm),425.0,675.0,,1,25.84,,,N-BK7,,1.9,,VIS-0-Coated-Plano-Convex-PCX-Lenses (2).xlsx,EO_2537,98,0497fb07d22d8e1d9c87c6088d733ef8f25480109b030c1d1dbeeb0198553764,2026-08-12T16:25:48.722572+00:00
Edmund Optics,38-283,TS 平凸レンズ 12.5 x 12.5 VIS 0°,plano_convex,12.5,11.5,12.5,10.4,VIS 0° (425-675nm),425.0,675.0,,1,9.81,,,N-SF11,,3.75,,VIS-0-Coated-Plano-Convex-PCX-Lenses (2).xlsx,EO_2537,104,0497fb07d22d8e1d9c87c6088d733ef8f25480109b030c1d1dbeeb0198553764,2026-08-12T16:25:48.722572+00:00
Edmund Optics,38-285,TS 平凸レンズ 12.5 x 15 VIS 0°,plano_convex,12.5,11.5,15.0,13.26,VIS 0° (425-675nm),425.0,675.0,,1,11.77,,,N-SF11,,3.1,,VIS-0-Coated-Plano-Convex-PCX-Lenses (2).xlsx,EO_2537,105,0497fb07d22d8e1d9c87c6088d733ef8f25480109b030c1d1dbeeb0198553764,2026-08-12T16:25:48.722572+00:00
Edmund Optics,38-287,TS 平凸レンズ 12.5 x 17.5 VIS 0°,plano_convex,12.5,11.5,17.5,15.0,VIS 0° (425-675nm),425.0,675.0,,1,9.05,,,N-BK7,,3.8,,VIS-0-Coated-Plano-Convex-PCX-Lenses (2).xlsx,EO_2537,106,0497fb07d22d8e1d9c87c6088d733ef8f25480109b030c1d1dbeeb0198553764,2026-08-12T16:25:48.722572+00:00
Edmund Optics,38-288,TS 平凸レンズ 12.5 x 20 VIS 0°,plano_convex,12.5,11.5,20.0,17.69,VIS 0° (425-675nm),425.0,675.0,,1,10.34,,,N-BK7,,3.5,,VIS-0-Coated-Plano-Convex-PCX-Lenses (2).xlsx,EO_2537,107,0497fb07d22d8e1d9c87c6088d733ef8f25480109b030c1d1dbeeb0198553764,2026-08-12T16:25:48.722572+00:00
Edmund Optics,38-290,TS 平凸レンズ 12.5 x 25 VIS 0°,plano_convex,12.5,11.5,25.0,22.96,VIS 0° (425-675nm),425.0,675.0,,1,12.92,,,N-BK7,,3.1,,VIS-0-Coated-Plano-Convex-PCX-Lenses (2).xlsx,EO_2537,108,0497fb07d22d8e1d9c87c6088d733ef8f25480109b030c1d1dbeeb0198553764,2026-08-12T16:25:48.722572+00:00
Edmund Optics,38-291,TS 平凸レンズ 12.5 x 30 VIS 0°,plano_convex,12.5,11.5,30.0,28.22,VIS 0° (425-675nm),425.0,675.0,,1,15.51,,,N-BK7,,2.7,,VIS-0-Coated-Plano-Convex-PCX-Lenses (2).xlsx,EO_2537,109,0497fb07d22d8e1d9c87c6088d733ef8f25480109b030c1d1dbeeb0198553764,2026-08-12T16:25:48.722572+00:00
Edmund Optics,38-292,TS 平凸レンズ 12.5 x 35 VIS 0°,plano_convex,12.5,11.5,35.0,33.42,VIS 0° (425-675nm),425.0,675.0,,1,18.09,,,N-BK7,,2.4,,VIS-0-Coated-Plano-Convex-PCX-Lenses (2).xlsx,EO_2537,110,0497fb07d22d8e1d9c87c6088d733ef8f25480109b030c1d1dbeeb0198553764,2026-08-12T16:25:48.722572+00:00
Edmund Optics,38-293,TS 平凸レンズ 12.5 x 40 VIS 0°,plano_convex,12.5,11.5,40.0,38.55,VIS 0° (425-675nm),425.0,675.0,,1,20.67,,,N-BK7,,2.2,,VIS-0-Coated-Plano-Convex-PCX-Lenses (2).xlsx,EO_2537,111,0497fb07d22d8e1d9c87c6088d733ef8f25480109b030c1d1dbeeb0198553764,2026-08-12T16:25:48.722572+00:00
Edmund Optics,38-294,TS 平凸レンズ 12.5 x 45 VIS 0°,plano_convex,12.5,11.5,45.0,43.68,VIS 0° (425-675nm),425.0,675.0,,1,23.26,,,N-BK7,,2.0,,VIS-0-Coated-Plano-Convex-PCX-Lenses (2).xlsx,EO_2537,112,0497fb07d22d8e1d9c87c6088d733ef8f25480109b030c1d1dbeeb0198553764,2026-08-12T16:25:48.722572+00:00
Edmund Optics,38-296,TS 平凸レンズ 12.5 x 50 VIS 0°,plano_convex,12.5,11.5,50.0,48.68,VIS 0° (425-675nm),425.0,675.0,,1,25.84,,,N-BK7,,2.0,,VIS-0-Coated-Plano-Convex-PCX-Lenses (2).xlsx,EO_2537,113,0497fb07d22d8e1d9c87c6088d733ef8f25480109b030c1d1dbeeb0198553764,2026-08-12T16:25:48.722572+00:00
Edmund Optics,38-297,TS 平凸レンズ 12.5 x 75 VIS 0°,plano_convex,12.5,11.5,75.0,73.88,VIS 0° (425-675nm),425.0,675.0,,1,38.76,,,N-BK7,,1.7,,VIS-0-Coated-Plano-Convex-PCX-Lenses (2).xlsx,EO_2537,114,0497fb07d22d8e1d9c87c6088d733ef8f25480109b030c1d1dbeeb0198553764,2026-08-12T16:25:48.722572+00:00
Edmund Optics,38-298,TS 平凸レンズ 12.5 x 100 VIS 0°,plano_convex,12.5,11.5,100.0,98.95,VIS 0° (425-675nm),425.0,675.0,,1,51.68,,,N-BK7,,1.6,,VIS-0-Coated-Plano-Convex-PCX-Lenses (2).xlsx,EO_2537,115,0497fb07d22d8e1d9c87c6088d733ef8f25480109b030c1d1dbeeb0198553764,2026-08-12T16:25:48.722572+00:00
Edmund Optics,38-299,TS 平凸レンズ 12.7 x 20 VIS 0°,plano_convex,12.7,11.7,20.0,17.49,VIS 0° (425-675nm),425.0,675.0,,1,10.34,,,N-BK7,,3.8,,VIS-0-Coated-Plano-Convex-PCX-Lenses (2).xlsx,EO_2537,119,0497fb07d22d8e1d9c87c6088d733ef8f25480109b030c1d1dbeeb0198553764,2026-08-12T16:25:48.722572+00:00
Edmund Optics,38-300,TS 平凸レンズ 12.7 x 30 VIS 0°,plano_convex,12.7,11.7,30.0,28.22,VIS 0° (425-675nm),425.0,675.0,,1,15.51,,,N-BK7,,2.7,,VIS-0-Coated-Plano-Convex-PCX-Lenses (2).xlsx,EO_2537,121,0497fb07d22d8e1d9c87c6088d733ef8f25480109b030c1d1dbeeb0198553764,2026-08-12T16:25:48.722572+00:00
Edmund Optics,38-309,TS 平凸レンズ 12.7 x 40 VIS 0°,plano_convex,12.7,11.7,40.0,38.48,VIS 0° (425-675nm),425.0,675.0,,1,20.67,,,N-BK7,,2.3,,VIS-0-Coated-Plano-Convex-PCX-Lenses (2).xlsx,EO_2537,124,0497fb07d22d8e1d9c87c6088d733ef8f25480109b030c1d1dbeeb0198553764,2026-08-12T16:25:48.722572+00:00
Edmund Optics,38-310,TS 平凸レンズ 12.7 x 100 VIS 0°,plano_convex,12.7,11.7,100.0,98.88,VIS 0° (425-675nm),425.0,675.0,,1,51.68,,,N-BK7,,1.7,,VIS-0-Coated-Plano-Convex-PCX-Lenses (2).xlsx,EO_2537,127,0497fb07d22d8e1d9c87c6088d733ef8f25480109b030c1d1dbeeb0198553764,2026-08-12T16:25:48.722572+00:00
Edmund Optics,38-311,TS 平凸レンズ 15 x 25 VIS 0°,plano_convex,15.0,14.0,25.0,22.5,VIS 0° (425-675nm),425.0,675.0,,1,12.92,,,N-BK7,,3.8,,VIS-0-Coated-Plano-Convex-PCX-Lenses (2).xlsx,EO_2537,132,0497fb07d22d8e1d9c87c6088d733ef8f25480109b030c1d1dbeeb0198553764,2026-08-12T16:25:48.722572+00:00
Edmund Optics,38-312,TS 平凸レンズ 15 x 50 VIS 0°,plano_convex,15.0,14.0,50.0,48.35,VIS 0° (425-675nm),425.0,675.0,,1,25.84,,,N-BK7,,2.5,,VIS-0-Coated-Plano-Convex-PCX-Lenses (2).xlsx,EO_2537,136,0497fb07d22d8e1d9c87c6088d733ef8f25480109b030c1d1dbeeb0198553764,2026-08-12T16:25:48.722572+00:00
Edmund Optics,38-313,TS 平凸レンズ 18 x 20 VIS 0°,plano_convex,18.0,17.0,20.0,17.59,VIS 0° (425-675nm),425.0,675.0,,1,15.7,,,N-SF11,,4.3,,VIS-0-Coated-Plano-Convex-PCX-Lenses (2).xlsx,EO_2537,143,0497fb07d22d8e1d9c87c6088d733ef8f25480109b030c1d1dbeeb0198553764,2026-08-12T16:25:48.722572+00:00
Edmund Optics,38-314,TS 平凸レンズ 18 x 25 VIS 0°,plano_convex,18.0,17.0,25.0,21.51,VIS 0° (425-675nm),425.0,675.0,,1,12.92,,,N-BK7,,5.3,,VIS-0-Coated-Plano-Convex-PCX-Lenses (2).xlsx,EO_2537,145,0497fb07d22d8e1d9c87c6088d733ef8f25480109b030c1d1dbeeb0198553764,2026-08-12T16:25:48.722572+00:00
Edmund Optics,38-315,TS 平凸レンズ 18 x 30 VIS 0°,plano_convex,18.0,17.0,30.0,27.1,VIS 0° (425-675nm),425.0,675.0,,1,15.51,,,N-BK7,,4.4,,VIS-0-Coated-Plano-Convex-PCX-Lenses (2).xlsx,EO_2537,147,0497fb07d22d8e1d9c87c6088d733ef8f25480109b030c1d1dbeeb0198553764,2026-08-12T16:25:48.722572+00:00
Edmund Optics,38-316,TS 平凸レンズ 18 x 50 VIS 0°,plano_convex,18.0,17.0,50.0,48.09,VIS 0° (425-675nm),425.0,675.0,,1,25.84,,,N-BK7,,2.9,,VIS-0-Coated-Plano-Convex-PCX-Lenses (2).xlsx,EO_2537,149,0497fb07d22d8e1d9c87c6088d733ef8f25480109b030c1d1dbeeb0198553764,2026-08-12T16:25:48.722572+00:00
Edmund Optics,38-317,TS 平凸レンズ 25.4 x 35 VIS 0°,plano_convex,25.4,24.4,35.0,30.46,VIS 0° (425-675nm),425.0,675.0,,1,18.09,,,N-BK7,,6.9,,VIS-0-Coated-Plano-Convex-PCX-Lenses (2).xlsx,EO_2537,182,0497fb07d22d8e1d9c87c6088d733ef8f25480109b030c1d1dbeeb0198553764,2026-08-12T16:25:48.722572+00:00
Edmund Optics,38-318,TS 平凸レンズ 25.4 x 40 VIS 0°,plano_convex,25.4,24.4,40.0,36.11,VIS 0° (425-675nm),425.0,675.0,,1,20.67,,,N-BK7,,5.9,,VIS-0-Coated-Plano-Convex-PCX-Lenses (2).xlsx,EO_2537,184,0497fb07d22d8e1d9c87c6088d733ef8f25480109b030c1d1dbeeb0198553764,2026-08-12T16:25:48.722572+00:00
Edmund Optics,38-319,TS 平凸レンズ 25.4 x 75 VIS 0°,plano_convex,25.4,24.4,75.0,72.69,VIS 0° (425-675nm),425.0,675.0,,1,38.76,,,N-BK7,,3.5,,VIS-0-Coated-Plano-Convex-PCX-Lenses (2).xlsx,EO_2537,187,0497fb07d22d8e1d9c87c6088d733ef8f25480109b030c1d1dbeeb0198553764,2026-08-12T16:25:48.722572+00:00
Edmund Optics,38-321,TS 平凸レンズ 25.4 x 100 VIS 0°,plano_convex,25.4,24.4,100.0,98.02,VIS 0° (425-675nm),425.0,675.0,,1,51.68,,,N-BK7,,3.0,,VIS-0-Coated-Plano-Convex-PCX-Lenses (2).xlsx,EO_2537,190,0497fb07d22d8e1d9c87c6088d733ef8f25480109b030c1d1dbeeb0198553764,2026-08-12T16:25:48.722572+00:00
Edmund Optics,38-322,TS 平凸レンズ 25.4 x 125 VIS 0°,plano_convex,25.4,24.4,125.0,123.02,VIS 0° (425-675nm),425.0,675.0,,1,64.6,,,N-BK7,,3.0,,VIS-0-Coated-Plano-Convex-PCX-Lenses (2).xlsx,EO_2537,192,0497fb07d22d8e1d9c87c6088d733ef8f25480109b030c1d1dbeeb0198553764,2026-08-12T16:25:48.722572+00:00
Edmund Optics,38-323,TS 平凸レンズ 25.4 x 150 VIS 0°,plano_convex,25.4,24.4,150.0,148.02,VIS 0° (425-675nm),425.0,675.0,,1,77.52,,,N-BK7,,3.0,,VIS-0-Coated-Plano-Convex-PCX-Lenses (2).xlsx,EO_2537,193,0497fb07d22d8e1d9c87c6088d733ef8f25480109b030c1d1dbeeb0198553764,2026-08-12T16:25:48.722572+00:00
Edmund Optics,38-324,TS 平凸レンズ 35 x 35 VIS 0°,plano_convex,35.0,34.0,35.0,30.52,VIS 0° (425-675nm),425.0,675.0,,1,27.47,,,N-SF11,,8.0,,VIS-0-Coated-Plano-Convex-PCX-Lenses (2).xlsx,EO_2537,201,0497fb07d22d8e1d9c87c6088d733ef8f25480109b030c1d1dbeeb0198553764,2026-08-12T16:25:48.722572+00:00
Edmund Optics,38-325,TS 平凸レンズ 35 x 50 VIS 0°,plano_convex,35.0,34.0,50.0,44.4,VIS 0° (425-675nm),425.0,675.0,,1,25.84,,,N-BK7,,8.5,,VIS-0-Coated-Plano-Convex-PCX-Lenses (2).xlsx,EO_2537,202,0497fb07d22d8e1d9c87c6088d733ef8f25480109b030c1d1dbeeb0198553764,2026-08-12T16:25:48.722572+00:00
Edmund Optics,38-326,TS 平凸レンズ 35 x 70 VIS 0°,plano_convex,35.0,34.0,70.0,66.04,VIS 0° (425-675nm),425.0,675.0,,1,36.18,,,N-BK7,,6.0,,VIS-0-Coated-Plano-Convex-PCX-Lenses (2).xlsx,EO_2537,203,0497fb07d22d8e1d9c87c6088d733ef8f25480109b030c1d1dbeeb0198553764,2026-08-12T16:25:48.722572+00:00
Edmund Optics,38-327,TS 平凸レンズ 35 x 100 VIS 0°,plano_convex,35.0,34.0,100.0,97.03,VIS 0° (425-675nm),425.0,675.0,,1,51.68,,,N-BK7,,4.5,,VIS-0-Coated-Plano-Convex-PCX-Lenses (2).xlsx,EO_2537,204,0497fb07d22d8e1d9c87c6088d733ef8f25480109b030c1d1dbeeb0198553764,2026-08-12T16:25:48.722572+00:00
Edmund Optics,45-697,TS 合成石英製平凹レンズ 6 x -9,plano_concave,6.0,5.4,-9.0,-10.38,Uncoated,200.0,2200.0,587.6,1,-4.13,,,Fused Silica (Corning 7980),,2.0,,UV-Fused-Silica-Plano-Concave-PCV-Lenses.xlsx,EO_2029,2,6adea2b1f35062c021c9b77985a354ba2b355297d98073b41655aeafd2e3b895,2026-08-12T16:25:48.722572+00:00
Edmund Optics,45-698,TS 合成石英製平凹レンズ 6 x -12,plano_concave,6.0,5.4,-12.0,-13.38,Uncoated,200.0,2200.0,587.6,1,-5.5,,,Fused Silica (Corning 7980),,2.0,,UV-Fused-Silica-Plano-Concave-PCV-Lenses.xlsx,EO_2029,3,6adea2b1f35062c021c9b77985a354ba2b355297d98073b41655aeafd2e3b895,2026-08-12T16:25:48.722572+00:00
Edmund Optics,45-699,TS 合成石英製平凹レンズ 6 x -18,plano_concave,6.0,5.4,-18.0,-19.37,Uncoated,200.0,2200.0,587.6,1,-8.25,,,Fused Silica (Corning 7980),,2.0,,UV-Fused-Silica-Plano-Concave-PCV-Lenses.xlsx,EO_2029,4,6adea2b1f35062c021c9b77985a354ba2b355297d98073b41655aeafd2e3b895,2026-08-12T16:25:48.722572+00:00
Edmund Optics,45-700,TS 合成石英製平凹レンズ 9 x -13.5,plano_concave,9.0,8.1,-13.5,-14.89,Uncoated,200.0,2200.0,587.6,1,-6.2,,,Fused Silica (Corning 7980),,2.0,,UV-Fused-Silica-Plano-Concave-PCV-Lenses.xlsx,EO_2029,16,6adea2b1f35062c021c9b77985a354ba2b355297d98073b41655aeafd2e3b895,2026-08-12T16:25:48.722572+00:00
Edmund Optics,45-701,TS 合成石英製平凹レンズ 9 x -18,plano_concave,9.0,8.1,-18.0,-19.37,Uncoated,200.0,2200.0,587.6,1,-8.25,,,Fused Silica (Corning 7980),,2.0,,UV-Fused-Silica-Plano-Concave-PCV-Lenses.xlsx,EO_2029,17,6adea2b1f35062c021c9b77985a354ba2b355297d98073b41655aeafd2e3b895,2026-08-12T16:25:48.722572+00:00
Edmund Optics,45-702,TS 合成石英製平凹レンズ 9 x -27,plano_concave,9.0,8.1,-27.0,-28.42,Uncoated,200.0,2200.0,587.6,1,-12.4,,,Fused Silica (Corning 7980),,2.0,,UV-Fused-Silica-Plano-Concave-PCV-Lenses.xlsx,EO_2029,18,6adea2b1f35062c021c9b77985a354ba2b355297d98073b41655aeafd2e3b895,2026-08-12T16:25:48.722572+00:00
Edmund Optics,46-290,TS 合成石英製両凸レンズ 18 x 20 UV-AR,double_convex,18.0,17.0,20.0,17.18,UV-AR (250-425nm),250.0,425.0,587.6,1,17.05,-17.05,,Fused Silica (Corning 7980),,7.64,,UV-Fused-Silica-Double-Convex-DCX-Lenses.xlsx,EO_2028,132,2f0c00e1f3686328cdd7bced2b271ab6acc9152f804f974a74f15c4383f7a188,2026-08-12T16:25:48.722572+00:00
Edmund Optics,46-291,TS 合成石英製両凸レンズ 18 x 40 UV-AR,double_convex,18.0,17.0,40.0,38.5,UV-AR (250-425nm),250.0,425.0,587.6,1,35.99,-35.99,,Fused Silica (Corning 7980),,4.29,,UV-Fused-Silica-Double-Convex-DCX-Lenses.xlsx,EO_2028,140,2f0c00e1f3686328cdd7bced2b271ab6acc9152f804f974a74f15c4383f7a188,2026-08-12T16:25:48.722572+00:00
Edmund Optics,46-308,TS 合成石英製平凹レンズ 6 x -9 UV-AR,plano_concave,6.0,5.4,-9.0,-10.38,UV-AR (250-425nm),250.0,425.0,587.6,1,-4.13,,,Fused Silica (Corning 7980),,2.0,,UV-Fused-Silica-Plano-Concave-PCV-Lenses.xlsx,EO_2029,5,6adea2b1f35062c021c9b77985a354ba2b355297d98073b41655aeafd2e3b895,2026-08-12T16:25:48.722572+00:00
Edmund Optics,46-309,TS 合成石英製平凹レンズ 6 x -12 UV-AR,plano_concave,6.0,5.4,-12.0,-13.38,UV-AR (250-425nm),250.0,425.0,587.6,1,-5.5,,,Fused Silica (Corning 7980),,2.0,,UV-Fused-Silica-Plano-Concave-PCV-Lenses.xlsx,EO_2029,7,6adea2b1f35062c021c9b77985a354ba2b355297d98073b41655aeafd2e3b895,2026-08-12T16:25:48.722572+00:00
Edmund Optics,46-310,TS 合成石英製平凹レンズ 6 x -18 UV-AR,plano_concave,6.0,5.4,-18.0,-19.37,UV-AR (250-425nm),250.0,425.0,587.6,1,-8.25,,,Fused Silica (Corning 7980),,2.0,,UV-Fused-Silica-Plano-Concave-PCV-Lenses.xlsx,EO_2029,9,6adea2b1f35062c021c9b77985a354ba2b355297d98073b41655aeafd2e3b895,2026-08-12T16:25:48.722572+00:00
Edmund Optics,46-311,TS 合成石英製平凹レンズ 9 x -13.5 UV-AR,plano_concave,9.0,8.1,-13.5,-14.89,UV-AR (250-425nm),250.0,425.0,587.6,1,-6.2,,,Fused Silica (Corning 7980),,2.0,,UV-Fused-Silica-Plano-Concave-PCV-Lenses.xlsx,EO_2029,19,6adea2b1f35062c021c9b77985a354ba2b355297d98073b41655aeafd2e3b895,2026-08-12T16:25:48.722572+00:00
Edmund Optics,46-312,TS 合成石英製平凹レンズ 9 x -18 UV-AR,plano_concave,9.0,8.1,-18.0,-19.37,UV-AR (250-425nm),250.0,425.0,587.6,1,-8.25,,,Fused Silica (Corning 7980),,2.0,,UV-Fused-Silica-Plano-Concave-PCV-Lenses.xlsx,EO_2029,20,6adea2b1f35062c021c9b77985a354ba2b355297d98073b41655aeafd2e3b895,2026-08-12T16:25:48.722572+00:00
Edmund Optics,46-313,TS 合成石英製平凹レンズ 9 x -27 UV-AR,plano_concave,9.0,8.1,-27.0,-28.42,UV-AR (250-425nm),250.0,425.0,587.6,1,-12.4,,,Fused Silica (Corning 7980),,2.0,,UV-Fused-Silica-Plano-Concave-PCV-Lenses.xlsx,EO_2029,22,6adea2b1f35062c021c9b77985a354ba2b355297d98073b41655aeafd2e3b895,2026-08-12T16:25:48.722572+00:00
Edmund Optics,47-329,TS 平凸レンズ 12 x 12 VIS 0°,plano_convex,12.0,11.0,12.0,9.76,VIS 0° (425-675nm),425.0,675.0,,1,9.42,,,N-SF11,,4.0,,VIS-0-Coated-Plano-Convex-PCX-Lenses (2).xlsx,EO_2537,88,0497fb07d22d8e1d9c87c6088d733ef8f25480109b030c1d1dbeeb0198553764,2026-08-12T16:25:48.722572+00:00
Edmund Optics,47-330,TS 平凸レンズ 12 x 15 VIS 0°,plano_convex,12.0,11.0,15.0,12.03,VIS 0° (425-675nm),425.0,675.0,,1,7.75,,,N-BK7,,4.5,,VIS-0-Coated-Plano-Convex-PCX-Lenses (2).xlsx,EO_2537,89,0497fb07d22d8e1d9c87c6088d733ef8f25480109b030c1d1dbeeb0198553764,2026-08-12T16:25:48.722572+00:00
Edmund Optics,47-331,TS 平凸レンズ 12 x 18 VIS 0°,plano_convex,12.0,11.0,18.0,16.22,VIS 0° (425-675nm),425.0,675.0,,1,12.11,,,N-SF5,,3.0,,VIS-0-Coated-Plano-Convex-PCX-Lenses (2).xlsx,EO_2537,90,0497fb07d22d8e1d9c87c6088d733ef8f25480109b030c1d1dbeeb0198553764,2026-08-12T16:25:48.722572+00:00
Edmund Optics,47-332,TS 平凸レンズ 12 x 24 VIS 0°,plano_convex,12.0,11.0,24.0,22.15,VIS 0° (425-675nm),425.0,675.0,,1,12.42,,,N-BK7,,2.8,,VIS-0-Coated-Plano-Convex-PCX-Lenses (2).xlsx,EO_2537,92,0497fb07d22d8e1d9c87c6088d733ef8f25480109b030c1d1dbeeb0198553764,2026-08-12T16:25:48.722572+00:00
Edmund Optics,47-333,TS 平凸レンズ 12 x 30 VIS 0°,plano_convex,12.0,11.0,30.0,28.02,VIS 0° (425-675nm),425.0,675.0,,1,15.5,,,N-BK7,,3.0,,VIS-0-Coated-Plano-Convex-PCX-Lenses (2).xlsx,EO_2537,94,0497fb07d22d8e1d9c87c6088d733ef8f25480109b030c1d1dbeeb0198553764,2026-08-12T16:25:48.722572+00:00
Edmund Optics,47-335,TS 平凸レンズ 12 x 42 VIS 0°,plano_convex,12.0,11.0,42.0,40.22,VIS 0° (425-675nm),425.0,675.0,,1,21.71,,,N-BK7,,2.7,,VIS-0-Coated-Plano-Convex-PCX-Lenses (2).xlsx,EO_2537,96,0497fb07d22d8e1d9c87c6088d733ef8f25480109b030c1d1dbeeb0198553764,2026-08-12T16:25:48.722572+00:00
Edmund Optics,47-336,TS 平凸レンズ 12 x 48 VIS 0°,plano_convex,12.0,11.0,48.0,46.36,VIS 0° (425-675nm),425.0,675.0,,1,24.82,,,N-BK7,,2.5,,VIS-0-Coated-Plano-Convex-PCX-Lenses (2).xlsx,EO_2537,97,0497fb07d22d8e1d9c87c6088d733ef8f25480109b030c1d1dbeeb0198553764,2026-08-12T16:25:48.722572+00:00
Edmund Optics,47-337,TS 平凸レンズ 12 x 54 VIS 0°,plano_convex,12.0,11.0,54.0,52.02,VIS 0° (425-675nm),425.0,675.0,,1,27.91,,,N-BK7,,3.0,,VIS-0-Coated-Plano-Convex-PCX-Lenses (2).xlsx,EO_2537,99,0497fb07d22d8e1d9c87c6088d733ef8f25480109b030c1d1dbeeb0198553764,2026-08-12T16:25:48.722572+00:00
Edmund Optics,47-338,TS 平凸レンズ 12 x 60 VIS 0°,plano_convex,12.0,11.0,60.0,58.37,VIS 0° (425-675nm),425.0,675.0,,1,31.02,,,N-BK7,,2.5,,VIS-0-Coated-Plano-Convex-PCX-Lenses (2).xlsx,EO_2537,100,0497fb07d22d8e1d9c87c6088d733ef8f25480109b030c1d1dbeeb0198553764,2026-08-12T16:25:48.722572+00:00
Edmund Optics,47-339,TS 平凸レンズ 12 x 72 VIS 0°,plano_convex,12.0,11.0,72.0,70.42,VIS 0° (425-675nm),425.0,675.0,,1,37.21,,,N-BK7,,2.4,,VIS-0-Coated-Plano-Convex-PCX-Lenses (2).xlsx,EO_2537,101,0497fb07d22d8e1d9c87c6088d733ef8f25480109b030c1d1dbeeb0198553764,2026-08-12T16:25:48.722572+00:00
Edmund Optics,47-340,TS 平凸レンズ 12 x 84 VIS 0°,plano_convex,12.0,11.0,84.0,82.39,VIS 0° (425-675nm),425.0,675.0,,1,43.43,,,N-BK7,,2.5,,VIS-0-Coated-Plano-Convex-PCX-Lenses (2).xlsx,EO_2537,102,0497fb07d22d8e1d9c87c6088d733ef8f25480109b030c1d1dbeeb0198553764,2026-08-12T16:25:48.722572+00:00
Edmund Optics,47-341,TS 平凸レンズ 12 x 100 VIS 0°,plano_convex,12.0,11.0,100.0,98.35,VIS 0° (425-675nm),425.0,675.0,,1,51.68,,,N-BK7,,2.5,,VIS-0-Coated-Plano-Convex-PCX-Lenses (2).xlsx,EO_2537,103,0497fb07d22d8e1d9c87c6088d733ef8f25480109b030c1d1dbeeb0198553764,2026-08-12T16:25:48.722572+00:00
Edmund Optics,47-342,TS 平凸レンズ 25 x 25 VIS 0°,plano_convex,25.0,24.0,25.0,20.22,VIS 0° (425-675nm),425.0,675.0,,1,16.82,,,N-SF5,,8.0,,VIS-0-Coated-Plano-Convex-PCX-Lenses (2).xlsx,EO_2537,163,0497fb07d22d8e1d9c87c6088d733ef8f25480109b030c1d1dbeeb0198553764,2026-08-12T16:25:48.722572+00:00
Edmund Optics,47-343,TS 平凸レンズ 25 x 30 VIS 0°,plano_convex,25.0,24.0,30.0,24.69,VIS 0° (425-675nm),425.0,675.0,,1,15.5,,,N-BK7,,8.06,,VIS-0-Coated-Plano-Convex-PCX-Lenses (2).xlsx,EO_2537,164,0497fb07d22d8e1d9c87c6088d733ef8f25480109b030c1d1dbeeb0198553764,2026-08-12T16:25:48.722572+00:00
Edmund Optics,47-344,TS 平凸レンズ 25 x 35 VIS 0°,plano_convex,25.0,24.0,35.0,30.42,VIS 0° (425-675nm),425.0,675.0,,1,18.11,,,N-BK7,,7.01,,VIS-0-Coated-Plano-Convex-PCX-Lenses (2).xlsx,EO_2537,165,0497fb07d22d8e1d9c87c6088d733ef8f25480109b030c1d1dbeeb0198553764,2026-08-12T16:25:48.722572+00:00
Edmund Optics,47-345,TS 平凸レンズ 25 x 40 VIS 0°,plano_convex,25.0,24.0,40.0,36.31,VIS 0° (425-675nm),425.0,675.0,,1,20.67,,,N-BK7,,5.6,,VIS-0-Coated-Plano-Convex-PCX-Lenses (2).xlsx,EO_2537,166,0497fb07d22d8e1d9c87c6088d733ef8f25480109b030c1d1dbeeb0198553764,2026-08-12T16:25:48.722572+00:00
Edmund Optics,47-346,TS 平凸レンズ 25 x 50 VIS 0°,plano_convex,25.0,24.0,50.0,46.75,VIS 0° (425-675nm),425.0,675.0,,1,25.84,,,N-BK7,,4.9,,VIS-0-Coated-Plano-Convex-PCX-Lenses (2).xlsx,EO_2537,167,0497fb07d22d8e1d9c87c6088d733ef8f25480109b030c1d1dbeeb0198553764,2026-08-12T16:25:48.722572+00:00
Edmund Optics,47-347,TS 平凸レンズ 25 x 60 VIS 0°,plano_convex,25.0,24.0,60.0,56.9,VIS 0° (425-675nm),425.0,675.0,,1,31.01,,,N-BK7,,4.7,,VIS-0-Coated-Plano-Convex-PCX-Lenses (2).xlsx,EO_2537,168,0497fb07d22d8e1d9c87c6088d733ef8f25480109b030c1d1dbeeb0198553764,2026-08-12T16:25:48.722572+00:00
Edmund Optics,47-348,TS 平凸レンズ 25 x 75 VIS 0°,plano_convex,25.0,24.0,75.0,72.0,VIS 0° (425-675nm),425.0,675.0,,1,38.76,,,N-BK7,,4.5,,VIS-0-Coated-Plano-Convex-PCX-Lenses (2).xlsx,EO_2537,169,0497fb07d22d8e1d9c87c6088d733ef8f25480109b030c1d1dbeeb0198553764,2026-08-12T16:25:48.722572+00:00
Edmund Optics,47-349,TS 平凸レンズ 25 x 85 VIS 0°,plano_convex,25.0,24.0,85.0,82.17,VIS 0° (425-675nm),425.0,675.0,,1,43.93,,,N-BK7,,4.3,,VIS-0-Coated-Plano-Convex-PCX-Lenses (2).xlsx,EO_2537,170,0497fb07d22d8e1d9c87c6088d733ef8f25480109b030c1d1dbeeb0198553764,2026-08-12T16:25:48.722572+00:00
Edmund Optics,47-350,TS 平凸レンズ 25 x 100 VIS 0°,plano_convex,25.0,24.0,100.0,97.17,VIS 0° (425-675nm),425.0,675.0,,1,51.68,,,N-BK7,,4.3,,VIS-0-Coated-Plano-Convex-PCX-Lenses (2).xlsx,EO_2537,171,0497fb07d22d8e1d9c87c6088d733ef8f25480109b030c1d1dbeeb0198553764,2026-08-12T16:25:48.722572+00:00
Edmund Optics,47-351,TS 平凸レンズ 25 x 125 VIS 0°,plano_convex,25.0,24.0,125.0,122.7,VIS 0° (425-675nm),425.0,675.0,,1,64.62,,,N-BK7,,3.5,,VIS-0-Coated-Plano-Convex-PCX-Lenses (2).xlsx,EO_2537,172,0497fb07d22d8e1d9c87c6088d733ef8f25480109b030c1d1dbeeb0198553764,2026-08-12T16:25:48.722572+00:00
Edmund Optics,47-352,TS 平凸レンズ 25 x 150 VIS 0°,plano_convex,25.0,24.0,150.0,147.81,VIS 0° (425-675nm),425.0,675.0,,1,77.55,,,N-BK7,,3.5,,VIS-0-Coated-Plano-Convex-PCX-Lenses (2).xlsx,EO_2537,173,0497fb07d22d8e1d9c87c6088d733ef8f25480109b030c1d1dbeeb0198553764,2026-08-12T16:25:48.722572+00:00
Edmund Optics,47-353,TS 平凸レンズ 25 x 175 VIS 0°,plano_convex,25.0,24.0,175.0,172.85,VIS 0° (425-675nm),425.0,675.0,,1,90.47,,,N-BK7,,3.5,,VIS-0-Coated-Plano-Convex-PCX-Lenses (2).xlsx,EO_2537,174,0497fb07d22d8e1d9c87c6088d733ef8f25480109b030c1d1dbeeb0198553764,2026-08-12T16:25:48.722572+00:00
Edmund Optics,47-356,TS 平凸レンズ 25 x 500 VIS 0°,plano_convex,25.0,24.0,500.0,497.89,VIS 0° (425-675nm),425.0,675.0,,1,258.4,,,N-BK7,,3.2,,VIS-0-Coated-Plano-Convex-PCX-Lenses (2).xlsx,EO_2537,179,0497fb07d22d8e1d9c87c6088d733ef8f25480109b030c1d1dbeeb0198553764,2026-08-12T16:25:48.722572+00:00
Edmund Optics,47-357,TS 平凸レンズ 25 x 750 VIS 0°,plano_convex,25.0,24.0,750.0,747.89,VIS 0° (425-675nm),425.0,675.0,,1,387.6,,,N-BK7,,3.2,,VIS-0-Coated-Plano-Convex-PCX-Lenses (2).xlsx,EO_2537,180,0497fb07d22d8e1d9c87c6088d733ef8f25480109b030c1d1dbeeb0198553764,2026-08-12T16:25:48.722572+00:00
Edmund Optics,47-358,TS 両凸レンズ 12 x 12 VIS 0°,double_convex,12.0,11.0,12.0,10.79,VIS 0° (425-675nm),425.0,675.0,587.6,1,15.34,-15.34,,N-SF5,,3.85,,VIS-0-Coated-Double-Convex-DCX-Lenses (2).xlsx,EO_2538,34,cb466b524f464c7ffdace4dc1ea14ba24469dc445b22a90800d1bdd5d0901a4f,2026-08-12T16:25:48.722572+00:00
Edmund Optics,47-359,TS 両凸レンズ 12 x 18 VIS 0°,double_convex,12.0,11.0,18.0,16.81,VIS 0° (425-675nm),425.0,675.0,587.6,1,18.01,-18.01,,N-BK7,,3.48,,VIS-0-Coated-Double-Convex-DCX-Lenses (2).xlsx,EO_2538,35,cb466b524f464c7ffdace4dc1ea14ba24469dc445b22a90800d1bdd5d0901a4f,2026-08-12T16:25:48.722572+00:00
Edmund Optics,47-361,TS 両凸レンズ 12 x 30 VIS 0°,double_convex,12.0,11.0,30.0,28.75,VIS 0° (425-675nm),425.0,675.0,587.6,1,30.36,-30.36,,N-BK7,,3.7,,VIS-0-Coated-Double-Convex-DCX-Lenses (2).xlsx,EO_2538,37,cb466b524f464c7ffdace4dc1ea14ba24469dc445b22a90800d1bdd5d0901a4f,2026-08-12T16:25:48.722572+00:00
Edmund Optics,47-362,TS 両凸レンズ 12 x 36 VIS 0°,double_convex,12.0,11.0,36.0,34.9,VIS 0° (425-675nm),425.0,675.0,587.6,1,36.65,-36.65,,N-BK7,,3.3,,VIS-0-Coated-Double-Convex-DCX-Lenses (2).xlsx,EO_2538,38,cb466b524f464c7ffdace4dc1ea14ba24469dc445b22a90800d1bdd5d0901a4f,2026-08-12T16:25:48.722572+00:00
Edmund Optics,47-363,TS 両凸レンズ 12 x 48 VIS 0°,double_convex,12.0,11.0,48.0,47.09,VIS 0° (425-675nm),425.0,675.0,587.6,1,49.14,-49.14,,N-BK7,,2.74,,VIS-0-Coated-Double-Convex-DCX-Lenses (2).xlsx,EO_2538,39,cb466b524f464c7ffdace4dc1ea14ba24469dc445b22a90800d1bdd5d0901a4f,2026-08-12T16:25:48.722572+00:00
Edmund Optics,47-364,TS 両凸レンズ 12 x 72 VIS 0°,double_convex,12.0,11.0,72.0,71.07,VIS 0° (425-675nm),425.0,675.0,587.6,1,73.97,-73.97,,N-BK7,,2.8,,VIS-0-Coated-Double-Convex-DCX-Lenses (2).xlsx,EO_2538,40,cb466b524f464c7ffdace4dc1ea14ba24469dc445b22a90800d1bdd5d0901a4f,2026-08-12T16:25:48.722572+00:00
Edmund Optics,47-365,TS 両凸レンズ 25 x 25 VIS 0°,double_convex,25.0,24.0,25.0,22.47,VIS 0° (425-675nm),425.0,675.0,587.6,1,31.94,-31.94,,N-SF5,,8.0,,VIS-0-Coated-Double-Convex-DCX-Lenses (2).xlsx,EO_2538,59,cb466b524f464c7ffdace4dc1ea14ba24469dc445b22a90800d1bdd5d0901a4f,2026-08-12T16:25:48.722572+00:00
Edmund Optics,47-366,TS 両凸レンズ 25 x 35 VIS 0°,double_convex,25.0,24.0,35.0,32.81,VIS 0° (425-675nm),425.0,675.0,587.6,1,35.09,-35.09,,N-BK7,,6.6,,VIS-0-Coated-Double-Convex-DCX-Lenses (2).xlsx,EO_2538,61,cb466b524f464c7ffdace4dc1ea14ba24469dc445b22a90800d1bdd5d0901a4f,2026-08-12T16:25:48.722572+00:00
Edmund Optics,47-367,TS 両凸レンズ 25 x 40 VIS 0°,double_convex,25.0,24.0,40.0,38.21,VIS 0° (425-675nm),425.0,675.0,587.6,1,40.42,-40.42,,N-BK7,,5.3,,VIS-0-Coated-Double-Convex-DCX-Lenses (2).xlsx,EO_2538,62,cb466b524f464c7ffdace4dc1ea14ba24469dc445b22a90800d1bdd5d0901a4f,2026-08-12T16:25:48.722572+00:00
Edmund Optics,47-368,TS 両凸レンズ 25 x 50 VIS 0°,double_convex,25.0,24.0,50.0,48.29,VIS 0° (425-675nm),425.0,675.0,587.6,1,50.8,-50.8,,N-BK7,,5.0,,VIS-0-Coated-Double-Convex-DCX-Lenses (2).xlsx,EO_2538,63,cb466b524f464c7ffdace4dc1ea14ba24469dc445b22a90800d1bdd5d0901a4f,2026-08-12T16:25:48.722572+00:00
Edmund Optics,47-369,TS 両凸レンズ 25 x 75 VIS 0°,double_convex,25.0,24.0,75.0,73.84,VIS 0° (425-675nm),425.0,675.0,587.6,1,76.66,-76.66,,N-BK7,,3.5,,VIS-0-Coated-Double-Convex-DCX-Lenses (2).xlsx,EO_2538,64,cb466b524f464c7ffdace4dc1ea14ba24469dc445b22a90800d1bdd5d0901a4f,2026-08-12T16:25:48.722572+00:00
Edmund Optics,47-370,TS 両凸レンズ 25 x 100 VIS 0°,double_convex,25.0,24.0,100.0,98.95,VIS 0° (425-675nm),425.0,675.0,587.6,1,103.0,-103.0,,N-BK7,,4.0,,VIS-0-Coated-Double-Convex-DCX-Lenses (2).xlsx,EO_2538,65,cb466b524f464c7ffdace4dc1ea14ba24469dc445b22a90800d1bdd5d0901a4f,2026-08-12T16:25:48.722572+00:00
Edmund Optics,47-371,TS 両凸レンズ 25 x 125 VIS 0°,double_convex,25.0,24.0,125.0,123.84,VIS 0° (425-675nm),425.0,675.0,587.6,1,128.65,-128.65,,N-BK7,,3.5,,VIS-0-Coated-Double-Convex-DCX-Lenses (2).xlsx,EO_2538,66,cb466b524f464c7ffdace4dc1ea14ba24469dc445b22a90800d1bdd5d0901a4f,2026-08-12T16:25:48.722572+00:00
Edmund Optics,47-372,TS 両凸レンズ 25 x 150 VIS 0°,double_convex,25.0,24.0,150.0,148.88,VIS 0° (425-675nm),425.0,675.0,587.6,1,154.52,-154.52,,N-BK7,,3.4,,VIS-0-Coated-Double-Convex-DCX-Lenses (2).xlsx,EO_2538,67,cb466b524f464c7ffdace4dc1ea14ba24469dc445b22a90800d1bdd5d0901a4f,2026-08-12T16:25:48.722572+00:00
Edmund Optics,47-373,TS 両凸レンズ 25 x 175 VIS 0°,double_convex,25.0,24.0,175.0,173.94,VIS 0° (425-675nm),425.0,675.0,587.6,1,180.4,-180.4,,N-BK7,,3.2,,VIS-0-Coated-Double-Convex-DCX-Lenses (2).xlsx,EO_2538,68,cb466b524f464c7ffdace4dc1ea14ba24469dc445b22a90800d1bdd5d0901a4f,2026-08-12T16:25:48.722572+00:00
Edmund Optics,47-460,TS 平凸レンズ 6 x 6 VIS 0°,plano_convex,6.0,5.4,6.0,4.6,VIS 0° (425-675nm),425.0,675.0,,1,4.71,,,N-SF11,,2.5,,VIS-0-Coated-Plano-Convex-PCX-Lenses (2).xlsx,EO_2537,40,0497fb07d22d8e1d9c87c6088d733ef8f25480109b030c1d1dbeeb0198553764,2026-08-12T16:25:48.722572+00:00
Edmund Optics,47-461,TS 平凸レンズ 6 x 9 VIS 0°,plano_convex,6.0,5.4,9.0,7.95,VIS 0° (425-675nm),425.0,675.0,,1,6.05,,,N-SF5,,1.75,,VIS-0-Coated-Plano-Convex-PCX-Lenses (2).xlsx,EO_2537,42,0497fb07d22d8e1d9c87c6088d733ef8f25480109b030c1d1dbeeb0198553764,2026-08-12T16:25:48.722572+00:00
Edmund Optics,47-462,TS 平凸レンズ 6 x 12 VIS 0°,plano_convex,6.0,5.4,12.0,10.94,VIS 0° (425-675nm),425.0,675.0,,1,6.2,,,N-BK7,,1.6,,VIS-0-Coated-Plano-Convex-PCX-Lenses (2).xlsx,EO_2537,44,0497fb07d22d8e1d9c87c6088d733ef8f25480109b030c1d1dbeeb0198553764,2026-08-12T16:25:48.722572+00:00
Edmund Optics,47-463,TS 平凸レンズ 6 x 15 VIS 0°,plano_convex,6.0,5.4,15.0,13.68,VIS 0° (425-675nm),425.0,675.0,,1,7.75,,,N-BK7,,2.0,,VIS-0-Coated-Plano-Convex-PCX-Lenses (2).xlsx,EO_2537,45,0497fb07d22d8e1d9c87c6088d733ef8f25480109b030c1d1dbeeb0198553764,2026-08-12T16:25:48.722572+00:00
Edmund Optics,47-464,TS 平凸レンズ 6 x 18 VIS 0°,plano_convex,6.0,5.4,18.0,17.07,VIS 0° (425-675nm),425.0,675.0,,1,9.3,,,N-BK7,,1.42,,VIS-0-Coated-Plano-Convex-PCX-Lenses (2).xlsx,EO_2537,46,0497fb07d22d8e1d9c87c6088d733ef8f25480109b030c1d1dbeeb0198553764,2026-08-12T16:25:48.722572+00:00
Edmund Optics,47-465,TS 平凸レンズ 6 x 21 VIS 0°,plano_convex,6.0,5.4,21.0,20.06,VIS 0° (425-675nm),425.0,675.0,,1,10.85,,,N-BK7,,1.42,,VIS-0-Coated-Plano-Convex-PCX-Lenses (2).xlsx,EO_2537,48,0497fb07d22d8e1d9c87c6088d733ef8f25480109b030c1d1dbeeb0198553764,2026-08-12T16:25:48.722572+00:00
Edmund Optics,47-466,TS 平凸レンズ 6 x 24 VIS 0°,plano_convex,6.0,5.4,24.0,23.01,VIS 0° (425-675nm),425.0,675.0,,1,12.4,,,N-BK7,,1.5,,VIS-0-Coated-Plano-Convex-PCX-Lenses (2).xlsx,EO_2537,49,0497fb07d22d8e1d9c87c6088d733ef8f25480109b030c1d1dbeeb0198553764,2026-08-12T16:25:48.722572+00:00
Edmund Optics,47-467,TS 平凸レンズ 6 x 30 VIS 0°,plano_convex,6.0,5.4,30.0,29.14,VIS 0° (425-675nm),425.0,675.0,,1,15.5,,,N-BK7,,1.3,,VIS-0-Coated-Plano-Convex-PCX-Lenses (2).xlsx,EO_2537,51,0497fb07d22d8e1d9c87c6088d733ef8f25480109b030c1d1dbeeb0198553764,2026-08-12T16:25:48.722572+00:00
Edmund Optics,47-468,TS 平凸レンズ 6 x 36 VIS 0°,plano_convex,6.0,5.4,36.0,34.95,VIS 0° (425-675nm),425.0,675.0,,1,18.61,,,N-BK7,,1.6,,VIS-0-Coated-Plano-Convex-PCX-Lenses (2).xlsx,EO_2537,52,0497fb07d22d8e1d9c87c6088d733ef8f25480109b030c1d1dbeeb0198553764,2026-08-12T16:25:48.722572+00:00
Edmund Optics,47-469,TS 平凸レンズ 6 x 48 VIS 0°,plano_convex,6.0,5.4,48.0,46.95,VIS 0° (425-675nm),425.0,675.0,,1,24.81,,,N-BK7,,1.6,,VIS-0-Coated-Plano-Convex-PCX-Lenses (2).xlsx,EO_2537,53,0497fb07d22d8e1d9c87c6088d733ef8f25480109b030c1d1dbeeb0198553764,2026-08-12T16:25:48.722572+00:00
Edmund Optics,47-470,TS 平凸レンズ 6 x 72 VIS 0°,plano_convex,6.0,5.4,72.0,70.97,VIS 0° (425-675nm),425.0,675.0,,1,37.22,,,N-BK7,,1.6,,VIS-0-Coated-Plano-Convex-PCX-Lenses (2).xlsx,EO_2537,55,0497fb07d22d8e1d9c87c6088d733ef8f25480109b030c1d1dbeeb0198553764,2026-08-12T16:25:48.722572+00:00
Edmund Optics,47-471,TS 平凸レンズ 9 x 9 VIS 0°,plano_convex,9.0,8.1,9.0,7.32,VIS 0° (425-675nm),425.0,675.0,,1,7.06,,,N-SF11,,3.0,,VIS-0-Coated-Plano-Convex-PCX-Lenses (2).xlsx,EO_2537,62,0497fb07d22d8e1d9c87c6088d733ef8f25480109b030c1d1dbeeb0198553764,2026-08-12T16:25:48.722572+00:00
Edmund Optics,47-472,TS 平凸レンズ 9 x 13.5 VIS 0°,plano_convex,9.0,8.1,13.5,11.94,VIS 0° (425-675nm),425.0,675.0,,1,9.09,,,N-SF5,,2.6,,VIS-0-Coated-Plano-Convex-PCX-Lenses (2).xlsx,EO_2537,65,0497fb07d22d8e1d9c87c6088d733ef8f25480109b030c1d1dbeeb0198553764,2026-08-12T16:25:48.722572+00:00
Edmund Optics,47-473,TS 平凸レンズ 9 x 18 VIS 0°,plano_convex,9.0,8.1,18.0,16.41,VIS 0° (425-675nm),425.0,675.0,,1,9.32,,,N-BK7,,2.41,,VIS-0-Coated-Plano-Convex-PCX-Lenses (2).xlsx,EO_2537,67,0497fb07d22d8e1d9c87c6088d733ef8f25480109b030c1d1dbeeb0198553764,2026-08-12T16:25:48.722572+00:00
Edmund Optics,47-474,TS 平凸レンズ 9 x 22 VIS 0°,plano_convex,9.0,8.1,22.0,20.73,VIS 0° (425-675nm),425.0,675.0,,1,11.37,,,N-BK7,,1.93,,VIS-0-Coated-Plano-Convex-PCX-Lenses (2).xlsx,EO_2537,69,0497fb07d22d8e1d9c87c6088d733ef8f25480109b030c1d1dbeeb0198553764,2026-08-12T16:25:48.722572+00:00
Edmund Optics,47-475,TS 平凸レンズ 9 x 27 VIS 0°,plano_convex,9.0,8.1,27.0,25.34,VIS 0° (425-675nm),425.0,675.0,,1,13.95,,,N-BK7,,2.5,,VIS-0-Coated-Plano-Convex-PCX-Lenses (2).xlsx,EO_2537,71,0497fb07d22d8e1d9c87c6088d733ef8f25480109b030c1d1dbeeb0198553764,2026-08-12T16:25:48.722572+00:00
Edmund Optics,47-476,TS 平凸レンズ 9 x 36 VIS 0°,plano_convex,9.0,8.1,36.0,34.48,VIS 0° (425-675nm),425.0,675.0,,1,18.61,,,N-BK7,,2.3,,VIS-0-Coated-Plano-Convex-PCX-Lenses (2).xlsx,EO_2537,72,0497fb07d22d8e1d9c87c6088d733ef8f25480109b030c1d1dbeeb0198553764,2026-08-12T16:25:48.722572+00:00
Edmund Optics,47-477,TS 平凸レンズ 9 x 45 VIS 0°,plano_convex,9.0,8.1,45.0,43.98,VIS 0° (425-675nm),425.0,675.0,,1,23.26,,,N-BK7,,1.54,,VIS-0-Coated-Plano-Convex-PCX-Lenses (2).xlsx,EO_2537,73,0497fb07d22d8e1d9c87c6088d733ef8f25480109b030c1d1dbeeb0198553764,2026-08-12T16:25:48.722572+00:00
Edmund Optics,47-478,TS 両凸レンズ 6 x 6 VIS 0°,double_convex,6.0,5.4,6.0,5.19,VIS 0° (425-675nm),425.0,675.0,587.6,1,7.59,-7.59,,N-SF5,,2.54,,VIS-0-Coated-Double-Convex-DCX-Lenses (2).xlsx,EO_2538,13,cb466b524f464c7ffdace4dc1ea14ba24469dc445b22a90800d1bdd5d0901a4f,2026-08-12T16:25:48.722572+00:00
Edmund Optics,47-479,TS 両凸レンズ 6 x 9 VIS 0°,double_convex,6.0,5.4,9.0,8.22,VIS 0° (425-675nm),425.0,675.0,587.6,1,8.91,-8.91,,N-BK7,,2.25,,VIS-0-Coated-Double-Convex-DCX-Lenses (2).xlsx,EO_2538,14,cb466b524f464c7ffdace4dc1ea14ba24469dc445b22a90800d1bdd5d0901a4f,2026-08-12T16:25:48.722572+00:00
Edmund Optics,47-480,TS 両凸レンズ 6 x 12 VIS 0°,double_convex,6.0,5.4,12.0,11.18,VIS 0° (425-675nm),425.0,675.0,587.6,1,11.98,-11.98,,N-BK7,,2.4,,VIS-0-Coated-Double-Convex-DCX-Lenses (2).xlsx,EO_2538,15,cb466b524f464c7ffdace4dc1ea14ba24469dc445b22a90800d1bdd5d0901a4f,2026-08-12T16:25:48.722572+00:00
Edmund Optics,47-481,TS 両凸レンズ 6 x 18 VIS 0°,double_convex,6.0,5.4,18.0,17.26,VIS 0° (425-675nm),425.0,675.0,587.6,1,18.22,-18.22,,N-BK7,,2.2,,VIS-0-Coated-Double-Convex-DCX-Lenses (2).xlsx,EO_2538,16,cb466b524f464c7ffdace4dc1ea14ba24469dc445b22a90800d1bdd5d0901a4f,2026-08-12T16:25:48.722572+00:00
Edmund Optics,47-482,TS 両凸レンズ 6 x 24 VIS 0°,double_convex,6.0,5.4,24.0,23.13,VIS 0° (425-675nm),425.0,675.0,587.6,1,24.36,-24.36,,N-BK7,,2.6,,VIS-0-Coated-Double-Convex-DCX-Lenses (2).xlsx,EO_2538,17,cb466b524f464c7ffdace4dc1ea14ba24469dc445b22a90800d1bdd5d0901a4f,2026-08-12T16:25:48.722572+00:00
Edmund Optics,47-483,TS 両凸レンズ 6 x 30 VIS 0°,double_convex,6.0,5.4,30.0,29.23,VIS 0° (425-675nm),425.0,675.0,587.6,1,30.61,-30.61,,N-BK7,,2.3,,VIS-0-Coated-Double-Convex-DCX-Lenses (2).xlsx,EO_2538,18,cb466b524f464c7ffdace4dc1ea14ba24469dc445b22a90800d1bdd5d0901a4f,2026-08-12T16:25:48.722572+00:00
Edmund Optics,47-484,TS 両凸レンズ 6 x 36 VIS 0°,double_convex,6.0,5.4,36.0,35.33,VIS 0° (425-675nm),425.0,675.0,587.6,1,36.87,-36.87,,N-BK7,,2.0,,VIS-0-Coated-Double-Convex-DCX-Lenses (2).xlsx,EO_2538,19,cb466b524f464c7ffdace4dc1ea14ba24469dc445b22a90800d1bdd5d0901a4f,2026-08-12T16:25:48.722572+00:00
Edmund Optics,47-485,TS 両凸レンズ 9 x 9 VIS 0°,double_convex,9.0,8.1,9.0,7.9,VIS 0° (425-675nm),425.0,675.0,587.6,1,11.38,-11.38,,N-SF5,,3.45,,VIS-0-Coated-Double-Convex-DCX-Lenses (2).xlsx,EO_2538,20,cb466b524f464c7ffdace4dc1ea14ba24469dc445b22a90800d1bdd5d0901a4f,2026-08-12T16:25:48.722572+00:00
Edmund Optics,47-486,TS 両凸レンズ 9 x 13.5 VIS 0°,double_convex,9.0,8.1,13.5,12.56,VIS 0° (425-675nm),425.0,675.0,587.6,1,13.46,-13.46,,N-BK7,,2.75,,VIS-0-Coated-Double-Convex-DCX-Lenses (2).xlsx,EO_2538,21,cb466b524f464c7ffdace4dc1ea14ba24469dc445b22a90800d1bdd5d0901a4f,2026-08-12T16:25:48.722572+00:00
Edmund Optics,47-487,TS 両凸レンズ 9 x 18 VIS 0°,double_convex,9.0,8.1,18.0,17.12,VIS 0° (425-675nm),425.0,675.0,587.6,1,18.15,-18.15,,N-BK7,,2.6,,VIS-0-Coated-Double-Convex-DCX-Lenses (2).xlsx,EO_2538,22,cb466b524f464c7ffdace4dc1ea14ba24469dc445b22a90800d1bdd5d0901a4f,2026-08-12T16:25:48.722572+00:00
Edmund Optics,47-488,TS 両凸レンズ 9 x 27 VIS 0°,double_convex,9.0,8.1,27.0,26.08,VIS 0° (425-675nm),425.0,675.0,587.6,1,27.43,-27.43,,N-BK7,,2.74,,VIS-0-Coated-Double-Convex-DCX-Lenses (2).xlsx,EO_2538,23,cb466b524f464c7ffdace4dc1ea14ba24469dc445b22a90800d1bdd5d0901a4f,2026-08-12T16:25:48.722572+00:00
Edmund Optics,47-489,TS 両凸レンズ 9 x 36 VIS 0°,double_convex,9.0,8.1,36.0,35.15,VIS 0° (425-675nm),425.0,675.0,587.6,1,36.77,-36.77,,N-BK7,,2.55,,VIS-0-Coated-Double-Convex-DCX-Lenses (2).xlsx,EO_2538,24,cb466b524f464c7ffdace4dc1ea14ba24469dc445b22a90800d1bdd5d0901a4f,2026-08-12T16:25:48.722572+00:00
Edmund Optics,47-490,TS 両凸レンズ 9 x 45 VIS 0°,double_convex,9.0,8.1,45.0,44.17,VIS 0° (425-675nm),425.0,675.0,587.6,1,46.08,-46.08,,N-BK7,,2.5,,VIS-0-Coated-Double-Convex-DCX-Lenses (2).xlsx,EO_2538,25,cb466b524f464c7ffdace4dc1ea14ba24469dc445b22a90800d1bdd5d0901a4f,2026-08-12T16:25:48.722572+00:00
Edmund Optics,47-633,TS アクロマティックレンズ 25 x 30 VIS 0°,achromatic_doublet,25.0,24.0,30.0,22.23,VIS 0° (425-675nm),425.0,675.0,587.6,1,21.17,-16.08,-118.66,N-BAF10,N-SF10,11.04,3.0,VIS-0-Coated-Achromatic-Lenses (2).xlsx,EO_2684,94,9a52c3d44bd8ad4b44aecf8b4789df8e28d48871c6358bd835e9df86c0847f5b,2026-08-12T16:25:48.722572+00:00
Edmund Optics,47-634,TS アクロマティックレンズ 25 x 35 VIS 0°,achromatic_doublet,25.0,24.0,35.0,27.55,VIS 0° (425-675nm),425.0,675.0,587.6,1,24.47,-16.49,-131.65,S-BAH11,N-SF10,11.0,2.5,VIS-0-Coated-Achromatic-Lenses (2).xlsx,EO_2684,95,9a52c3d44bd8ad4b44aecf8b4789df8e28d48871c6358bd835e9df86c0847f5b,2026-08-12T16:25:48.722572+00:00
Edmund Optics,47-635,TS アクロマティックレンズ 25 x 40 VIS 0°,achromatic_doublet,25.0,24.0,40.0,33.26,VIS 0° (425-675nm),425.0,675.0,587.6,1,27.97,-18.85,-152.94,S-BAH11,N-SF10,9.5,2.5,VIS-0-Coated-Achromatic-Lenses (2).xlsx,EO_2684,96,9a52c3d44bd8ad4b44aecf8b4789df8e28d48871c6358bd835e9df86c0847f5b,2026-08-12T16:25:48.722572+00:00
Edmund Optics,47-636,TS アクロマティックレンズ 25 x 45 VIS 0°,achromatic_doublet,25.0,24.0,45.0,39.28,VIS 0° (425-675nm),425.0,675.0,587.6,1,28.75,-21.38,-82.92,N-SK11,N-SF5,7.89,3.0,VIS-0-Coated-Achromatic-Lenses (2).xlsx,EO_2684,97,9a52c3d44bd8ad4b44aecf8b4789df8e28d48871c6358bd835e9df86c0847f5b,2026-08-12T16:25:48.722572+00:00
Edmund Optics,47-637,TS アクロマティックレンズ 25 x 50 VIS 0°,achromatic_doublet,25.0,24.0,50.0,43.53,VIS 0° (425-675nm),425.0,675.0,587.6,1,34.53,-21.98,-214.63,N-BAF10,N-SF10,9.0,2.5,VIS-0-Coated-Achromatic-Lenses (2).xlsx,EO_2684,98,9a52c3d44bd8ad4b44aecf8b4789df8e28d48871c6358bd835e9df86c0847f5b,2026-08-12T16:25:48.722572+00:00
Edmund Optics,47-638,TS アクロマティックレンズ 25 x 60 VIS 0°,achromatic_doublet,25.0,24.0,60.0,52.23,VIS 0° (425-675nm),425.0,675.0,587.6,1,31.94,-29.95,-1029.79,N-SSK8,N-SF10,9.0,2.4,VIS-0-Coated-Achromatic-Lenses (2).xlsx,EO_2684,99,9a52c3d44bd8ad4b44aecf8b4789df8e28d48871c6358bd835e9df86c0847f5b,2026-08-12T16:25:48.722572+00:00
Edmund Optics,47-639,TS アクロマティックレンズ 25 x 75 VIS 0°,achromatic_doublet,25.0,24.0,75.0,70.39,VIS 0° (425-675nm),425.0,675.0,587.6,1,46.44,-33.77,-95.94,N-BK7,N-SF5,7.0,2.5,VIS-0-Coated-Achromatic-Lenses (2).xlsx,EO_2684,100,9a52c3d44bd8ad4b44aecf8b4789df8e28d48871c6358bd835e9df86c0847f5b,2026-08-12T16:25:48.722572+00:00
Edmund Optics,47-640,TS アクロマティックレンズ 25 x 85 VIS 0°,achromatic_doublet,25.0,24.0,85.0,81.21,VIS 0° (425-675nm),425.0,675.0,587.6,1,55.68,-38.37,-146.45,N-SK11,N-SF5,5.01,3.0,VIS-0-Coated-Achromatic-Lenses (2).xlsx,EO_2684,101,9a52c3d44bd8ad4b44aecf8b4789df8e28d48871c6358bd835e9df86c0847f5b,2026-08-12T16:25:48.722572+00:00
Edmund Optics,47-641,TS アクロマティックレンズ 25 x 100 VIS 0°,achromatic_doublet,25.0,24.0,100.0,95.92,VIS 0° (425-675nm),425.0,675.0,587.6,1,61.47,-44.64,-129.94,N-BK7,N-SF5,6.0,2.5,VIS-0-Coated-Achromatic-Lenses (2).xlsx,EO_2684,102,9a52c3d44bd8ad4b44aecf8b4789df8e28d48871c6358bd835e9df86c0847f5b,2026-08-12T16:25:48.722572+00:00
Edmund Optics,47-642,TS アクロマティックレンズ 25 x 125 VIS 0°,achromatic_doublet,25.0,24.0,125.0,120.89,VIS 0° (425-675nm),425.0,675.0,587.6,1,76.28,-54.55,-162.43,N-BK7,N-SF5,6.0,2.4,VIS-0-Coated-Achromatic-Lenses (2).xlsx,EO_2684,103,9a52c3d44bd8ad4b44aecf8b4789df8e28d48871c6358bd835e9df86c0847f5b,2026-08-12T16:25:48.722572+00:00
Edmund Optics,47-643,TS アクロマティックレンズ 25 x 150 VIS 0°,achromatic_doublet,25.0,24.0,150.0,146.1,VIS 0° (425-675nm),425.0,675.0,587.6,1,91.37,-66.21,-197.71,N-BK7,N-SF5,5.7,2.2,VIS-0-Coated-Achromatic-Lenses (2).xlsx,EO_2684,104,9a52c3d44bd8ad4b44aecf8b4789df8e28d48871c6358bd835e9df86c0847f5b,2026-08-12T16:25:48.722572+00:00
Edmund Optics,47-644,TS アクロマティックレンズ 25 x 175 VIS 0°,achromatic_doublet,25.0,24.0,175.0,170.84,VIS 0° (425-675nm),425.0,675.0,587.6,1,109.16,-79.38,-226.03,N-BK7,N-SF5,6.0,3.0,VIS-0-Coated-Achromatic-Lenses (2).xlsx,EO_2684,106,9a52c3d44bd8ad4b44aecf8b4789df8e28d48871c6358bd835e9df86c0847f5b,2026-08-12T16:25:48.722572+00:00
Edmund Optics,47-645,TS アクロマティックレンズ 25 x 200 VIS 0°,achromatic_doublet,25.0,24.0,200.0,194.14,VIS 0° (425-675nm),425.0,675.0,587.6,1,124.12,-87.26,-253.1,N-BK7,N-SF5,8.5,4.0,VIS-0-Coated-Achromatic-Lenses (2).xlsx,EO_2684,107,9a52c3d44bd8ad4b44aecf8b4789df8e28d48871c6358bd835e9df86c0847f5b,2026-08-12T16:25:48.722572+00:00
Edmund Optics,47-646,TS アクロマティックレンズ 25 x 225 VIS 0°,achromatic_doublet,25.0,24.0,225.0,222.69,VIS 0° (425-675nm),425.0,675.0,587.6,1,139.53,-100.21,-291.32,N-BK7,N-SF5,3.0,2.5,VIS-0-Coated-Achromatic-Lenses (2).xlsx,EO_2684,108,9a52c3d44bd8ad4b44aecf8b4789df8e28d48871c6358bd835e9df86c0847f5b,2026-08-12T16:25:48.722572+00:00
Edmund Optics,47-647,TS アクロマティックレンズ 25 x 250 VIS 0°,achromatic_doublet,25.0,24.0,250.0,246.63,VIS 0° (425-675nm),425.0,675.0,587.6,1,160.73,-105.64,-295.75,N-BK7,N-SF5,5.0,2.5,VIS-0-Coated-Achromatic-Lenses (2).xlsx,EO_2684,109,9a52c3d44bd8ad4b44aecf8b4789df8e28d48871c6358bd835e9df86c0847f5b,2026-08-12T16:25:48.722572+00:00
Edmund Optics,47-648,TS アクロマティックレンズ 25 x 275 VIS 0°,achromatic_doublet,25.0,24.0,275.0,271.6,VIS 0° (425-675nm),425.0,675.0,587.6,1,171.03,-121.54,-352.46,N-BK7,N-SF5,5.0,2.5,VIS-0-Coated-Achromatic-Lenses (2).xlsx,EO_2684,110,9a52c3d44bd8ad4b44aecf8b4789df8e28d48871c6358bd835e9df86c0847f5b,2026-08-12T16:25:48.722572+00:00
Edmund Optics,47-649,TS アクロマティックレンズ 25 x 300 VIS 0°,achromatic_doublet,25.0,24.0,300.0,297.73,VIS 0° (425-675nm),425.0,675.0,587.6,1,184.84,-134.06,-393.98,N-BK7,N-SF5,3.0,2.5,VIS-0-Coated-Achromatic-Lenses (2).xlsx,EO_2684,111,9a52c3d44bd8ad4b44aecf8b4789df8e28d48871c6358bd835e9df86c0847f5b,2026-08-12T16:25:48.722572+00:00
Edmund Optics,47-650,TS アクロマティックレンズ 25 x 400 VIS 0°,achromatic_doublet,25.0,24.0,400.0,397.84,VIS 0° (425-675nm),425.0,675.0,587.6,1,244.65,-179.62,-534.1,N-BK7,N-SF5,3.0,2.5,VIS-0-Coated-Achromatic-Lenses (2).xlsx,EO_2684,112,9a52c3d44bd8ad4b44aecf8b4789df8e28d48871c6358bd835e9df86c0847f5b,2026-08-12T16:25:48.722572+00:00
Edmund Optics,47-651,TS アクロマティックレンズ 25 x 500 VIS 0°,achromatic_doublet,25.0,24.0,500.0,497.57,VIS 0° (425-675nm),425.0,675.0,587.6,1,290.71,-232.07,-750.52,N-BK7,N-SF5,3.0,2.5,VIS-0-Coated-Achromatic-Lenses (2).xlsx,EO_2684,113,9a52c3d44bd8ad4b44aecf8b4789df8e28d48871c6358bd835e9df86c0847f5b,2026-08-12T16:25:48.722572+00:00
Edmund Optics,47-652,TS アクロマティックレンズ 9 x 12 VIS 0°,achromatic_doublet,9.0,8.1,12.0,8.33,VIS 0° (425-675nm),425.0,675.0,587.6,1,8.37,-7.01,-26.18,N-BAF10,N-SF57,5.0,2.0,VIS-0-Coated-Achromatic-Lenses (2).xlsx,EO_2684,30,9a52c3d44bd8ad4b44aecf8b4789df8e28d48871c6358bd835e9df86c0847f5b,2026-08-12T16:25:48.722572+00:00
Edmund Optics,47-653,TS アクロマティックレンズ 9 x 18 VIS 0°,achromatic_doublet,9.0,8.1,18.0,14.91,VIS 0° (425-675nm),425.0,675.0,587.6,1,12.37,-7.38,-73.86,N-BAF10,N-SF10,4.32,1.15,VIS-0-Coated-Achromatic-Lenses (2).xlsx,EO_2684,32,9a52c3d44bd8ad4b44aecf8b4789df8e28d48871c6358bd835e9df86c0847f5b,2026-08-12T16:25:48.722572+00:00
Edmund Optics,47-654,TS アクロマティックレンズ 9 x 27 VIS 0°,achromatic_doublet,9.0,8.1,27.0,24.22,VIS 0° (425-675nm),425.0,675.0,587.6,1,15.36,-12.01,-39.56,N-BK7,N-SF5,3.89,1.3,VIS-0-Coated-Achromatic-Lenses (2).xlsx,EO_2684,34,9a52c3d44bd8ad4b44aecf8b4789df8e28d48871c6358bd835e9df86c0847f5b,2026-08-12T16:25:48.722572+00:00
Edmund Optics,47-655,TS アクロマティックレンズ 9 x 36 VIS 0°,achromatic_doublet,9.0,8.1,36.0,34.17,VIS 0° (425-675nm),425.0,675.0,587.6,1,22.16,-15.98,-46.14,N-BK7,N-SF5,2.5,1.5,VIS-0-Coated-Achromatic-Lenses (2).xlsx,EO_2684,35,9a52c3d44bd8ad4b44aecf8b4789df8e28d48871c6358bd835e9df86c0847f5b,2026-08-12T16:25:48.722572+00:00
Edmund Optics,47-656,TS アクロマティックレンズ 9 x 40 VIS 0°,achromatic_doublet,9.0,8.1,40.0,37.54,VIS 0° (425-675nm),425.0,675.0,587.6,1,24.77,-18.01,-51.17,N-BK7,N-SF5,3.73,1.33,VIS-0-Coated-Achromatic-Lenses (2).xlsx,EO_2684,36,9a52c3d44bd8ad4b44aecf8b4789df8e28d48871c6358bd835e9df86c0847f5b,2026-08-12T16:25:48.722572+00:00
Edmund Optics,47-657,TS アクロマティックレンズ 9 x 45 VIS 0°,achromatic_doublet,9.0,8.1,45.0,42.97,VIS 0° (425-675nm),425.0,675.0,587.6,1,27.83,-19.75,-57.06,N-BK7,N-SF5,3.0,1.3,VIS-0-Coated-Achromatic-Lenses (2).xlsx,EO_2684,37,9a52c3d44bd8ad4b44aecf8b4789df8e28d48871c6358bd835e9df86c0847f5b,2026-08-12T16:25:48.722572+00:00
Edmund Optics,47-658,TS アクロマティックレンズ 9 x 60 VIS 0°,achromatic_doublet,9.0,8.1,60.0,57.59,VIS 0° (425-675nm),425.0,675.0,587.6,1,36.51,-26.33,-78.35,N-BK7,N-SF5,3.5,1.5,VIS-0-Coated-Achromatic-Lenses (2).xlsx,EO_2684,38,9a52c3d44bd8ad4b44aecf8b4789df8e28d48871c6358bd835e9df86c0847f5b,2026-08-12T16:25:48.722572+00:00
Edmund Optics,47-659,TS アクロマティックレンズ 9 x 75 VIS 0°,achromatic_doublet,9.0,8.1,75.0,72.35,VIS 0° (425-675nm),425.0,675.0,587.6,1,46.44,-33.77,-95.94,N-BK7,N-SF5,3.0,1.6,VIS-0-Coated-Achromatic-Lenses (2).xlsx,EO_2684,39,9a52c3d44bd8ad4b44aecf8b4789df8e28d48871c6358bd835e9df86c0847f5b,2026-08-12T16:25:48.722572+00:00
Edmund Optics,47-660,TS アクロマティックレンズ 12.5 x 14 VIS 0°,achromatic_doublet,12.5,11.5,14.0,9.92,VIS 0° (425-675nm),425.0,675.0,587.6,1,10.6,-7.72,-56.54,N-BAF10,N-SF5,6.23,1.5,VIS-0-Coated-Achromatic-Lenses (2).xlsx,EO_2684,48,9a52c3d44bd8ad4b44aecf8b4789df8e28d48871c6358bd835e9df86c0847f5b,2026-08-12T16:25:48.722572+00:00
Edmund Optics,47-661,TS アクロマティックレンズ 12.5 x 20 VIS 0°,achromatic_doublet,12.5,11.5,20.0,16.45,VIS 0° (425-675nm),425.0,675.0,587.6,1,13.98,-9.35,-76.14,S-BAH11,N-SF10,5.25,1.1,VIS-0-Coated-Achromatic-Lenses (2).xlsx,EO_2684,50,9a52c3d44bd8ad4b44aecf8b4789df8e28d48871c6358bd835e9df86c0847f5b,2026-08-12T16:25:48.722572+00:00
Edmund Optics,47-662,TS アクロマティックレンズ 12.5 x 25 VIS 0°,achromatic_doublet,12.5,11.5,25.0,21.47,VIS 0° (425-675nm),425.0,675.0,587.6,1,17.27,-10.99,-107.03,N-BAF10,N-SF10,5.0,1.25,VIS-0-Coated-Achromatic-Lenses (2).xlsx,EO_2684,51,9a52c3d44bd8ad4b44aecf8b4789df8e28d48871c6358bd835e9df86c0847f5b,2026-08-12T16:25:48.722572+00:00
Edmund Optics,47-663,TS アクロマティックレンズ 12.5 x 30 VIS 0°,achromatic_doublet,12.5,11.5,30.0,26.12,VIS 0° (425-675nm),425.0,675.0,587.6,1,15.97,-15.0,-528.23,N-SSK8,N-SF10,4.5,1.2,VIS-0-Coated-Achromatic-Lenses (2).xlsx,EO_2684,52,9a52c3d44bd8ad4b44aecf8b4789df8e28d48871c6358bd835e9df86c0847f5b,2026-08-12T16:25:48.722572+00:00
Edmund Optics,47-664,TS アクロマティックレンズ 12.5 x 35 VIS 0°,achromatic_doublet,12.5,11.5,35.0,32.5,VIS 0° (425-675nm),425.0,675.0,587.6,1,22.94,-15.54,-58.84,N-SK11,N-SF5,3.68,1.5,VIS-0-Coated-Achromatic-Lenses (2).xlsx,EO_2684,53,9a52c3d44bd8ad4b44aecf8b4789df8e28d48871c6358bd835e9df86c0847f5b,2026-08-12T16:25:48.722572+00:00
Edmund Optics,47-665,TS アクロマティックレンズ 12.5 x 40 VIS 0°,achromatic_doublet,12.5,11.5,40.0,37.54,VIS 0° (425-675nm),425.0,675.0,587.6,1,24.77,-18.01,-51.17,N-BK7,N-SF5,3.73,1.33,VIS-0-Coated-Achromatic-Lenses (2).xlsx,EO_2684,54,9a52c3d44bd8ad4b44aecf8b4789df8e28d48871c6358bd835e9df86c0847f5b,2026-08-12T16:25:48.722572+00:00
Edmund Optics,47-666,TS アクロマティックレンズ 12.5 x 45 VIS 0°,achromatic_doublet,12.5,11.5,45.0,42.52,VIS 0° (425-675nm),425.0,675.0,587.6,1,26.82,-20.12,-61.38,N-BK7,N-SF5,3.5,1.5,VIS-0-Coated-Achromatic-Lenses (2).xlsx,EO_2684,55,9a52c3d44bd8ad4b44aecf8b4789df8e28d48871c6358bd835e9df86c0847f5b,2026-08-12T16:25:48.722572+00:00
Edmund Optics,47-667,TS アクロマティックレンズ 12.5 x 50 VIS 0°,achromatic_doublet,12.5,11.5,50.0,47.61,VIS 0° (425-675nm),425.0,675.0,587.6,1,30.73,-22.32,-64.75,N-BK7,N-SF5,3.5,1.5,VIS-0-Coated-Achromatic-Lenses (2).xlsx,EO_2684,56,9a52c3d44bd8ad4b44aecf8b4789df8e28d48871c6358bd835e9df86c0847f5b,2026-08-12T16:25:48.722572+00:00
Edmund Optics,47-668,TS アクロマティックレンズ 12.5 x 60 VIS 0°,achromatic_doublet,12.5,11.5,60.0,57.59,VIS 0° (425-675nm),425.0,675.0,587.6,1,36.51,-26.33,-78.35,N-BK7,N-SF5,3.5,1.5,VIS-0-Coated-Achromatic-Lenses (2).xlsx,EO_2684,57,9a52c3d44bd8ad4b44aecf8b4789df8e28d48871c6358bd835e9df86c0847f5b,2026-08-12T16:25:48.722572+00:00
Edmund Optics,47-669,TS アクロマティックレンズ 12.5 x 75 VIS 0°,achromatic_doublet,12.5,11.5,75.0,72.35,VIS 0° (425-675nm),425.0,675.0,587.6,1,46.44,-33.77,-95.94,N-BK7,N-SF5,3.0,1.6,VIS-0-Coated-Achromatic-Lenses (2).xlsx,EO_2684,58,9a52c3d44bd8ad4b44aecf8b4789df8e28d48871c6358bd835e9df86c0847f5b,2026-08-12T16:25:48.722572+00:00
Edmund Optics,47-670,TS アクロマティックレンズ 12.5 x 80 VIS 0°,achromatic_doublet,12.5,11.5,80.0,78.4,VIS 0° (425-675nm),425.0,675.0,587.6,1,49.62,-35.73,-103.22,N-BK7,N-SF5,2.1,1.6,VIS-0-Coated-Achromatic-Lenses (2).xlsx,EO_2684,59,9a52c3d44bd8ad4b44aecf8b4789df8e28d48871c6358bd835e9df86c0847f5b,2026-08-12T16:25:48.722572+00:00
Edmund Optics,47-671,TS アクロマティックレンズ 12.5 x 90 VIS 0°,achromatic_doublet,12.5,11.5,90.0,88.47,VIS 0° (425-675nm),425.0,675.0,587.6,1,55.8,-40.17,-116.32,N-BK7,N-SF5,1.98,1.6,VIS-0-Coated-Achromatic-Lenses (2).xlsx,EO_2684,60,9a52c3d44bd8ad4b44aecf8b4789df8e28d48871c6358bd835e9df86c0847f5b,2026-08-12T16:25:48.722572+00:00
Edmund Optics,47-672,TS アクロマティックレンズ 12.5 x 100 VIS 0°,achromatic_doublet,12.5,11.5,100.0,97.92,VIS 0° (425-675nm),425.0,675.0,587.6,1,61.54,-44.39,-130.26,N-BK7,N-SF5,3.0,1.5,VIS-0-Coated-Achromatic-Lenses (2).xlsx,EO_2684,61,9a52c3d44bd8ad4b44aecf8b4789df8e28d48871c6358bd835e9df86c0847f5b,2026-08-12T16:25:48.722572+00:00
Edmund Optics,47-689,TS アクロマティックレンズ 6.25 x 10 VIS 0°,achromatic_doublet,6.25,5.625,10.0,7.83,VIS 0° (425-675nm),425.0,675.0,587.6,1,6.98,-4.35,-41.01,N-BAF10,N-SF10,3.06,1.03,VIS-0-Coated-Achromatic-Lenses (2).xlsx,EO_2684,19,9a52c3d44bd8ad4b44aecf8b4789df8e28d48871c6358bd835e9df86c0847f5b,2026-08-12T16:25:48.722572+00:00
Edmund Optics,47-690,TS アクロマティックレンズ 6.25 x 12.5 VIS 0°,achromatic_doublet,6.25,5.625,12.5,10.36,VIS 0° (425-675nm),425.0,675.0,587.6,1,8.63,-5.29,-51.17,N-BAF10,N-SF10,3.0,0.8,VIS-0-Coated-Achromatic-Lenses (2).xlsx,EO_2684,20,9a52c3d44bd8ad4b44aecf8b4789df8e28d48871c6358bd835e9df86c0847f5b,2026-08-12T16:25:48.722572+00:00
Edmund Optics,47-691,TS アクロマティックレンズ 6.25 x 15 VIS 0°,achromatic_doublet,6.25,5.625,15.0,12.73,VIS 0° (425-675nm),425.0,675.0,587.6,1,7.95,-7.25,-277.83,N-SSK8,N-SF10,2.7,0.6,VIS-0-Coated-Achromatic-Lenses (2).xlsx,EO_2684,21,9a52c3d44bd8ad4b44aecf8b4789df8e28d48871c6358bd835e9df86c0847f5b,2026-08-12T16:25:48.722572+00:00
Edmund Optics,47-692,TS アクロマティックレンズ 6.25 x 20 VIS 0°,achromatic_doublet,6.25,5.625,20.0,18.23,VIS 0° (425-675nm),425.0,675.0,587.6,1,12.3,-8.71,-24.98,N-BK7,N-SF5,2.7,0.9,VIS-0-Coated-Achromatic-Lenses (2).xlsx,EO_2684,23,9a52c3d44bd8ad4b44aecf8b4789df8e28d48871c6358bd835e9df86c0847f5b,2026-08-12T16:25:48.722572+00:00
Edmund Optics,47-693,TS アクロマティックレンズ 6.25 x 25 VIS 0°,achromatic_doublet,6.25,5.625,25.0,23.45,VIS 0° (425-675nm),425.0,675.0,587.6,1,15.37,-11.16,-32.17,N-BK7,N-SF5,2.3,0.9,VIS-0-Coated-Achromatic-Lenses (2).xlsx,EO_2684,24,9a52c3d44bd8ad4b44aecf8b4789df8e28d48871c6358bd835e9df86c0847f5b,2026-08-12T16:25:48.722572+00:00
Edmund Optics,47-694,TS アクロマティックレンズ 6.25 x 30 VIS 0°,achromatic_doublet,6.25,5.625,30.0,28.43,VIS 0° (425-675nm),425.0,675.0,587.6,1,18.11,-13.51,-39.29,N-BK7,N-SF5,2.3,0.9,VIS-0-Coated-Achromatic-Lenses (2).xlsx,EO_2684,25,9a52c3d44bd8ad4b44aecf8b4789df8e28d48871c6358bd835e9df86c0847f5b,2026-08-12T16:25:48.722572+00:00
Edmund Optics,47-695,TS アクロマティックレンズ 6.25 x 35 VIS 0°,achromatic_doublet,6.25,5.625,35.0,33.59,VIS 0° (425-675nm),425.0,675.0,587.6,1,23.14,-14.51,-38.86,N-BK7,N-SF5,2.3,0.9,VIS-0-Coated-Achromatic-Lenses (2).xlsx,EO_2684,26,9a52c3d44bd8ad4b44aecf8b4789df8e28d48871c6358bd835e9df86c0847f5b,2026-08-12T16:25:48.722572+00:00
Edmund Optics,47-696,TS アクロマティックレンズ 6.25 x 40 VIS 0°,achromatic_doublet,6.25,5.625,40.0,38.46,VIS 0° (425-675nm),425.0,675.0,587.6,1,25.05,-17.27,-49.33,N-BK7,N-SF5,2.3,1.0,VIS-0-Coated-Achromatic-Lenses (2).xlsx,EO_2684,27,9a52c3d44bd8ad4b44aecf8b4789df8e28d48871c6358bd835e9df86c0847f5b,2026-08-12T16:25:48.722572+00:00
Edmund Optics,47-697,TS アクロマティックレンズ 6.25 x 50 VIS 0°,achromatic_doublet,6.25,5.625,50.0,48.61,VIS 0° (425-675nm),425.0,675.0,587.6,1,30.77,-22.05,-64.6,N-BK7,N-SF5,2.0,1.0,VIS-0-Coated-Achromatic-Lenses (2).xlsx,EO_2684,28,9a52c3d44bd8ad4b44aecf8b4789df8e28d48871c6358bd835e9df86c0847f5b,2026-08-12T16:25:48.722572+00:00
Edmund Optics,47-698,TS アクロマティックレンズ 6.25 x 60 VIS 0°,achromatic_doublet,6.25,5.625,60.0,58.46,VIS 0° (425-675nm),425.0,675.0,587.6,1,37.16,-26.28,-76.48,N-BK7,N-SF5,2.3,1.0,VIS-0-Coated-Achromatic-Lenses (2).xlsx,EO_2684,29,9a52c3d44bd8ad4b44aecf8b4789df8e28d48871c6358bd835e9df86c0847f5b,2026-08-12T16:25:48.722572+00:00
Edmund Optics,47-699,TS アクロマティックレンズ 15 x 25 VIS 0°,achromatic_doublet,15.0,14.0,25.0,20.98,VIS 0° (425-675nm),425.0,675.0,587.6,1,17.97,-11.2,-85.31,S-BAH11,N-SF10,6.27,1.76,VIS-0-Coated-Achromatic-Lenses (2).xlsx,EO_2684,71,9a52c3d44bd8ad4b44aecf8b4789df8e28d48871c6358bd835e9df86c0847f5b,2026-08-12T16:25:48.722572+00:00
Edmund Optics,47-700,TS アクロマティックレンズ 15 x 30 VIS 0°,achromatic_doublet,15.0,14.0,30.0,25.78,VIS 0° (425-675nm),425.0,675.0,587.6,1,20.72,-13.17,-128.44,N-BAF10,N-SF10,6.0,1.5,VIS-0-Coated-Achromatic-Lenses (2).xlsx,EO_2684,72,9a52c3d44bd8ad4b44aecf8b4789df8e28d48871c6358bd835e9df86c0847f5b,2026-08-12T16:25:48.722572+00:00
Edmund Optics,47-701,TS アクロマティックレンズ 15 x 40 VIS 0°,achromatic_doublet,15.0,14.0,40.0,35.63,VIS 0° (425-675nm),425.0,675.0,587.6,1,26.97,-17.64,-205.03,N-BAF10,N-SF10,5.98,1.6,VIS-0-Coated-Achromatic-Lenses (2).xlsx,EO_2684,73,9a52c3d44bd8ad4b44aecf8b4789df8e28d48871c6358bd835e9df86c0847f5b,2026-08-12T16:25:48.722572+00:00
Edmund Optics,47-702,TS アクロマティックレンズ 15 x 50 VIS 0°,achromatic_doublet,15.0,14.0,50.0,46.17,VIS 0° (425-675nm),425.0,675.0,587.6,1,26.81,-23.82,-90.79,N-BK7,N-SF5,5.0,1.5,VIS-0-Coated-Achromatic-Lenses (2).xlsx,EO_2684,74,9a52c3d44bd8ad4b44aecf8b4789df8e28d48871c6358bd835e9df86c0847f5b,2026-08-12T16:25:48.722572+00:00
Edmund Optics,47-703,TS アクロマティックレンズ 15 x 75 VIS 0°,achromatic_doublet,15.0,14.0,75.0,70.78,VIS 0° (425-675nm),425.0,675.0,587.6,1,39.61,-36.46,-145.02,N-BK7,N-SF5,5.0,2.5,VIS-0-Coated-Achromatic-Lenses (2).xlsx,EO_2684,76,9a52c3d44bd8ad4b44aecf8b4789df8e28d48871c6358bd835e9df86c0847f5b,2026-08-12T16:25:48.722572+00:00
Edmund Optics,47-704,TS アクロマティックレンズ 18 x 27 VIS 0°,achromatic_doublet,18.0,17.0,27.0,21.74,VIS 0° (425-675nm),425.0,675.0,587.6,1,18.7,-13.11,-119.12,N-BAF10,N-SF10,7.67,1.6,VIS-0-Coated-Achromatic-Lenses (2).xlsx,EO_2684,78,9a52c3d44bd8ad4b44aecf8b4789df8e28d48871c6358bd835e9df86c0847f5b,2026-08-12T16:25:48.722572+00:00
Edmund Optics,47-705,TS アクロマティックレンズ 18 x 30 VIS 0°,achromatic_doublet,18.0,17.0,30.0,24.97,VIS 0° (425-675nm),425.0,675.0,587.6,1,20.73,-14.31,-133.58,N-BAF10,N-SF10,6.91,2.0,VIS-0-Coated-Achromatic-Lenses (2).xlsx,EO_2684,79,9a52c3d44bd8ad4b44aecf8b4789df8e28d48871c6358bd835e9df86c0847f5b,2026-08-12T16:25:48.722572+00:00
Edmund Optics,47-706,TS アクロマティックレンズ 18 x 35 VIS 0°,achromatic_doublet,18.0,17.0,35.0,30.72,VIS 0° (425-675nm),425.0,675.0,587.6,1,24.26,-16.23,-152.99,N-BAF10,N-SF10,6.01,1.6,VIS-0-Coated-Achromatic-Lenses (2).xlsx,EO_2684,80,9a52c3d44bd8ad4b44aecf8b4789df8e28d48871c6358bd835e9df86c0847f5b,2026-08-12T16:25:48.722572+00:00
Edmund Optics,47-707,TS アクロマティックレンズ 18 x 40 VIS 0°,achromatic_doublet,18.0,17.0,40.0,35.63,VIS 0° (425-675nm),425.0,675.0,587.6,1,26.97,-17.64,-205.03,N-BAF10,N-SF10,5.98,1.6,VIS-0-Coated-Achromatic-Lenses (2).xlsx,EO_2684,81,9a52c3d44bd8ad4b44aecf8b4789df8e28d48871c6358bd835e9df86c0847f5b,2026-08-12T16:25:48.722572+00:00
Edmund Optics,47-708,TS アクロマティックレンズ 18 x 50 VIS 0°,achromatic_doublet,18.0,17.0,50.0,45.24,VIS 0° (425-675nm),425.0,675.0,587.6,1,27.12,-25.66,-538.7,N-SSK8,N-SF10,5.0,2.3,VIS-0-Coated-Achromatic-Lenses (2).xlsx,EO_2684,82,9a52c3d44bd8ad4b44aecf8b4789df8e28d48871c6358bd835e9df86c0847f5b,2026-08-12T16:25:48.722572+00:00
Edmund Optics,47-709,TS アクロマティックレンズ 18 x 60 VIS 0°,achromatic_doublet,18.0,17.0,60.0,56.79,VIS 0° (425-675nm),425.0,675.0,587.6,1,42.51,-26.24,-226.77,N-BAF10,N-SF10,3.85,2.0,VIS-0-Coated-Achromatic-Lenses (2).xlsx,EO_2684,83,9a52c3d44bd8ad4b44aecf8b4789df8e28d48871c6358bd835e9df86c0847f5b,2026-08-12T16:25:48.722572+00:00
Edmund Optics,47-710,TS アクロマティックレンズ 18 x 75 VIS 0°,achromatic_doublet,18.0,17.0,75.0,72.15,VIS 0° (425-675nm),425.0,675.0,587.6,1,53.03,-32.72,-288.05,N-BAF10,N-SF10,3.27,2.0,VIS-0-Coated-Achromatic-Lenses (2).xlsx,EO_2684,84,9a52c3d44bd8ad4b44aecf8b4789df8e28d48871c6358bd835e9df86c0847f5b,2026-08-12T16:25:48.722572+00:00
Edmund Optics,47-711,TS アクロマティックレンズ 18 x 80 VIS 0°,achromatic_doublet,18.0,17.0,80.0,76.52,VIS 0° (425-675nm),425.0,675.0,587.6,1,49.67,-34.73,-100.11,N-BK7,N-SF5,5.0,2.5,VIS-0-Coated-Achromatic-Lenses (2).xlsx,EO_2684,85,9a52c3d44bd8ad4b44aecf8b4789df8e28d48871c6358bd835e9df86c0847f5b,2026-08-12T16:25:48.722572+00:00
Edmund Optics,47-712,TS アクロマティックレンズ 18 x 125 VIS 0°,achromatic_doublet,18.0,17.0,125.0,121.95,VIS 0° (425-675nm),425.0,675.0,587.6,1,76.92,-55.48,-162.59,N-BK7,N-SF5,4.5,2.0,VIS-0-Coated-Achromatic-Lenses (2).xlsx,EO_2684,86,9a52c3d44bd8ad4b44aecf8b4789df8e28d48871c6358bd835e9df86c0847f5b,2026-08-12T16:25:48.722572+00:00
Edmund Optics,47-713,TS アクロマティックレンズ 30 x 50 VIS 0°,achromatic_doublet,30.0,29.0,50.0,42.57,VIS 0° (425-675nm),425.0,675.0,587.6,1,34.81,-22.12,-203.48,N-BAF10,N-SF10,11.0,2.2,VIS-0-Coated-Achromatic-Lenses (2).xlsx,EO_2684,122,9a52c3d44bd8ad4b44aecf8b4789df8e28d48871c6358bd835e9df86c0847f5b,2026-08-12T16:25:48.722572+00:00
Edmund Optics,47-714,TS アクロマティックレンズ 30 x 60 VIS 0°,achromatic_doublet,30.0,29.0,60.0,52.5,VIS 0° (425-675nm),425.0,675.0,587.6,1,32.6,-31.81,-799.64,N-SSK8,N-SF10,8.47,2.99,VIS-0-Coated-Achromatic-Lenses (2).xlsx,EO_2684,123,9a52c3d44bd8ad4b44aecf8b4789df8e28d48871c6358bd835e9df86c0847f5b,2026-08-12T16:25:48.722572+00:00
Edmund Optics,47-715,TS アクロマティックレンズ 30 x 75 VIS 0°,achromatic_doublet,30.0,29.0,75.0,67.44,VIS 0° (425-675nm),425.0,675.0,587.6,1,40.51,-38.68,-922.04,N-SSK8,N-SF10,8.4,3.0,VIS-0-Coated-Achromatic-Lenses (2).xlsx,EO_2684,124,9a52c3d44bd8ad4b44aecf8b4789df8e28d48871c6358bd835e9df86c0847f5b,2026-08-12T16:25:48.722572+00:00
Edmund Optics,47-716,TS アクロマティックレンズ 30 x 100 VIS 0°,achromatic_doublet,30.0,29.0,100.0,94.54,VIS 0° (425-675nm),425.0,675.0,587.6,1,61.36,-44.3,-128.9,N-BK7,N-SF5,8.25,2.8,VIS-0-Coated-Achromatic-Lenses (2).xlsx,EO_2684,125,9a52c3d44bd8ad4b44aecf8b4789df8e28d48871c6358bd835e9df86c0847f5b,2026-08-12T16:25:48.722572+00:00
Edmund Optics,47-717,TS アクロマティックレンズ 30 x 125 VIS 0°,achromatic_doublet,30.0,29.0,125.0,121.32,VIS 0° (425-675nm),425.0,675.0,587.6,1,81.53,-56.59,-220.08,N-SK11,N-SF5,4.92,2.5,VIS-0-Coated-Achromatic-Lenses (2).xlsx,EO_2684,126,9a52c3d44bd8ad4b44aecf8b4789df8e28d48871c6358bd835e9df86c0847f5b,2026-08-12T16:25:48.722572+00:00
Edmund Optics,47-718,TS アクロマティックレンズ 30 x 150 VIS 0°,achromatic_doublet,30.0,29.0,150.0,144.63,VIS 0° (425-675nm),425.0,675.0,587.6,1,91.31,-65.57,-195.87,N-BK7,N-SF5,8.1,2.6,VIS-0-Coated-Achromatic-Lenses (2).xlsx,EO_2684,127,9a52c3d44bd8ad4b44aecf8b4789df8e28d48871c6358bd835e9df86c0847f5b,2026-08-12T16:25:48.722572+00:00
Edmund Optics,47-719,TS アクロマティックレンズ 30 x 200 VIS 0°,achromatic_doublet,30.0,29.0,200.0,196.57,VIS 0° (425-675nm),425.0,675.0,587.6,1,123.77,-89.22,-259.43,N-BK7,N-SF5,5.0,2.5,VIS-0-Coated-Achromatic-Lenses (2).xlsx,EO_2684,128,9a52c3d44bd8ad4b44aecf8b4789df8e28d48871c6358bd835e9df86c0847f5b,2026-08-12T16:25:48.722572+00:00
Edmund Optics,47-720,TS アクロマティックレンズ 30 x 300 VIS 0°,achromatic_doublet,30.0,29.0,300.0,296.85,VIS 0° (425-675nm),425.0,675.0,587.6,1,184.4,-133.95,-394.96,N-BK7,N-SF5,4.5,2.5,VIS-0-Coated-Achromatic-Lenses (2).xlsx,EO_2684,155,9a52c3d44bd8ad4b44aecf8b4789df8e28d48871c6358bd835e9df86c0847f5b,2026-08-12T16:25:48.722572+00:00
Edmund Optics,47-733,TS アクロマティックレンズ 20 x 30 VIS 0°,achromatic_doublet,20.0,19.0,30.0,24.7,VIS 0° (425-675nm),425.0,675.0,587.6,1,21.41,-13.75,-105.58,S-BAH11,N-SF10,8.4,1.76,VIS-0-Coated-Achromatic-Lenses (2).xlsx,EO_2684,88,9a52c3d44bd8ad4b44aecf8b4789df8e28d48871c6358bd835e9df86c0847f5b,2026-08-12T16:25:48.722572+00:00
Edmund Optics,47-734,TS アクロマティックレンズ 20 x 35 VIS 0°,achromatic_doublet,20.0,19.0,35.0,29.9,VIS 0° (425-675nm),425.0,675.0,587.6,1,24.24,-15.96,-139.78,S-BAH11,N-SF10,7.33,1.76,VIS-0-Coated-Achromatic-Lenses (2).xlsx,EO_2684,89,9a52c3d44bd8ad4b44aecf8b4789df8e28d48871c6358bd835e9df86c0847f5b,2026-08-12T16:25:48.722572+00:00
Edmund Optics,47-735,TS アクロマティックレンズ 20 x 40 VIS 0°,achromatic_doublet,20.0,19.0,40.0,34.4,VIS 0° (425-675nm),425.0,675.0,587.6,1,27.63,-17.58,-171.25,N-BAF10,N-SF10,8.0,2.0,VIS-0-Coated-Achromatic-Lenses (2).xlsx,EO_2684,90,9a52c3d44bd8ad4b44aecf8b4789df8e28d48871c6358bd835e9df86c0847f5b,2026-08-12T16:25:48.722572+00:00
Edmund Optics,47-736,TS アクロマティックレンズ 20 x 60 VIS 0°,achromatic_doublet,20.0,19.0,60.0,56.51,VIS 0° (425-675nm),425.0,675.0,587.6,1,35.92,-28.12,-83.79,N-BK7,N-SF5,5.0,2.0,VIS-0-Coated-Achromatic-Lenses (2).xlsx,EO_2684,92,9a52c3d44bd8ad4b44aecf8b4789df8e28d48871c6358bd835e9df86c0847f5b,2026-08-12T16:25:48.722572+00:00
Edmund Optics,47-737,TS アクロマティックレンズ 40 x 60 VIS 0°,achromatic_doublet,40.0,39.0,60.0,50.29,VIS 0° (425-675nm),425.0,675.0,587.6,1,37.33,-31.54,-124.51,N-SK11,N-SF5,14.46,3.0,VIS-0-Coated-Achromatic-Lenses (2).xlsx,EO_2684,130,9a52c3d44bd8ad4b44aecf8b4789df8e28d48871c6358bd835e9df86c0847f5b,2026-08-12T16:25:48.722572+00:00
Edmund Optics,47-738,TS アクロマティックレンズ 40 x 80 VIS 0°,achromatic_doublet,40.0,39.0,80.0,70.75,VIS 0° (425-675nm),425.0,675.0,587.6,1,53.76,-36.73,-435.85,N-BAF10,N-SF10,12.07,4.0,VIS-0-Coated-Achromatic-Lenses (2).xlsx,EO_2684,131,9a52c3d44bd8ad4b44aecf8b4789df8e28d48871c6358bd835e9df86c0847f5b,2026-08-12T16:25:48.722572+00:00
Edmund Optics,47-739,TS アクロマティックレンズ 40 x 120 VIS 0°,achromatic_doublet,40.0,39.0,120.0,111.0,VIS 0° (425-675nm),425.0,675.0,587.6,1,65.22,-62.03,-1240.67,N-SSK8,N-SF10,9.6,4.2,VIS-0-Coated-Achromatic-Lenses (2).xlsx,EO_2684,133,9a52c3d44bd8ad4b44aecf8b4789df8e28d48871c6358bd835e9df86c0847f5b,2026-08-12T16:25:48.722572+00:00
Edmund Optics,47-740,TS アクロマティックレンズ 40 x 160 VIS 0°,achromatic_doublet,40.0,39.0,160.0,154.1,VIS 0° (425-675nm),425.0,675.0,587.6,1,98.66,-70.73,-205.72,N-BK7,N-SF5,8.5,4.0,VIS-0-Coated-Achromatic-Lenses (2).xlsx,EO_2684,134,9a52c3d44bd8ad4b44aecf8b4789df8e28d48871c6358bd835e9df86c0847f5b,2026-08-12T16:25:48.722572+00:00
Edmund Optics,47-741,TS アクロマティックレンズ 40 x 200 VIS 0°,achromatic_doublet,40.0,39.0,200.0,194.21,VIS 0° (425-675nm),425.0,675.0,587.6,1,124.12,-87.26,-253.1,N-BK7,N-SF5,8.5,4.0,VIS-0-Coated-Achromatic-Lenses (2).xlsx,EO_2684,135,9a52c3d44bd8ad4b44aecf8b4789df8e28d48871c6358bd835e9df86c0847f5b,2026-08-12T16:25:48.722572+00:00
Edmund Optics,47-861,TS 平凸レンズ 4 x 4 VIS 0°,plano_convex,4.0,3.6,4.0,3.06,VIS 0° (425-675nm),425.0,675.0,,1,3.21,,,N-LASF44,,1.7,,VIS-0-Coated-Plano-Convex-PCX-Lenses (2).xlsx,EO_2537,25,0497fb07d22d8e1d9c87c6088d733ef8f25480109b030c1d1dbeeb0198553764,2026-08-12T16:25:48.722572+00:00
Edmund Optics,47-862,TS 平凸レンズ 4 x 6 VIS 0°,plano_convex,4.0,3.6,6.0,4.51,VIS 0° (425-675nm),425.0,675.0,,1,3.11,,,N-BK7,,2.26,,VIS-0-Coated-Plano-Convex-PCX-Lenses (2).xlsx,EO_2537,26,0497fb07d22d8e1d9c87c6088d733ef8f25480109b030c1d1dbeeb0198553764,2026-08-12T16:25:48.722572+00:00
Edmund Optics,47-863,TS 平凸レンズ 4 x 8 VIS 0°,plano_convex,4.0,3.6,8.0,7.17,VIS 0° (425-675nm),425.0,675.0,,1,5.36,,,N-BAF10,,1.39,,VIS-0-Coated-Plano-Convex-PCX-Lenses (2).xlsx,EO_2537,27,0497fb07d22d8e1d9c87c6088d733ef8f25480109b030c1d1dbeeb0198553764,2026-08-12T16:25:48.722572+00:00
Edmund Optics,47-864,TS 平凸レンズ 4 x 10 VIS 0°,plano_convex,4.0,3.6,10.0,8.92,VIS 0° (425-675nm),425.0,675.0,,1,5.19,,,N-BK7,,1.64,,VIS-0-Coated-Plano-Convex-PCX-Lenses (2).xlsx,EO_2537,28,0497fb07d22d8e1d9c87c6088d733ef8f25480109b030c1d1dbeeb0198553764,2026-08-12T16:25:48.722572+00:00
Edmund Optics,47-865,TS 平凸レンズ 4 x 12 VIS 0°,plano_convex,4.0,3.6,12.0,11.0,VIS 0° (425-675nm),425.0,675.0,,1,6.22,,,N-BK7,,1.52,,VIS-0-Coated-Plano-Convex-PCX-Lenses (2).xlsx,EO_2537,29,0497fb07d22d8e1d9c87c6088d733ef8f25480109b030c1d1dbeeb0198553764,2026-08-12T16:25:48.722572+00:00
Edmund Optics,47-866,TS 平凸レンズ 4.5 x 4.5 VIS 0°,plano_convex,4.5,4.05,4.5,3.05,VIS 0° (425-675nm),425.0,675.0,,1,3.61,,,N-LASF44,,2.59,,VIS-0-Coated-Plano-Convex-PCX-Lenses (2).xlsx,EO_2537,30,0497fb07d22d8e1d9c87c6088d733ef8f25480109b030c1d1dbeeb0198553764,2026-08-12T16:25:48.722572+00:00
Edmund Optics,47-867,TS 平凸レンズ 4.5 x 9 VIS 0°,plano_convex,4.5,4.05,9.0,7.41,VIS 0° (425-675nm),425.0,675.0,,1,4.65,,,N-BK7,,2.38,,VIS-0-Coated-Plano-Convex-PCX-Lenses (2).xlsx,EO_2537,31,0497fb07d22d8e1d9c87c6088d733ef8f25480109b030c1d1dbeeb0198553764,2026-08-12T16:25:48.722572+00:00
Edmund Optics,47-868,TS 平凸レンズ 5 x 5 VIS 0°,plano_convex,5.0,4.5,5.0,3.96,VIS 0° (425-675nm),425.0,675.0,,1,4.02,,,N-LASF44,,1.87,,VIS-0-Coated-Plano-Convex-PCX-Lenses (2).xlsx,EO_2537,32,0497fb07d22d8e1d9c87c6088d733ef8f25480109b030c1d1dbeeb0198553764,2026-08-12T16:25:48.722572+00:00
Edmund Optics,47-869,TS 平凸レンズ 5 x 10 VIS 0°,plano_convex,5.0,4.5,10.0,8.91,VIS 0° (425-675nm),425.0,675.0,,1,5.17,,,N-BK7,,1.64,,VIS-0-Coated-Plano-Convex-PCX-Lenses (2).xlsx,EO_2537,34,0497fb07d22d8e1d9c87c6088d733ef8f25480109b030c1d1dbeeb0198553764,2026-08-12T16:25:48.722572+00:00
Edmund Optics,47-870,TS 平凸レンズ 5 x 12 VIS 0°,plano_convex,5.0,4.5,12.0,10.83,VIS 0° (425-675nm),425.0,675.0,,1,6.22,,,N-BK7,,1.77,,VIS-0-Coated-Plano-Convex-PCX-Lenses (2).xlsx,EO_2537,35,0497fb07d22d8e1d9c87c6088d733ef8f25480109b030c1d1dbeeb0198553764,2026-08-12T16:25:48.722572+00:00
Edmund Optics,47-871,TS 平凸レンズ 5 x 15 VIS 0°,plano_convex,5.0,4.5,15.0,13.94,VIS 0° (425-675nm),425.0,675.0,,1,7.75,,,N-BK7,,1.6,,VIS-0-Coated-Plano-Convex-PCX-Lenses (2).xlsx,EO_2537,36,0497fb07d22d8e1d9c87c6088d733ef8f25480109b030c1d1dbeeb0198553764,2026-08-12T16:25:48.722572+00:00
Edmund Optics,47-872,TS 平凸レンズ 15 x 15 VIS 0°,plano_convex,15.0,14.0,15.0,11.71,VIS 0° (425-675nm),425.0,675.0,,1,10.09,,,N-SF5,,5.5,,VIS-0-Coated-Plano-Convex-PCX-Lenses (2).xlsx,EO_2537,128,0497fb07d22d8e1d9c87c6088d733ef8f25480109b030c1d1dbeeb0198553764,2026-08-12T16:25:48.722572+00:00
Edmund Optics,47-873,TS 平凸レンズ 15 x 22.5 VIS 0°,plano_convex,15.0,14.0,22.5,20.5,VIS 0° (425-675nm),425.0,675.0,,1,15.12,,,N-SF5,,3.35,,VIS-0-Coated-Plano-Convex-PCX-Lenses (2).xlsx,EO_2537,131,0497fb07d22d8e1d9c87c6088d733ef8f25480109b030c1d1dbeeb0198553764,2026-08-12T16:25:48.722572+00:00
Edmund Optics,47-874,TS 平凸レンズ 15 x 30 VIS 0°,plano_convex,15.0,14.0,30.0,27.9,VIS 0° (425-675nm),425.0,675.0,,1,15.52,,,N-BK7,,3.18,,VIS-0-Coated-Plano-Convex-PCX-Lenses (2).xlsx,EO_2537,133,0497fb07d22d8e1d9c87c6088d733ef8f25480109b030c1d1dbeeb0198553764,2026-08-12T16:25:48.722572+00:00
Edmund Optics,47-875,TS 平凸レンズ 15 x 40 VIS 0°,plano_convex,15.0,14.0,40.0,38.02,VIS 0° (425-675nm),425.0,675.0,,1,20.67,,,N-BK7,,3.0,,VIS-0-Coated-Plano-Convex-PCX-Lenses (2).xlsx,EO_2537,134,0497fb07d22d8e1d9c87c6088d733ef8f25480109b030c1d1dbeeb0198553764,2026-08-12T16:25:48.722572+00:00
Edmund Optics,47-876,TS 平凸レンズ 15 x 60 VIS 0°,plano_convex,15.0,14.0,60.0,58.65,VIS 0° (425-675nm),425.0,675.0,,1,31.11,,,N-BK7,,2.05,,VIS-0-Coated-Plano-Convex-PCX-Lenses (2).xlsx,EO_2537,137,0497fb07d22d8e1d9c87c6088d733ef8f25480109b030c1d1dbeeb0198553764,2026-08-12T16:25:48.722572+00:00
Edmund Optics,47-877,TS 平凸レンズ 15 x 75 VIS 0°,plano_convex,15.0,14.0,75.0,73.79,VIS 0° (425-675nm),425.0,675.0,,1,38.76,,,N-BK7,,1.83,,VIS-0-Coated-Plano-Convex-PCX-Lenses (2).xlsx,EO_2537,138,0497fb07d22d8e1d9c87c6088d733ef8f25480109b030c1d1dbeeb0198553764,2026-08-12T16:25:48.722572+00:00
Edmund Optics,47-878,TS 平凸レンズ 15 x 100 VIS 0°,plano_convex,15.0,14.0,100.0,98.02,VIS 0° (425-675nm),425.0,675.0,,1,51.68,,,N-BK7,,3.0,,VIS-0-Coated-Plano-Convex-PCX-Lenses (2).xlsx,EO_2537,139,0497fb07d22d8e1d9c87c6088d733ef8f25480109b030c1d1dbeeb0198553764,2026-08-12T16:25:48.722572+00:00
Edmund Optics,47-880,TS 平凸レンズ 18 x 27 VIS 0°,plano_convex,18.0,17.0,27.0,24.73,VIS 0° (425-675nm),425.0,675.0,,1,18.16,,,N-SF5,,3.8,,VIS-0-Coated-Plano-Convex-PCX-Lenses (2).xlsx,EO_2537,146,0497fb07d22d8e1d9c87c6088d733ef8f25480109b030c1d1dbeeb0198553764,2026-08-12T16:25:48.722572+00:00
Edmund Optics,47-881,TS 平凸レンズ 18 x 36 VIS 0°,plano_convex,18.0,17.0,36.0,33.65,VIS 0° (425-675nm),425.0,675.0,,1,18.62,,,N-BK7,,3.57,,VIS-0-Coated-Plano-Convex-PCX-Lenses (2).xlsx,EO_2537,148,0497fb07d22d8e1d9c87c6088d733ef8f25480109b030c1d1dbeeb0198553764,2026-08-12T16:25:48.722572+00:00
Edmund Optics,47-882,TS 平凸レンズ 18 x 54 VIS 0°,plano_convex,18.0,17.0,54.0,52.02,VIS 0° (425-675nm),425.0,675.0,,1,27.91,,,N-BK7,,3.0,,VIS-0-Coated-Plano-Convex-PCX-Lenses (2).xlsx,EO_2537,150,0497fb07d22d8e1d9c87c6088d733ef8f25480109b030c1d1dbeeb0198553764,2026-08-12T16:25:48.722572+00:00
Edmund Optics,47-883,TS 平凸レンズ 18 x 72 VIS 0°,plano_convex,18.0,17.0,72.0,70.05,VIS 0° (425-675nm),425.0,675.0,,1,37.22,,,N-BK7,,3.0,,VIS-0-Coated-Plano-Convex-PCX-Lenses (2).xlsx,EO_2537,151,0497fb07d22d8e1d9c87c6088d733ef8f25480109b030c1d1dbeeb0198553764,2026-08-12T16:25:48.722572+00:00
Edmund Optics,47-884,TS 平凸レンズ 20 x 20 VIS 0°,plano_convex,20.0,19.0,20.0,17.42,VIS 0° (425-675nm),425.0,675.0,,1,15.7,,,N-SF11,,4.6,,VIS-0-Coated-Plano-Convex-PCX-Lenses (2).xlsx,EO_2537,152,0497fb07d22d8e1d9c87c6088d733ef8f25480109b030c1d1dbeeb0198553764,2026-08-12T16:25:48.722572+00:00
Edmund Optics,47-885,TS 平凸レンズ 20 x 30 VIS 0°,plano_convex,20.0,19.0,30.0,27.3,VIS 0° (425-675nm),425.0,675.0,,1,20.1,,,N-BAF10,,4.5,,VIS-0-Coated-Plano-Convex-PCX-Lenses (2).xlsx,EO_2537,154,0497fb07d22d8e1d9c87c6088d733ef8f25480109b030c1d1dbeeb0198553764,2026-08-12T16:25:48.722572+00:00
Edmund Optics,47-886,TS 平凸レンズ 20 x 40 VIS 0°,plano_convex,20.0,19.0,40.0,36.77,VIS 0° (425-675nm),425.0,675.0,,1,20.67,,,N-BK7,,4.9,,VIS-0-Coated-Plano-Convex-PCX-Lenses (2).xlsx,EO_2537,156,0497fb07d22d8e1d9c87c6088d733ef8f25480109b030c1d1dbeeb0198553764,2026-08-12T16:25:48.722572+00:00
Edmund Optics,47-887,TS 平凸レンズ 20 x 50 VIS 0°,plano_convex,20.0,19.0,50.0,47.87,VIS 0° (425-675nm),425.0,675.0,,1,25.84,,,N-BK7,,3.23,,VIS-0-Coated-Plano-Convex-PCX-Lenses (2).xlsx,EO_2537,157,0497fb07d22d8e1d9c87c6088d733ef8f25480109b030c1d1dbeeb0198553764,2026-08-12T16:25:48.722572+00:00
Edmund Optics,47-888,TS 平凸レンズ 20 x 60 VIS 0°,plano_convex,20.0,19.0,60.0,57.03,VIS 0° (425-675nm),425.0,675.0,,1,31.01,,,N-BK7,,4.5,,VIS-0-Coated-Plano-Convex-PCX-Lenses (2).xlsx,EO_2537,158,0497fb07d22d8e1d9c87c6088d733ef8f25480109b030c1d1dbeeb0198553764,2026-08-12T16:25:48.722572+00:00
Edmund Optics,47-889,TS 平凸レンズ 20 x 70 VIS 0°,plano_convex,20.0,19.0,70.0,68.03,VIS 0° (425-675nm),425.0,675.0,,1,36.18,,,N-BK7,,3.0,,VIS-0-Coated-Plano-Convex-PCX-Lenses (2).xlsx,EO_2537,159,0497fb07d22d8e1d9c87c6088d733ef8f25480109b030c1d1dbeeb0198553764,2026-08-12T16:25:48.722572+00:00
Edmund Optics,47-890,TS 平凸レンズ 20 x 80 VIS 0°,plano_convex,20.0,19.0,80.0,78.45,VIS 0° (425-675nm),425.0,675.0,,1,41.48,,,N-BK7,,2.35,,VIS-0-Coated-Plano-Convex-PCX-Lenses (2).xlsx,EO_2537,160,0497fb07d22d8e1d9c87c6088d733ef8f25480109b030c1d1dbeeb0198553764,2026-08-12T16:25:48.722572+00:00
Edmund Optics,47-891,TS 平凸レンズ 20 x 100 VIS 0°,plano_convex,20.0,19.0,100.0,97.13,VIS 0° (425-675nm),425.0,675.0,,1,51.68,,,N-BK7,,4.3,,VIS-0-Coated-Plano-Convex-PCX-Lenses (2).xlsx,EO_2537,161,0497fb07d22d8e1d9c87c6088d733ef8f25480109b030c1d1dbeeb0198553764,2026-08-12T16:25:48.722572+00:00
Edmund Optics,47-892,TS 平凸レンズ 20 x 150 VIS 0°,plano_convex,20.0,19.0,150.0,148.02,VIS 0° (425-675nm),425.0,675.0,,1,77.52,,,N-BK7,,3.0,,VIS-0-Coated-Plano-Convex-PCX-Lenses (2).xlsx,EO_2537,162,0497fb07d22d8e1d9c87c6088d733ef8f25480109b030c1d1dbeeb0198553764,2026-08-12T16:25:48.722572+00:00
Edmund Optics,47-895,TS 両凸レンズ 4.5 x 4.5 VIS 0°,double_convex,4.5,4.05,4.5,3.7,VIS 0° (425-675nm),425.0,675.0,587.6,1,6.58,-6.58,,N-LASF44,,2.6,,VIS-0-Coated-Double-Convex-DCX-Lenses (2).xlsx,EO_2538,6,cb466b524f464c7ffdace4dc1ea14ba24469dc445b22a90800d1bdd5d0901a4f,2026-08-12T16:25:48.722572+00:00
Edmund Optics,47-896,TS 両凸レンズ 4.5 x 9 VIS 0°,double_convex,4.5,4.05,9.0,8.16,VIS 0° (425-675nm),425.0,675.0,587.6,1,8.88,-8.88,,N-BK7,,2.38,,VIS-0-Coated-Double-Convex-DCX-Lenses (2).xlsx,EO_2538,7,cb466b524f464c7ffdace4dc1ea14ba24469dc445b22a90800d1bdd5d0901a4f,2026-08-12T16:25:48.722572+00:00
Edmund Optics,47-897,TS 両凸レンズ 15 x 15 VIS 0°,double_convex,15.0,14.0,15.0,13.68,VIS 0° (425-675nm),425.0,675.0,587.6,1,22.51,-22.51,,N-SF11,,4.5,,VIS-0-Coated-Double-Convex-DCX-Lenses (2).xlsx,EO_2538,41,cb466b524f464c7ffdace4dc1ea14ba24469dc445b22a90800d1bdd5d0901a4f,2026-08-12T16:25:48.722572+00:00
Edmund Optics,47-898,TS 両凸レンズ 15 x 22.5 VIS 0°,double_convex,15.0,14.0,22.5,21.29,VIS 0° (425-675nm),425.0,675.0,587.6,1,34.36,-34.36,,N-SF11,,4.2,,VIS-0-Coated-Double-Convex-DCX-Lenses (2).xlsx,EO_2538,43,cb466b524f464c7ffdace4dc1ea14ba24469dc445b22a90800d1bdd5d0901a4f,2026-08-12T16:25:48.722572+00:00
Edmund Optics,47-899,TS 両凸レンズ 15 x 30 VIS 0°,double_convex,15.0,14.0,30.0,28.82,VIS 0° (425-675nm),425.0,675.0,587.6,1,30.5,-30.5,,N-BK7,,4.0,,VIS-0-Coated-Double-Convex-DCX-Lenses (2).xlsx,EO_2538,45,cb466b524f464c7ffdace4dc1ea14ba24469dc445b22a90800d1bdd5d0901a4f,2026-08-12T16:25:48.722572+00:00
Edmund Optics,47-900,TS 両凸レンズ 15 x 50 VIS 0°,double_convex,15.0,14.0,50.0,49.0,VIS 0° (425-675nm),425.0,675.0,587.6,1,51.16,-51.16,,N-BK7,,3.0,,VIS-0-Coated-Double-Convex-DCX-Lenses (2).xlsx,EO_2538,47,cb466b524f464c7ffdace4dc1ea14ba24469dc445b22a90800d1bdd5d0901a4f,2026-08-12T16:25:48.722572+00:00
Edmund Optics,47-901,TS 両凸レンズ 18 x 27 VIS 0°,double_convex,18.0,17.0,27.0,25.25,VIS 0° (425-675nm),425.0,675.0,587.6,1,27.08,-27.08,,N-BK7,,5.5,,VIS-0-Coated-Double-Convex-DCX-Lenses (2).xlsx,EO_2538,50,cb466b524f464c7ffdace4dc1ea14ba24469dc445b22a90800d1bdd5d0901a4f,2026-08-12T16:25:48.722572+00:00
Edmund Optics,47-902,TS 両凸レンズ 18 x 36 VIS 0°,double_convex,18.0,17.0,36.0,34.59,VIS 0° (425-675nm),425.0,675.0,587.6,1,36.6,-36.6,,N-BK7,,4.8,,VIS-0-Coated-Double-Convex-DCX-Lenses (2).xlsx,EO_2538,51,cb466b524f464c7ffdace4dc1ea14ba24469dc445b22a90800d1bdd5d0901a4f,2026-08-12T16:25:48.722572+00:00
Edmund Optics,47-903,TS 両凸レンズ 20 x 30 VIS 0°,double_convex,20.0,19.0,30.0,28.2,VIS 0° (425-675nm),425.0,675.0,587.6,1,30.08,-30.08,,N-BK7,,5.3,,VIS-0-Coated-Double-Convex-DCX-Lenses (2).xlsx,EO_2538,54,cb466b524f464c7ffdace4dc1ea14ba24469dc445b22a90800d1bdd5d0901a4f,2026-08-12T16:25:48.722572+00:00
Edmund Optics,47-904,TS 両凸レンズ 20 x 40 VIS 0°,double_convex,20.0,19.0,40.0,38.44,VIS 0° (425-675nm),425.0,675.0,587.6,1,40.67,-40.67,,N-BK7,,5.3,,VIS-0-Coated-Double-Convex-DCX-Lenses (2).xlsx,EO_2538,55,cb466b524f464c7ffdace4dc1ea14ba24469dc445b22a90800d1bdd5d0901a4f,2026-08-12T16:25:48.722572+00:00
Edmund Optics,47-905,TS 平凹レンズ 12 x -12 VIS 0°,plano_concave,12.0,11.0,-12.0,-13.23,VIS 0° (425-675nm),425.0,675.0,587.6,1,-9.42,,,N-SF11,,2.2,,VIS-0-Coated-Plano-Concave-PCV-Lenses (1).xlsx,EO_2718,13,838087704458d663d00fa75beb2903a353ba634fbdf65948d00b05e176e1a3b4,2026-08-12T16:25:48.722572+00:00
Edmund Optics,47-906,TS 平凹レンズ 12 x -24 VIS 0°,plano_concave,12.0,11.0,-24.0,-26.32,VIS 0° (425-675nm),425.0,675.0,587.6,1,-12.4,,,N-BK7,,3.5,,VIS-0-Coated-Plano-Concave-PCV-Lenses (1).xlsx,EO_2718,16,838087704458d663d00fa75beb2903a353ba634fbdf65948d00b05e176e1a3b4,2026-08-12T16:25:48.722572+00:00
Edmund Optics,47-907,TS 平凹レンズ 12 x -48 VIS 0°,plano_concave,12.0,11.0,-48.0,-50.31,VIS 0° (425-675nm),425.0,675.0,587.6,1,-24.81,,,N-BK7,,3.5,,VIS-0-Coated-Plano-Concave-PCV-Lenses (1).xlsx,EO_2718,17,838087704458d663d00fa75beb2903a353ba634fbdf65948d00b05e176e1a3b4,2026-08-12T16:25:48.722572+00:00
Edmund Optics,47-908,TS 平凹レンズ 20 x -30 VIS 0°,plano_concave,20.0,19.0,-30.0,-31.96,VIS 0° (425-675nm),425.0,675.0,587.6,1,-23.54,,,N-SF11,,3.5,,VIS-0-Coated-Plano-Concave-PCV-Lenses (1).xlsx,EO_2718,18,838087704458d663d00fa75beb2903a353ba634fbdf65948d00b05e176e1a3b4,2026-08-12T16:25:48.722572+00:00
Edmund Optics,47-909,TS 平凹レンズ 20 x -40 VIS 0°,plano_concave,20.0,19.0,-40.0,-42.31,VIS 0° (425-675nm),425.0,675.0,587.6,1,-20.67,,,N-BK7,,3.5,,VIS-0-Coated-Plano-Concave-PCV-Lenses (1).xlsx,EO_2718,19,838087704458d663d00fa75beb2903a353ba634fbdf65948d00b05e176e1a3b4,2026-08-12T16:25:48.722572+00:00
Edmund Optics,47-910,TS 平凹レンズ 20 x -50 VIS 0°,plano_concave,20.0,19.0,-50.0,-52.31,VIS 0° (425-675nm),425.0,675.0,587.6,1,-25.84,,,N-BK7,,3.5,,VIS-0-Coated-Plano-Concave-PCV-Lenses (1).xlsx,EO_2718,20,838087704458d663d00fa75beb2903a353ba634fbdf65948d00b05e176e1a3b4,2026-08-12T16:25:48.722572+00:00
Edmund Optics,47-911,TS 平凹レンズ 25 x -25 VIS 0°,plano_concave,25.0,24.0,-25.0,-26.96,VIS 0° (425-675nm),425.0,675.0,587.6,1,-19.62,,,N-SF11,,3.5,,VIS-0-Coated-Plano-Concave-PCV-Lenses (1).xlsx,EO_2718,22,838087704458d663d00fa75beb2903a353ba634fbdf65948d00b05e176e1a3b4,2026-08-12T16:25:48.722572+00:00
Edmund Optics,47-912,TS 平凹レンズ 25 x -50 VIS 0°,plano_concave,25.0,24.0,-50.0,-52.31,VIS 0° (425-675nm),425.0,675.0,587.6,1,-25.84,,,N-BK7,,3.5,,VIS-0-Coated-Plano-Concave-PCV-Lenses (1).xlsx,EO_2718,24,838087704458d663d00fa75beb2903a353ba634fbdf65948d00b05e176e1a3b4,2026-08-12T16:25:48.722572+00:00
Edmund Optics,47-913,TS 平凹レンズ 25 x -100 VIS 0°,plano_concave,25.0,24.0,-100.0,-102.31,VIS 0° (425-675nm),425.0,675.0,587.6,1,-51.68,,,N-BK7,,3.5,,VIS-0-Coated-Plano-Concave-PCV-Lenses (1).xlsx,EO_2718,25,838087704458d663d00fa75beb2903a353ba634fbdf65948d00b05e176e1a3b4,2026-08-12T16:25:48.722572+00:00
Edmund Optics,47-914,TS 両凹レンズ 6 x -6 VIS 0°,double_concave,6.0,5.4,-6.0,-6.41,VIS 0° (425-675nm),425.0,675.0,587.6,1,-9.74,9.74,,N-SF11,,1.5,,VIS-0-Coated-Double-Concave-DCV-Lenses (1).xlsx,EO_2720,2,87b7e2dac03139dbb067ac6801e274de9639b71d13afdaaaf245c2d4b09fc397,2026-08-12T16:25:48.722572+00:00
Edmund Optics,47-915,TS 両凹レンズ 12 x -12 VIS 0°,double_concave,12.0,11.0,-12.0,-12.81,VIS 0° (425-675nm),425.0,675.0,587.6,1,-19.47,19.47,,N-SF11,,3.0,,VIS-0-Coated-Double-Concave-DCV-Lenses (1).xlsx,EO_2720,8,87b7e2dac03139dbb067ac6801e274de9639b71d13afdaaaf245c2d4b09fc397,2026-08-12T16:25:48.722572+00:00
Edmund Optics,47-916,TS 両凹レンズ 20 x -20 VIS 0°,double_concave,20.0,19.0,-20.0,-20.55,VIS 0° (425-675nm),425.0,675.0,587.6,1,-31.82,31.82,,N-SF11,,2.0,,VIS-0-Coated-Double-Concave-DCV-Lenses (1).xlsx,EO_2720,11,87b7e2dac03139dbb067ac6801e274de9639b71d13afdaaaf245c2d4b09fc397,2026-08-12T16:25:48.722572+00:00
Edmund Optics,47-917,TS 両凹レンズ 25 x -25 VIS 0°,double_concave,25.0,24.0,-25.0,-25.69,VIS 0° (425-675nm),425.0,675.0,587.6,1,-39.78,39.78,,N-SF11,,2.5,,VIS-0-Coated-Double-Concave-DCV-Lenses (1).xlsx,EO_2720,12,87b7e2dac03139dbb067ac6801e274de9639b71d13afdaaaf245c2d4b09fc397,2026-08-12T16:25:48.722572+00:00
Edmund Optics,47-918,TS 両凹レンズ 25 x -50 VIS 0°,double_concave,25.0,24.0,-50.0,-50.82,VIS 0° (425-675nm),425.0,675.0,587.6,1,-52.1,52.1,,N-BK7,,2.5,,VIS-0-Coated-Double-Concave-DCV-Lenses (1).xlsx,EO_2720,13,87b7e2dac03139dbb067ac6801e274de9639b71d13afdaaaf245c2d4b09fc397,2026-08-12T16:25:48.722572+00:00
Edmund Optics,47-919,TS 両凹レンズ 25 x -100 VIS 0°,double_concave,25.0,24.0,-100.0,-101.64,VIS 0° (425-675nm),425.0,675.0,587.6,1,-104.2,104.2,,N-BK7,,5.0,,VIS-0-Coated-Double-Concave-DCV-Lenses (1).xlsx,EO_2720,14,87b7e2dac03139dbb067ac6801e274de9639b71d13afdaaaf245c2d4b09fc397,2026-08-12T16:25:48.722572+00:00
Edmund Optics,48-034,TS 合成石英製両凸レンズ 12 x 12,double_convex,12.0,11.0,12.0,9.25,Uncoated,200.0,2200.0,587.6,1,9.74,-9.74,,Fused Silica (Corning 7980),,7.09,,UV-Fused-Silica-Double-Convex-DCX-Lenses.xlsx,EO_2028,70,2f0c00e1f3686328cdd7bced2b271ab6acc9152f804f974a74f15c4383f7a188,2026-08-12T16:25:48.722572+00:00
Edmund Optics,48-035,TS 合成石英製両凸レンズ 12 x 20,double_convex,12.0,11.0,20.0,18.44,Uncoated,200.0,2200.0,587.6,1,17.63,-17.63,,Fused Silica (Corning 7980),,4.37,,UV-Fused-Silica-Double-Convex-DCX-Lenses.xlsx,EO_2028,86,2f0c00e1f3686328cdd7bced2b271ab6acc9152f804f974a74f15c4383f7a188,2026-08-12T16:25:48.722572+00:00
Edmund Optics,48-036,TS 合成石英製両凸レンズ 12 x 30,double_convex,12.0,11.0,30.0,28.77,Uncoated,200.0,2200.0,587.6,1,26.94,-26.94,,Fused Silica (Corning 7980),,3.52,,UV-Fused-Silica-Double-Convex-DCX-Lenses.xlsx,EO_2028,102,2f0c00e1f3686328cdd7bced2b271ab6acc9152f804f974a74f15c4383f7a188,2026-08-12T16:25:48.722572+00:00
Edmund Optics,48-037,TS 合成石英製両凸レンズ 12 x 35,double_convex,12.0,11.0,35.0,33.85,Uncoated,200.0,2200.0,587.6,1,31.57,-31.57,,Fused Silica (Corning 7980),,3.29,,UV-Fused-Silica-Double-Convex-DCX-Lenses.xlsx,EO_2028,110,2f0c00e1f3686328cdd7bced2b271ab6acc9152f804f974a74f15c4383f7a188,2026-08-12T16:25:48.722572+00:00
Edmund Optics,48-038,TS 合成石英製両凸レンズ 12 x 45,double_convex,12.0,11.0,45.0,43.96,Uncoated,200.0,2200.0,587.6,1,40.79,-40.79,,Fused Silica (Corning 7980),,2.99,,UV-Fused-Silica-Double-Convex-DCX-Lenses.xlsx,EO_2028,118,2f0c00e1f3686328cdd7bced2b271ab6acc9152f804f974a74f15c4383f7a188,2026-08-12T16:25:48.722572+00:00
Edmund Optics,48-039,TS 合成石英製両凸レンズ 12 x 75,double_convex,12.0,11.0,75.0,74.11,Uncoated,200.0,2200.0,587.6,1,68.36,-68.36,,Fused Silica (Corning 7980),,2.59,,UV-Fused-Silica-Double-Convex-DCX-Lenses.xlsx,EO_2028,123,2f0c00e1f3686328cdd7bced2b271ab6acc9152f804f974a74f15c4383f7a188,2026-08-12T16:25:48.722572+00:00
Edmund Optics,48-040,TS 合成石英製両凸レンズ 12 x 12 UV-AR,double_convex,12.0,11.0,12.0,9.25,UV-AR (250-425nm),250.0,425.0,587.6,1,9.74,-9.74,,Fused Silica (Corning 7980),,7.09,,UV-Fused-Silica-Double-Convex-DCX-Lenses.xlsx,EO_2028,71,2f0c00e1f3686328cdd7bced2b271ab6acc9152f804f974a74f15c4383f7a188,2026-08-12T16:25:48.722572+00:00
Edmund Optics,48-041,TS 合成石英製両凸レンズ 12 x 20 UV-AR,double_convex,12.0,11.0,20.0,18.44,UV-AR (250-425nm),250.0,425.0,587.6,1,17.63,-17.63,,Fused Silica (Corning 7980),,4.37,,UV-Fused-Silica-Double-Convex-DCX-Lenses.xlsx,EO_2028,87,2f0c00e1f3686328cdd7bced2b271ab6acc9152f804f974a74f15c4383f7a188,2026-08-12T16:25:48.722572+00:00
Edmund Optics,48-042,TS 合成石英製両凸レンズ 12 x 30 UV-AR,double_convex,12.0,11.0,30.0,28.77,UV-AR (250-425nm),250.0,425.0,587.6,1,26.94,-26.94,,Fused Silica (Corning 7980),,3.52,,UV-Fused-Silica-Double-Convex-DCX-Lenses.xlsx,EO_2028,103,2f0c00e1f3686328cdd7bced2b271ab6acc9152f804f974a74f15c4383f7a188,2026-08-12T16:25:48.722572+00:00
Edmund Optics,48-043,TS 合成石英製両凸レンズ 12 x 35 UV-AR,double_convex,12.0,11.0,35.0,33.85,UV-AR (250-425nm),250.0,425.0,587.6,1,31.57,-31.57,,Fused Silica (Corning 7980),,3.29,,UV-Fused-Silica-Double-Convex-DCX-Lenses.xlsx,EO_2028,111,2f0c00e1f3686328cdd7bced2b271ab6acc9152f804f974a74f15c4383f7a188,2026-08-12T16:25:48.722572+00:00
Edmund Optics,48-044,TS 合成石英製両凸レンズ 12 x 45 UV-AR,double_convex,12.0,11.0,45.0,43.96,UV-AR (250-425nm),250.0,425.0,587.6,1,40.79,-40.79,,Fused Silica (Corning 7980),,2.99,,UV-Fused-Silica-Double-Convex-DCX-Lenses.xlsx,EO_2028,119,2f0c00e1f3686328cdd7bced2b271ab6acc9152f804f974a74f15c4383f7a188,2026-08-12T16:25:48.722572+00:00
Edmund Optics,48-045,TS 合成石英製両凸レンズ 12 x 75 UV-AR,double_convex,12.0,11.0,75.0,74.11,UV-AR (250-425nm),250.0,425.0,587.6,1,68.36,-68.36,,Fused Silica (Corning 7980),,2.59,,UV-Fused-Silica-Double-Convex-DCX-Lenses.xlsx,EO_2028,125,2f0c00e1f3686328cdd7bced2b271ab6acc9152f804f974a74f15c4383f7a188,2026-08-12T16:25:48.722572+00:00
Edmund Optics,48-046,TS 合成石英製平凹レンズ 12 x -25,plano_concave,12.0,11.0,-25.0,-26.37,Uncoated,200.0,2200.0,587.6,1,-11.46,,,Fused Silica (Corning 7980),,2.0,,UV-Fused-Silica-Plano-Concave-PCV-Lenses.xlsx,EO_2029,26,6adea2b1f35062c021c9b77985a354ba2b355297d98073b41655aeafd2e3b895,2026-08-12T16:25:48.722572+00:00
Edmund Optics,48-047,TS 合成石英製平凹レンズ 12 x -30,plano_concave,12.0,11.0,-30.0,-31.37,Uncoated,200.0,2200.0,587.6,1,-13.75,,,Fused Silica (Corning 7980),,2.0,,UV-Fused-Silica-Plano-Concave-PCV-Lenses.xlsx,EO_2029,27,6adea2b1f35062c021c9b77985a354ba2b355297d98073b41655aeafd2e3b895,2026-08-12T16:25:48.722572+00:00
Edmund Optics,48-048,TS 合成石英製平凹レンズ 12 x -40,plano_concave,12.0,11.0,-40.0,-41.37,Uncoated,200.0,2200.0,587.6,1,-18.33,,,Fused Silica (Corning 7980),,2.0,,UV-Fused-Silica-Plano-Concave-PCV-Lenses.xlsx,EO_2029,28,6adea2b1f35062c021c9b77985a354ba2b355297d98073b41655aeafd2e3b895,2026-08-12T16:25:48.722572+00:00
Edmund Optics,48-049,TS 合成石英製平凹レンズ 12 x -50,plano_concave,12.0,11.0,-50.0,-51.37,Uncoated,200.0,2200.0,587.6,1,-22.92,,,Fused Silica (Corning 7980),,2.0,,UV-Fused-Silica-Plano-Concave-PCV-Lenses.xlsx,EO_2029,29,6adea2b1f35062c021c9b77985a354ba2b355297d98073b41655aeafd2e3b895,2026-08-12T16:25:48.722572+00:00
Edmund Optics,48-050,TS 合成石英製平凹レンズ 12 x -25 UV-AR,plano_concave,12.0,11.0,-25.0,-26.37,UV-AR (250-425nm),250.0,425.0,587.6,1,-11.46,,,Fused Silica (Corning 7980),,2.0,,UV-Fused-Silica-Plano-Concave-PCV-Lenses.xlsx,EO_2029,31,6adea2b1f35062c021c9b77985a354ba2b355297d98073b41655aeafd2e3b895,2026-08-12T16:25:48.722572+00:00
Edmund Optics,48-051,TS 合成石英製平凹レンズ 12 x -30 UV-AR,plano_concave,12.0,11.0,-30.0,-31.37,UV-AR (250-425nm),250.0,425.0,587.6,1,-13.75,,,Fused Silica (Corning 7980),,2.0,,UV-Fused-Silica-Plano-Concave-PCV-Lenses.xlsx,EO_2029,33,6adea2b1f35062c021c9b77985a354ba2b355297d98073b41655aeafd2e3b895,2026-08-12T16:25:48.722572+00:00
Edmund Optics,48-052,TS 合成石英製平凹レンズ 12 x -40 UV-AR,plano_concave,12.0,11.0,-40.0,-41.37,UV-AR (250-425nm),250.0,425.0,587.6,1,-18.33,,,Fused Silica (Corning 7980),,2.0,,UV-Fused-Silica-Plano-Concave-PCV-Lenses.xlsx,EO_2029,35,6adea2b1f35062c021c9b77985a354ba2b355297d98073b41655aeafd2e3b895,2026-08-12T16:25:48.722572+00:00
Edmund Optics,48-053,TS 合成石英製平凹レンズ 12 x -50 UV-AR,plano_concave,12.0,11.0,-50.0,-51.37,UV-AR (250-425nm),250.0,425.0,587.6,1,-22.92,,,Fused Silica (Corning 7980),,2.0,,UV-Fused-Silica-Plano-Concave-PCV-Lenses.xlsx,EO_2029,37,6adea2b1f35062c021c9b77985a354ba2b355297d98073b41655aeafd2e3b895,2026-08-12T16:25:48.722572+00:00
Edmund Optics,48-054,TS 合成石英製両凹レンズ 12 x -20,double_concave,12.0,11.0,-20.0,-20.67,Uncoated,200.0,2200.0,587.6,1,-18.64,18.64,,Fused Silica (Corning 7980),,2.0,,UV-Fused-Silica-Double-Concave-DCV-Lenses.xlsx,EO_2030,2,5483a84dd6999f7a6446e97b5a8c459df7060fd5ff5969b9189372526c449348,2026-08-12T16:25:48.722572+00:00
Edmund Optics,48-055,TS 合成石英製両凹レンズ 12 x -30,double_concave,12.0,11.0,-30.0,-30.68,Uncoated,200.0,2200.0,587.6,1,-27.81,27.81,,Fused Silica (Corning 7980),,2.0,,UV-Fused-Silica-Double-Concave-DCV-Lenses.xlsx,EO_2030,4,5483a84dd6999f7a6446e97b5a8c459df7060fd5ff5969b9189372526c449348,2026-08-12T16:25:48.722572+00:00
Edmund Optics,48-056,TS 合成石英製両凹レンズ 12 x -35,double_concave,12.0,11.0,-35.0,-35.68,Uncoated,200.0,2200.0,587.6,1,-32.4,32.4,,Fused Silica (Corning 7980),,2.0,,UV-Fused-Silica-Double-Concave-DCV-Lenses.xlsx,EO_2030,6,5483a84dd6999f7a6446e97b5a8c459df7060fd5ff5969b9189372526c449348,2026-08-12T16:25:48.722572+00:00
Edmund Optics,48-057,TS 合成石英製両凹レンズ 12 x -40,double_concave,12.0,11.0,-45.0,-45.68,Uncoated,200.0,2200.0,587.6,1,-41.57,41.57,,Fused Silica (Corning 7980),,2.0,,UV-Fused-Silica-Double-Concave-DCV-Lenses.xlsx,EO_2030,8,5483a84dd6999f7a6446e97b5a8c459df7060fd5ff5969b9189372526c449348,2026-08-12T16:25:48.722572+00:00
Edmund Optics,48-058,TS 合成石英製両凹レンズ 12 x -20 UV-AR,double_concave,12.0,11.0,-20.0,-20.67,UV-AR (250-425nm),250.0,425.0,587.6,1,-18.64,18.64,,Fused Silica (Corning 7980),,2.0,,UV-Fused-Silica-Double-Concave-DCV-Lenses.xlsx,EO_2030,3,5483a84dd6999f7a6446e97b5a8c459df7060fd5ff5969b9189372526c449348,2026-08-12T16:25:48.722572+00:00
Edmund Optics,48-059,TS 合成石英製両凹レンズ 12 x -30 UV-AR,double_concave,12.0,11.0,-30.0,-30.68,UV-AR (250-425nm),250.0,425.0,587.6,1,-27.81,27.81,,Fused Silica (Corning 7980),,2.0,,UV-Fused-Silica-Double-Concave-DCV-Lenses.xlsx,EO_2030,5,5483a84dd6999f7a6446e97b5a8c459df7060fd5ff5969b9189372526c449348,2026-08-12T16:25:48.722572+00:00
Edmund Optics,48-060,TS 合成石英製両凹レンズ 12 x -35 UV-AR,double_concave,12.0,11.0,-35.0,-35.68,UV-AR (250-425nm),250.0,425.0,587.6,1,-32.4,32.4,,Fused Silica (Corning 7980),,2.0,,UV-Fused-Silica-Double-Concave-DCV-Lenses.xlsx,EO_2030,7,5483a84dd6999f7a6446e97b5a8c459df7060fd5ff5969b9189372526c449348,2026-08-12T16:25:48.722572+00:00
Edmund Optics,48-061,TS 合成石英製両凹レンズ 12 x -45 UV-AR,double_concave,12.0,11.0,-45.0,-45.68,UV-AR (250-425nm),250.0,425.0,587.6,1,-41.57,41.57,,Fused Silica (Corning 7980),,2.0,,UV-Fused-Silica-Double-Concave-DCV-Lenses.xlsx,EO_2030,9,5483a84dd6999f7a6446e97b5a8c459df7060fd5ff5969b9189372526c449348,2026-08-12T16:25:48.722572+00:00
Edmund Optics,48-233,TS 平凸レンズ 30 x 50 VIS 0°,plano_convex,30.0,29.0,50.0,46.17,VIS 0° (425-675nm),425.0,675.0,,1,33.63,,,N-SF5,,6.35,,VIS-0-Coated-Plano-Convex-PCX-Lenses (2).xlsx,EO_2537,196,0497fb07d22d8e1d9c87c6088d733ef8f25480109b030c1d1dbeeb0198553764,2026-08-12T16:25:48.722572+00:00
Edmund Optics,48-234,TS 平凸レンズ 30 x 60 VIS 0°,plano_convex,30.0,29.0,60.0,56.03,VIS 0° (425-675nm),425.0,675.0,,1,31.01,,,N-BK7,,6.0,,VIS-0-Coated-Plano-Convex-PCX-Lenses (2).xlsx,EO_2537,197,0497fb07d22d8e1d9c87c6088d733ef8f25480109b030c1d1dbeeb0198553764,2026-08-12T16:25:48.722572+00:00
Edmund Optics,48-235,TS 平凸レンズ 30 x 75 VIS 0°,plano_convex,30.0,29.0,75.0,70.95,VIS 0° (425-675nm),425.0,675.0,,1,38.76,,,N-BK7,,6.1,,VIS-0-Coated-Plano-Convex-PCX-Lenses (2).xlsx,EO_2537,198,0497fb07d22d8e1d9c87c6088d733ef8f25480109b030c1d1dbeeb0198553764,2026-08-12T16:25:48.722572+00:00
Edmund Optics,48-236,TS 平凸レンズ 30 x 100 VIS 0°,plano_convex,30.0,29.0,100.0,96.01,VIS 0° (425-675nm),425.0,675.0,,1,51.68,,,N-BK7,,6.0,,VIS-0-Coated-Plano-Convex-PCX-Lenses (2).xlsx,EO_2537,199,0497fb07d22d8e1d9c87c6088d733ef8f25480109b030c1d1dbeeb0198553764,2026-08-12T16:25:48.722572+00:00
Edmund Optics,48-237,TS 平凸レンズ 30 x 120 VIS 0°,plano_convex,30.0,29.0,120.0,116.04,VIS 0° (425-675nm),425.0,675.0,,1,62.02,,,N-BK7,,6.0,,VIS-0-Coated-Plano-Convex-PCX-Lenses (2).xlsx,EO_2537,200,0497fb07d22d8e1d9c87c6088d733ef8f25480109b030c1d1dbeeb0198553764,2026-08-12T16:25:48.722572+00:00
Edmund Optics,48-238,TS 平凸レンズ 40 x 60 VIS 0°,plano_convex,40.0,39.0,60.0,53.9,VIS 0° (425-675nm),425.0,675.0,,1,31.03,,,N-BK7,,9.31,,VIS-0-Coated-Plano-Convex-PCX-Lenses (2).xlsx,EO_2537,206,0497fb07d22d8e1d9c87c6088d733ef8f25480109b030c1d1dbeeb0198553764,2026-08-12T16:25:48.722572+00:00
Edmund Optics,48-242,TS 平凸レンズ 40 x 300 VIS 0°,plano_convex,40.0,39.0,300.0,296.7,VIS 0° (425-675nm),425.0,675.0,,1,155.04,,,N-BK7,,5.0,,VIS-0-Coated-Plano-Convex-PCX-Lenses (2).xlsx,EO_2537,210,0497fb07d22d8e1d9c87c6088d733ef8f25480109b030c1d1dbeeb0198553764,2026-08-12T16:25:48.722572+00:00
Edmund Optics,48-243,TS 平凸レンズ 40 x 400 VIS 0°,plano_convex,40.0,39.0,400.0,396.7,VIS 0° (425-675nm),425.0,675.0,,1,206.72,,,N-BK7,,5.0,,VIS-0-Coated-Plano-Convex-PCX-Lenses (2).xlsx,EO_2537,211,0497fb07d22d8e1d9c87c6088d733ef8f25480109b030c1d1dbeeb0198553764,2026-08-12T16:25:48.722572+00:00
Edmund Optics,48-244,TS 平凸レンズ 50 x 50 VIS 0°,plano_convex,50.0,49.0,50.0,43.28,VIS 0° (425-675nm),425.0,675.0,,1,39.24,,,N-SF11,,12.0,,VIS-0-Coated-Plano-Convex-PCX-Lenses (2).xlsx,EO_2537,212,0497fb07d22d8e1d9c87c6088d733ef8f25480109b030c1d1dbeeb0198553764,2026-08-12T16:25:48.722572+00:00
Edmund Optics,48-245,TS 平凸レンズ 50 x 75 VIS 0°,plano_convex,50.0,49.0,75.0,67.75,VIS 0° (425-675nm),425.0,675.0,,1,38.76,,,N-BK7,,11.0,,VIS-0-Coated-Plano-Convex-PCX-Lenses (2).xlsx,EO_2537,213,0497fb07d22d8e1d9c87c6088d733ef8f25480109b030c1d1dbeeb0198553764,2026-08-12T16:25:48.722572+00:00
Edmund Optics,48-246,TS 平凸レンズ 50 x 100 VIS 0°,plano_convex,50.0,49.0,100.0,93.41,VIS 0° (425-675nm),425.0,675.0,,1,51.68,,,N-BK7,,10.0,,VIS-0-Coated-Plano-Convex-PCX-Lenses (2).xlsx,EO_2537,214,0497fb07d22d8e1d9c87c6088d733ef8f25480109b030c1d1dbeeb0198553764,2026-08-12T16:25:48.722572+00:00
Edmund Optics,48-247,TS 平凸レンズ 50 x 125 VIS 0°,plano_convex,50.0,49.0,125.0,118.39,VIS 0° (425-675nm),425.0,675.0,,1,64.6,,,N-BK7,,10.0,,VIS-0-Coated-Plano-Convex-PCX-Lenses (2).xlsx,EO_2537,215,0497fb07d22d8e1d9c87c6088d733ef8f25480109b030c1d1dbeeb0198553764,2026-08-12T16:25:48.722572+00:00
Edmund Optics,48-248,TS 平凸レンズ 50 x 150 VIS 0°,plano_convex,50.0,49.0,150.0,144.07,VIS 0° (425-675nm),425.0,675.0,,1,77.52,,,N-BK7,,9.0,,VIS-0-Coated-Plano-Convex-PCX-Lenses (2).xlsx,EO_2537,216,0497fb07d22d8e1d9c87c6088d733ef8f25480109b030c1d1dbeeb0198553764,2026-08-12T16:25:48.722572+00:00
Edmund Optics,48-249,TS 平凸レンズ 50 x 175 VIS 0°,plano_convex,50.0,49.0,175.0,169.05,VIS 0° (425-675nm),425.0,675.0,,1,90.44,,,N-BK7,,9.0,,VIS-0-Coated-Plano-Convex-PCX-Lenses (2).xlsx,EO_2537,217,0497fb07d22d8e1d9c87c6088d733ef8f25480109b030c1d1dbeeb0198553764,2026-08-12T16:25:48.722572+00:00
Edmund Optics,48-250,TS 平凸レンズ 50 x 200 VIS 0°,plano_convex,50.0,49.0,200.0,196.66,VIS 0° (425-675nm),425.0,675.0,,1,103.36,,,N-BK7,,5.07,,VIS-0-Coated-Plano-Convex-PCX-Lenses (2).xlsx,EO_2537,218,0497fb07d22d8e1d9c87c6088d733ef8f25480109b030c1d1dbeeb0198553764,2026-08-12T16:25:48.722572+00:00
Edmund Optics,48-251,TS 平凸レンズ 50 x 250 VIS 0°,plano_convex,50.0,49.0,250.0,246.74,VIS 0° (425-675nm),425.0,675.0,,1,129.21,,,N-BK7,,4.94,,VIS-0-Coated-Plano-Convex-PCX-Lenses (2).xlsx,EO_2537,219,0497fb07d22d8e1d9c87c6088d733ef8f25480109b030c1d1dbeeb0198553764,2026-08-12T16:25:48.722572+00:00
Edmund Optics,48-252,TS 平凸レンズ 50 x 500 VIS 0°,plano_convex,50.0,49.0,500.0,496.7,VIS 0° (425-675nm),425.0,675.0,,1,258.4,,,N-BK7,,5.0,,VIS-0-Coated-Plano-Convex-PCX-Lenses (2).xlsx,EO_2537,220,0497fb07d22d8e1d9c87c6088d733ef8f25480109b030c1d1dbeeb0198553764,2026-08-12T16:25:48.722572+00:00
Edmund Optics,48-253,TS 両凸レンズ 30 x 50 VIS 0°,double_convex,30.0,29.0,50.0,47.82,VIS 0° (425-675nm),425.0,675.0,587.6,1,50.56,-50.56,,N-BK7,,6.55,,VIS-0-Coated-Double-Convex-DCX-Lenses (2).xlsx,EO_2538,71,cb466b524f464c7ffdace4dc1ea14ba24469dc445b22a90800d1bdd5d0901a4f,2026-08-12T16:25:48.722572+00:00
Edmund Optics,48-254,TS 両凸レンズ 30 x 75 VIS 0°,double_convex,30.0,29.0,75.0,73.35,VIS 0° (425-675nm),425.0,675.0,587.6,1,76.67,-76.67,,N-BK7,,4.96,,VIS-0-Coated-Double-Convex-DCX-Lenses (2).xlsx,EO_2538,73,cb466b524f464c7ffdace4dc1ea14ba24469dc445b22a90800d1bdd5d0901a4f,2026-08-12T16:25:48.722572+00:00
Edmund Optics,48-255,TS 両凸レンズ 40 x 60 VIS 0°,double_convex,40.0,39.0,60.0,57.1,VIS 0° (425-675nm),425.0,675.0,587.6,1,60.56,-60.56,,N-BK7,,8.8,,VIS-0-Coated-Double-Convex-DCX-Lenses (2).xlsx,EO_2538,77,cb466b524f464c7ffdace4dc1ea14ba24469dc445b22a90800d1bdd5d0901a4f,2026-08-12T16:25:48.722572+00:00
Edmund Optics,48-260,TS 両凸レンズ 50 x 50 VIS 0°,double_convex,50.0,49.0,50.0,45.3,VIS 0° (425-675nm),425.0,675.0,587.6,1,74.78,-74.78,,N-SF11,,16.0,,VIS-0-Coated-Double-Convex-DCX-Lenses (2).xlsx,EO_2538,82,cb466b524f464c7ffdace4dc1ea14ba24469dc445b22a90800d1bdd5d0901a4f,2026-08-12T16:25:48.722572+00:00
Edmund Optics,48-261,TS 両凸レンズ 50 x 100 VIS 0°,double_convex,50.0,49.0,100.0,96.65,VIS 0° (425-675nm),425.0,675.0,587.6,1,101.63,-101.63,,N-BK7,,10.0,,VIS-0-Coated-Double-Convex-DCX-Lenses (2).xlsx,EO_2538,83,cb466b524f464c7ffdace4dc1ea14ba24469dc445b22a90800d1bdd5d0901a4f,2026-08-12T16:25:48.722572+00:00
Edmund Optics,48-262,TS 両凸レンズ 50 x 150 VIS 0°,double_convex,50.0,49.0,150.0,147.0,VIS 0° (425-675nm),425.0,675.0,587.6,1,153.49,-153.49,,N-BK7,,9.0,,VIS-0-Coated-Double-Convex-DCX-Lenses (2).xlsx,EO_2538,84,cb466b524f464c7ffdace4dc1ea14ba24469dc445b22a90800d1bdd5d0901a4f,2026-08-12T16:25:48.722572+00:00
Edmund Optics,48-263,TS 両凸レンズ 50 x 200 VIS 0°,double_convex,50.0,49.0,200.0,198.33,VIS 0° (425-675nm),425.0,675.0,587.6,1,205.86,-205.86,,N-BK7,,5.05,,VIS-0-Coated-Double-Convex-DCX-Lenses (2).xlsx,EO_2538,85,cb466b524f464c7ffdace4dc1ea14ba24469dc445b22a90800d1bdd5d0901a4f,2026-08-12T16:25:48.722572+00:00
Edmund Optics,48-264,TS 両凸レンズ 50 x 250 VIS 0°,double_convex,50.0,49.0,250.0,248.37,VIS 0° (425-675nm),425.0,675.0,587.6,1,257.57,-257.57,,N-BK7,,4.93,,VIS-0-Coated-Double-Convex-DCX-Lenses (2).xlsx,EO_2538,86,cb466b524f464c7ffdace4dc1ea14ba24469dc445b22a90800d1bdd5d0901a4f,2026-08-12T16:25:48.722572+00:00
Edmund Optics,48-265,TS 平凹レンズ 6 x -6 VIS 0°,plano_concave,6.0,5.4,-6.0,-6.84,VIS 0° (425-675nm),425.0,675.0,587.6,1,-4.71,,,N-SF11,,1.5,,VIS-0-Coated-Plano-Concave-PCV-Lenses (1).xlsx,EO_2718,4,838087704458d663d00fa75beb2903a353ba634fbdf65948d00b05e176e1a3b4,2026-08-12T16:25:48.722572+00:00
Edmund Optics,48-266,TS 平凹レンズ 6 x -12 VIS 0°,plano_concave,6.0,5.4,-12.0,-12.99,VIS 0° (425-675nm),425.0,675.0,587.6,1,-6.2,,,N-BK7,,1.5,,VIS-0-Coated-Plano-Concave-PCV-Lenses (1).xlsx,EO_2718,6,838087704458d663d00fa75beb2903a353ba634fbdf65948d00b05e176e1a3b4,2026-08-12T16:25:48.722572+00:00
Edmund Optics,48-267,TS 平凹レンズ 6 x -18 VIS 0°,plano_concave,6.0,5.4,-18.0,-19.32,VIS 0° (425-675nm),425.0,675.0,587.6,1,-9.3,,,N-BK7,,2.0,,VIS-0-Coated-Plano-Concave-PCV-Lenses (1).xlsx,EO_2718,8,838087704458d663d00fa75beb2903a353ba634fbdf65948d00b05e176e1a3b4,2026-08-12T16:25:48.722572+00:00
Edmund Optics,48-268,TS 平凹レンズ 9 x -9 VIS 0°,plano_concave,9.0,8.1,-9.0,-10.21,VIS 0° (425-675nm),425.0,675.0,587.6,1,-7.07,,,N-SF11,,2.25,,VIS-0-Coated-Plano-Concave-PCV-Lenses (1).xlsx,EO_2718,9,838087704458d663d00fa75beb2903a353ba634fbdf65948d00b05e176e1a3b4,2026-08-12T16:25:48.722572+00:00
Edmund Optics,48-269,TS 平凹レンズ 9 x -18 VIS 0°,plano_concave,9.0,8.1,-18.0,-19.26,VIS 0° (425-675nm),425.0,675.0,587.6,1,-14.12,,,N-SF11,,2.25,,VIS-0-Coated-Plano-Concave-PCV-Lenses (1).xlsx,EO_2718,11,838087704458d663d00fa75beb2903a353ba634fbdf65948d00b05e176e1a3b4,2026-08-12T16:25:48.722572+00:00
Edmund Optics,48-270,TS 平凹レンズ 9 x -27 VIS 0°,plano_concave,9.0,8.1,-27.0,-28.68,VIS 0° (425-675nm),425.0,675.0,587.6,1,-21.19,,,N-SF11,,3.0,,VIS-0-Coated-Plano-Concave-PCV-Lenses (1).xlsx,EO_2718,12,838087704458d663d00fa75beb2903a353ba634fbdf65948d00b05e176e1a3b4,2026-08-12T16:25:48.722572+00:00
Edmund Optics,48-271,TS 平凹レンズ 50 x -100 VIS 0°,plano_concave,50.0,49.0,-100.0,-103.3,VIS 0° (425-675nm),425.0,675.0,587.6,1,-51.68,,,N-BK7,,5.0,,VIS-0-Coated-Plano-Concave-PCV-Lenses (1).xlsx,EO_2718,26,838087704458d663d00fa75beb2903a353ba634fbdf65948d00b05e176e1a3b4,2026-08-12T16:25:48.722572+00:00
Edmund Optics,48-272,TS 平凹レンズ 50 x -125 VIS 0°,plano_concave,50.0,49.0,-125.0,-128.3,VIS 0° (425-675nm),425.0,675.0,587.6,1,-64.6,,,N-BK7,,5.0,,VIS-0-Coated-Plano-Concave-PCV-Lenses (1).xlsx,EO_2718,27,838087704458d663d00fa75beb2903a353ba634fbdf65948d00b05e176e1a3b4,2026-08-12T16:25:48.722572+00:00
Edmund Optics,48-293,TS 合成石英製両凸レンズ 25 x 25,double_convex,25.0,24.0,25.0,20.93,Uncoated,200.0,2200.0,587.6,1,21.06,-21.06,,Fused Silica (Corning 7980),,10.9,,UV-Fused-Silica-Double-Convex-DCX-Lenses.xlsx,EO_2028,147,2f0c00e1f3686328cdd7bced2b271ab6acc9152f804f974a74f15c4383f7a188,2026-08-12T16:25:48.722572+00:00
Edmund Optics,48-294,TS 合成石英製両凸レンズ 25 x 50,double_convex,25.0,24.0,50.0,48.02,Uncoated,200.0,2200.0,587.6,1,44.94,-44.94,,Fused Silica (Corning 7980),,5.66,,UV-Fused-Silica-Double-Convex-DCX-Lenses.xlsx,EO_2028,155,2f0c00e1f3686328cdd7bced2b271ab6acc9152f804f974a74f15c4383f7a188,2026-08-12T16:25:48.722572+00:00
Edmund Optics,48-295,TS 合成石英製両凸レンズ 25 x 60,double_convex,25.0,24.0,60.0,58.08,Uncoated,200.0,2200.0,587.6,1,54.14,-54.14,,Fused Silica (Corning 7980),,5.52,,UV-Fused-Silica-Double-Convex-DCX-Lenses.xlsx,EO_2028,163,2f0c00e1f3686328cdd7bced2b271ab6acc9152f804f974a74f15c4383f7a188,2026-08-12T16:25:48.722572+00:00
Edmund Optics,48-296,TS 合成石英製両凸レンズ 25 x 75,double_convex,25.0,24.0,75.6,73.91,Uncoated,200.0,2200.0,587.6,1,68.55,-68.55,,Fused Silica (Corning 7980),,4.87,,UV-Fused-Silica-Double-Convex-DCX-Lenses.xlsx,EO_2028,171,2f0c00e1f3686328cdd7bced2b271ab6acc9152f804f974a74f15c4383f7a188,2026-08-12T16:25:48.722572+00:00
Edmund Optics,48-297,TS 合成石英製両凸レンズ 25 x 100,double_convex,25.0,24.0,100.0,98.7,Uncoated,200.0,2200.0,587.6,1,91.09,-91.09,,Fused Silica (Corning 7980),,3.78,,UV-Fused-Silica-Double-Convex-DCX-Lenses.xlsx,EO_2028,179,2f0c00e1f3686328cdd7bced2b271ab6acc9152f804f974a74f15c4383f7a188,2026-08-12T16:25:48.722572+00:00
Edmund Optics,48-298,TS 合成石英製両凸レンズ 25 x 125,double_convex,25.0,24.0,125.0,123.82,Uncoated,200.0,2200.0,587.6,1,114.08,-114.08,,Fused Silica (Corning 7980),,3.42,,UV-Fused-Silica-Double-Convex-DCX-Lenses.xlsx,EO_2028,187,2f0c00e1f3686328cdd7bced2b271ab6acc9152f804f974a74f15c4383f7a188,2026-08-12T16:25:48.722572+00:00
Edmund Optics,48-299,TS 合成石英製両凸レンズ 25 x 150,double_convex,25.0,24.0,150.0,148.37,Uncoated,200.0,2200.0,587.6,1,136.96,-136.96,,Fused Silica (Corning 7980),,3.68,,UV-Fused-Silica-Double-Convex-DCX-Lenses.xlsx,EO_2028,192,2f0c00e1f3686328cdd7bced2b271ab6acc9152f804f974a74f15c4383f7a188,2026-08-12T16:25:48.722572+00:00
Edmund Optics,48-300,TS 合成石英製両凸レンズ 25 x 200,double_convex,25.0,24.0,200.0,198.84,Uncoated,200.0,2200.0,587.6,1,182.85,-182.85,,Fused Silica (Corning 7980),,3.38,,UV-Fused-Silica-Double-Convex-DCX-Lenses.xlsx,EO_2028,197,2f0c00e1f3686328cdd7bced2b271ab6acc9152f804f974a74f15c4383f7a188,2026-08-12T16:25:48.722572+00:00
Edmund Optics,48-301,TS 合成石英製両凸レンズ 25 x 250,double_convex,25.0,24.0,250.0,248.9,Uncoated,200.0,2200.0,587.6,1,228.73,-228.73,,Fused Silica (Corning 7980),,3.21,,UV-Fused-Silica-Double-Convex-DCX-Lenses.xlsx,EO_2028,202,2f0c00e1f3686328cdd7bced2b271ab6acc9152f804f974a74f15c4383f7a188,2026-08-12T16:25:48.722572+00:00
Edmund Optics,48-302,TS 合成石英製両凸レンズ 25 x 300,double_convex,25.0,24.0,300.0,298.94,Uncoated,200.0,2200.0,587.6,1,274.6,-274.6,,Fused Silica (Corning 7980),,3.09,,UV-Fused-Silica-Double-Convex-DCX-Lenses.xlsx,EO_2028,207,2f0c00e1f3686328cdd7bced2b271ab6acc9152f804f974a74f15c4383f7a188,2026-08-12T16:25:48.722572+00:00
Edmund Optics,48-303,TS 合成石英製両凸レンズ 25 x 500,double_convex,25.0,24.0,500.0,498.85,Uncoated,200.0,2200.0,587.6,1,457.93,-457.93,,Fused Silica (Corning 7980),,3.35,,UV-Fused-Silica-Double-Convex-DCX-Lenses.xlsx,EO_2028,212,2f0c00e1f3686328cdd7bced2b271ab6acc9152f804f974a74f15c4383f7a188,2026-08-12T16:25:48.722572+00:00
Edmund Optics,48-304,TS 合成石英製両凸レンズ 25 x 25 UV-AR,double_convex,25.0,24.0,25.0,20.93,UV-AR (250-425nm),250.0,425.0,587.6,1,21.06,-21.06,,Fused Silica (Corning 7980),,10.9,,UV-Fused-Silica-Double-Convex-DCX-Lenses.xlsx,EO_2028,148,2f0c00e1f3686328cdd7bced2b271ab6acc9152f804f974a74f15c4383f7a188,2026-08-12T16:25:48.722572+00:00
Edmund Optics,48-305,TS 合成石英製両凸レンズ 25 x 50 UV-AR,double_convex,25.0,24.0,50.0,48.02,UV-AR (250-425nm),250.0,425.0,587.6,1,44.94,-44.94,,Fused Silica (Corning 7980),,5.66,,UV-Fused-Silica-Double-Convex-DCX-Lenses.xlsx,EO_2028,156,2f0c00e1f3686328cdd7bced2b271ab6acc9152f804f974a74f15c4383f7a188,2026-08-12T16:25:48.722572+00:00
Edmund Optics,48-306,TS 合成石英製両凸レンズ 25 x 60 UV-AR,double_convex,25.0,24.0,60.0,58.08,UV-AR (250-425nm),250.0,425.0,587.6,1,54.14,-54.14,,Fused Silica (Corning 7980),,5.52,,UV-Fused-Silica-Double-Convex-DCX-Lenses.xlsx,EO_2028,164,2f0c00e1f3686328cdd7bced2b271ab6acc9152f804f974a74f15c4383f7a188,2026-08-12T16:25:48.722572+00:00
Edmund Optics,48-307,TS 合成石英製両凸レンズ 25 x 75.6 UV-AR,double_convex,25.0,24.0,75.6,73.91,UV-AR (250-425nm),250.0,425.0,587.6,1,68.55,-68.55,,Fused Silica (Corning 7980),,4.87,,UV-Fused-Silica-Double-Convex-DCX-Lenses.xlsx,EO_2028,172,2f0c00e1f3686328cdd7bced2b271ab6acc9152f804f974a74f15c4383f7a188,2026-08-12T16:25:48.722572+00:00
Edmund Optics,48-308,TS 合成石英製両凸レンズ 25 x 100 UV-AR,double_convex,25.0,24.0,100.0,98.7,UV-AR (250-425nm),250.0,425.0,587.6,1,91.09,-91.09,,Fused Silica (Corning 7980),,3.78,,UV-Fused-Silica-Double-Convex-DCX-Lenses.xlsx,EO_2028,180,2f0c00e1f3686328cdd7bced2b271ab6acc9152f804f974a74f15c4383f7a188,2026-08-12T16:25:48.722572+00:00
Edmund Optics,48-309,TS 合成石英製両凸レンズ 25 x 125 UV-AR,double_convex,25.0,24.0,125.0,123.82,UV-AR (250-425nm),250.0,425.0,587.6,1,114.08,-114.08,,Fused Silica (Corning 7980),,3.42,,UV-Fused-Silica-Double-Convex-DCX-Lenses.xlsx,EO_2028,188,2f0c00e1f3686328cdd7bced2b271ab6acc9152f804f974a74f15c4383f7a188,2026-08-12T16:25:48.722572+00:00
Edmund Optics,48-310,TS 合成石英製両凸レンズ 25 x 150 UV-AR,double_convex,25.0,24.0,150.0,148.37,UV-AR (250-425nm),250.0,425.0,587.6,1,136.96,-136.96,,Fused Silica (Corning 7980),,3.68,,UV-Fused-Silica-Double-Convex-DCX-Lenses.xlsx,EO_2028,193,2f0c00e1f3686328cdd7bced2b271ab6acc9152f804f974a74f15c4383f7a188,2026-08-12T16:25:48.722572+00:00
Edmund Optics,48-311,TS 合成石英製両凸レンズ 25 x 200 UV-AR,double_convex,25.0,24.0,200.0,198.84,UV-AR (250-425nm),250.0,425.0,587.6,1,182.85,-182.85,,Fused Silica (Corning 7980),,3.38,,UV-Fused-Silica-Double-Convex-DCX-Lenses.xlsx,EO_2028,198,2f0c00e1f3686328cdd7bced2b271ab6acc9152f804f974a74f15c4383f7a188,2026-08-12T16:25:48.722572+00:00
Edmund Optics,48-312,TS 合成石英製両凸レンズ 25 x 250 UV-AR,double_convex,25.0,24.0,250.0,248.9,UV-AR (250-425nm),250.0,425.0,587.6,1,228.73,-228.73,,Fused Silica (Corning 7980),,3.21,,UV-Fused-Silica-Double-Convex-DCX-Lenses.xlsx,EO_2028,203,2f0c00e1f3686328cdd7bced2b271ab6acc9152f804f974a74f15c4383f7a188,2026-08-12T16:25:48.722572+00:00
Edmund Optics,48-313,TS 合成石英製両凸レンズ 25 x 300 UV-AR,double_convex,25.0,24.0,300.0,298.94,UV-AR (250-425nm),250.0,425.0,587.6,1,274.6,-274.6,,Fused Silica (Corning 7980),,3.09,,UV-Fused-Silica-Double-Convex-DCX-Lenses.xlsx,EO_2028,208,2f0c00e1f3686328cdd7bced2b271ab6acc9152f804f974a74f15c4383f7a188,2026-08-12T16:25:48.722572+00:00
Edmund Optics,48-314,TS 合成石英製両凸レンズ 25 x 500 UV-AR,double_convex,25.0,24.0,500.0,498.85,UV-AR (250-425nm),250.0,425.0,587.6,1,457.93,-457.93,,Fused Silica (Corning 7980),,3.35,,UV-Fused-Silica-Double-Convex-DCX-Lenses.xlsx,EO_2028,213,2f0c00e1f3686328cdd7bced2b271ab6acc9152f804f974a74f15c4383f7a188,2026-08-12T16:25:48.722572+00:00
Edmund Optics,48-315,TS 合成石英製平凹レンズ 25 x -50,plano_concave,25.0,24.0,-50.0,-51.37,Uncoated,200.0,2200.0,587.6,1,-22.92,,,Fused Silica (Corning 7980),,2.0,,UV-Fused-Silica-Plano-Concave-PCV-Lenses.xlsx,EO_2029,46,6adea2b1f35062c021c9b77985a354ba2b355297d98073b41655aeafd2e3b895,2026-08-12T16:25:48.722572+00:00
Edmund Optics,48-316,TS 合成石英製平凹レンズ 25 x -75,plano_concave,25.0,24.0,-75.0,-76.71,Uncoated,200.0,2200.0,587.6,1,-34.38,,,Fused Silica (Corning 7980),,2.5,,UV-Fused-Silica-Plano-Concave-PCV-Lenses.xlsx,EO_2029,47,6adea2b1f35062c021c9b77985a354ba2b355297d98073b41655aeafd2e3b895,2026-08-12T16:25:48.722572+00:00
Edmund Optics,48-317,TS 合成石英製平凹レンズ 25 x -100,plano_concave,25.0,24.0,-100.0,-101.71,Uncoated,200.0,2200.0,587.6,1,-45.84,,,Fused Silica (Corning 7980),,2.5,,UV-Fused-Silica-Plano-Concave-PCV-Lenses.xlsx,EO_2029,48,6adea2b1f35062c021c9b77985a354ba2b355297d98073b41655aeafd2e3b895,2026-08-12T16:25:48.722572+00:00
Edmund Optics,48-318,TS 合成石英製平凹レンズ 25 x -150,plano_concave,25.0,24.0,-150.0,-151.71,Uncoated,200.0,2200.0,587.6,1,-68.76,,,Fused Silica (Corning 7980),,2.5,,UV-Fused-Silica-Plano-Concave-PCV-Lenses.xlsx,EO_2029,49,6adea2b1f35062c021c9b77985a354ba2b355297d98073b41655aeafd2e3b895,2026-08-12T16:25:48.722572+00:00
Edmund Optics,48-319,TS 合成石英製平凹レンズ 25 x -200,plano_concave,25.0,24.0,-200.0,-201.71,Uncoated,200.0,2200.0,587.6,1,-91.69,,,Fused Silica (Corning 7980),,2.5,,UV-Fused-Silica-Plano-Concave-PCV-Lenses.xlsx,EO_2029,50,6adea2b1f35062c021c9b77985a354ba2b355297d98073b41655aeafd2e3b895,2026-08-12T16:25:48.722572+00:00
Edmund Optics,48-320,TS 合成石英製平凹レンズ 25 x -250,plano_concave,25.0,24.0,-250.0,-251.71,Uncoated,200.0,2200.0,587.6,1,-114.61,,,Fused Silica (Corning 7980),,2.5,,UV-Fused-Silica-Plano-Concave-PCV-Lenses.xlsx,EO_2029,51,6adea2b1f35062c021c9b77985a354ba2b355297d98073b41655aeafd2e3b895,2026-08-12T16:25:48.722572+00:00
Edmund Optics,48-321,TS 合成石英製平凹レンズ 25 x -50 UV-AR,plano_concave,25.0,24.0,-50.0,-51.37,UV-AR (250-425nm),250.0,425.0,587.6,1,-22.92,,,Fused Silica (Corning 7980),,2.0,,UV-Fused-Silica-Plano-Concave-PCV-Lenses.xlsx,EO_2029,52,6adea2b1f35062c021c9b77985a354ba2b355297d98073b41655aeafd2e3b895,2026-08-12T16:25:48.722572+00:00
Edmund Optics,48-322,TS 合成石英製平凹レンズ 25 x -75 UV-AR,plano_concave,25.0,24.0,-75.0,-76.71,UV-AR (250-425nm),250.0,425.0,587.6,1,-34.38,,,Fused Silica (Corning 7980),,2.5,,UV-Fused-Silica-Plano-Concave-PCV-Lenses.xlsx,EO_2029,54,6adea2b1f35062c021c9b77985a354ba2b355297d98073b41655aeafd2e3b895,2026-08-12T16:25:48.722572+00:00
Edmund Optics,48-323,TS 合成石英製平凹レンズ 25 x -100 UV-AR,plano_concave,25.0,24.0,-100.0,-101.71,UV-AR (250-425nm),250.0,425.0,587.6,1,-45.84,,,Fused Silica (Corning 7980),,2.5,,UV-Fused-Silica-Plano-Concave-PCV-Lenses.xlsx,EO_2029,56,6adea2b1f35062c021c9b77985a354ba2b355297d98073b41655aeafd2e3b895,2026-08-12T16:25:48.722572+00:00
Edmund Optics,48-324,TS 合成石英製平凹レンズ 25 x -150 UV-AR,plano_concave,25.0,24.0,-150.0,-151.71,UV-AR (250-425nm),250.0,425.0,587.6,1,-68.76,,,Fused Silica (Corning 7980),,2.5,,UV-Fused-Silica-Plano-Concave-PCV-Lenses.xlsx,EO_2029,58,6adea2b1f35062c021c9b77985a354ba2b355297d98073b41655aeafd2e3b895,2026-08-12T16:25:48.722572+00:00
Edmund Optics,48-325,TS 合成石英製平凹レンズ 25 x -200 UV-AR,plano_concave,25.0,24.0,-200.0,-201.71,UV-AR (250-425nm),250.0,425.0,587.6,1,-91.69,,,Fused Silica (Corning 7980),,2.5,,UV-Fused-Silica-Plano-Concave-PCV-Lenses.xlsx,EO_2029,60,6adea2b1f35062c021c9b77985a354ba2b355297d98073b41655aeafd2e3b895,2026-08-12T16:25:48.722572+00:00
Edmund Optics,48-326,TS 合成石英製平凹レンズ 25 x -250 UV-AR,plano_concave,25.0,24.0,-250.0,-251.71,UV-AR (250-425nm),250.0,425.0,587.6,1,-114.61,,,Fused Silica (Corning 7980),,2.5,,UV-Fused-Silica-Plano-Concave-PCV-Lenses.xlsx,EO_2029,62,6adea2b1f35062c021c9b77985a354ba2b355297d98073b41655aeafd2e3b895,2026-08-12T16:25:48.722572+00:00
Edmund Optics,48-327,TS 合成石英製両凹レンズ 25 x -50,double_concave,25.0,24.0,-50.0,-50.85,Uncoated,200.0,2200.0,587.6,1,-46.23,46.23,,Fused Silica (Corning 7980),,2.5,,UV-Fused-Silica-Double-Concave-DCV-Lenses.xlsx,EO_2030,10,5483a84dd6999f7a6446e97b5a8c459df7060fd5ff5969b9189372526c449348,2026-08-12T16:25:48.722572+00:00
Edmund Optics,48-328,TS 合成石英製両凹レンズ 25 x -100,double_concave,25.0,24.0,-100.0,-100.85,Uncoated,200.0,2200.0,587.6,1,-92.08,92.08,,Fused Silica (Corning 7980),,2.5,,UV-Fused-Silica-Double-Concave-DCV-Lenses.xlsx,EO_2030,12,5483a84dd6999f7a6446e97b5a8c459df7060fd5ff5969b9189372526c449348,2026-08-12T16:25:48.722572+00:00
Edmund Optics,48-329,TS 合成石英製両凹レンズ 25 x -125,double_concave,25.0,24.0,-125.0,-125.85,Uncoated,200.0,2200.0,587.6,1,-115.0,115.0,,Fused Silica (Corning 7980),,2.5,,UV-Fused-Silica-Double-Concave-DCV-Lenses.xlsx,EO_2030,14,5483a84dd6999f7a6446e97b5a8c459df7060fd5ff5969b9189372526c449348,2026-08-12T16:25:48.722572+00:00
Edmund Optics,48-330,TS 合成石英製両凹レンズ 25 x -50 UV-AR,double_concave,25.0,24.0,-50.0,-50.85,UV-AR (250-425nm),250.0,425.0,587.6,1,-46.23,46.23,,Fused Silica (Corning 7980),,2.5,,UV-Fused-Silica-Double-Concave-DCV-Lenses.xlsx,EO_2030,11,5483a84dd6999f7a6446e97b5a8c459df7060fd5ff5969b9189372526c449348,2026-08-12T16:25:48.722572+00:00
Edmund Optics,48-331,TS 合成石英製両凹レンズ 25 x -100 UV-AR,double_concave,25.0,24.0,-100.0,-100.85,UV-AR (250-425nm),250.0,425.0,587.6,1,-92.08,92.08,,Fused Silica (Corning 7980),,2.5,,UV-Fused-Silica-Double-Concave-DCV-Lenses.xlsx,EO_2030,13,5483a84dd6999f7a6446e97b5a8c459df7060fd5ff5969b9189372526c449348,2026-08-12T16:25:48.722572+00:00
Edmund Optics,48-332,TS 合成石英製両凹レンズ 25 x -125 UV-AR,double_concave,25.0,24.0,-125.0,-125.85,UV-AR (250-425nm),250.0,425.0,587.6,1,-115.0,115.0,,Fused Silica (Corning 7980),,2.5,,UV-Fused-Silica-Double-Concave-DCV-Lenses.xlsx,EO_2030,15,5483a84dd6999f7a6446e97b5a8c459df7060fd5ff5969b9189372526c449348,2026-08-12T16:25:48.722572+00:00
Edmund Optics,48-341,TS 平凹レンズ 6 x -9 VIS 0°,plano_concave,6.0,5.4,-9.0,-9.84,VIS 0° (425-675nm),425.0,675.0,587.6,1,-7.06,,,N-SF11,,1.5,,VIS-0-Coated-Plano-Concave-PCV-Lenses (1).xlsx,EO_2718,5,838087704458d663d00fa75beb2903a353ba634fbdf65948d00b05e176e1a3b4,2026-08-12T16:25:48.722572+00:00
Edmund Optics,48-342,TS 平凹レンズ 9 x -12 VIS 0°,plano_concave,9.0,8.1,-12.0,-13.26,VIS 0° (425-675nm),425.0,675.0,587.6,1,-9.42,,,N-SF11,,2.25,,VIS-0-Coated-Plano-Concave-PCV-Lenses (1).xlsx,EO_2718,10,838087704458d663d00fa75beb2903a353ba634fbdf65948d00b05e176e1a3b4,2026-08-12T16:25:48.722572+00:00
Edmund Optics,48-343,TS 平凹レンズ 12 x -18 VIS 0°,plano_concave,12.0,11.0,-18.0,-19.95,VIS 0° (425-675nm),425.0,675.0,587.6,1,-14.12,,,N-SF11,,3.5,,VIS-0-Coated-Plano-Concave-PCV-Lenses (1).xlsx,EO_2718,15,838087704458d663d00fa75beb2903a353ba634fbdf65948d00b05e176e1a3b4,2026-08-12T16:25:48.722572+00:00
Edmund Optics,48-344,TS 両凹レンズ 9 x -9 VIS 0°,double_concave,9.0,8.1,-9.0,-9.61,VIS 0° (425-675nm),425.0,675.0,587.6,1,-14.6,14.6,,N-SF11,,2.25,,VIS-0-Coated-Double-Concave-DCV-Lenses (1).xlsx,EO_2720,5,87b7e2dac03139dbb067ac6801e274de9639b71d13afdaaaf245c2d4b09fc397,2026-08-12T16:25:48.722572+00:00
Edmund Optics,48-425,TS 平凸レンズ 18 x 18 VIS 0°,plano_convex,18.0,17.0,18.0,15.2,VIS 0° (425-675nm),425.0,675.0,,1,14.13,,,N-SF11,,5.0,,VIS-0-Coated-Plano-Convex-PCX-Lenses (2).xlsx,EO_2537,142,0497fb07d22d8e1d9c87c6088d733ef8f25480109b030c1d1dbeeb0198553764,2026-08-12T16:25:48.722572+00:00
Edmund Optics,48-658,TS 平凸レンズ 5 x 7.5 VIS 0°,plano_convex,5.0,4.5,7.5,6.43,VIS 0° (425-675nm),425.0,675.0,,1,5.89,,,N-SF11,,1.9,,VIS-0-Coated-Plano-Convex-PCX-Lenses (2).xlsx,EO_2537,33,0497fb07d22d8e1d9c87c6088d733ef8f25480109b030c1d1dbeeb0198553764,2026-08-12T16:25:48.722572+00:00
Edmund Optics,48-659,TS 平凸レンズ 30 x 30 VIS 0°,plano_convex,30.0,29.0,30.0,26.13,VIS 0° (425-675nm),425.0,675.0,,1,23.54,,,N-SF11,,6.9,,VIS-0-Coated-Plano-Convex-PCX-Lenses (2).xlsx,EO_2537,194,0497fb07d22d8e1d9c87c6088d733ef8f25480109b030c1d1dbeeb0198553764,2026-08-12T16:25:48.722572+00:00
Edmund Optics,48-660,TS 平凸レンズ 40 x 40 VIS 0°,plano_convex,40.0,39.0,40.0,35.13,VIS 0° (425-675nm),425.0,675.0,,1,31.39,,,N-SF11,,8.7,,VIS-0-Coated-Plano-Convex-PCX-Lenses (2).xlsx,EO_2537,205,0497fb07d22d8e1d9c87c6088d733ef8f25480109b030c1d1dbeeb0198553764,2026-08-12T16:25:48.722572+00:00
Edmund Optics,48-690,TS 平凹レンズ 6 x -15 VIS 0°,plano_concave,6.0,5.4,-15.0,-16.32,VIS 0° (425-675nm),425.0,675.0,587.6,1,-7.75,,,N-BK7,,2.0,,VIS-0-Coated-Plano-Concave-PCV-Lenses (1).xlsx,EO_2718,7,838087704458d663d00fa75beb2903a353ba634fbdf65948d00b05e176e1a3b4,2026-08-12T16:25:48.722572+00:00
Edmund Optics,48-691,TS 平凹レンズ 12 x -15 VIS 0°,plano_concave,12.0,11.0,-15.0,-16.68,VIS 0° (425-675nm),425.0,675.0,587.6,1,-11.77,,,N-SF11,,3.0,,VIS-0-Coated-Plano-Concave-PCV-Lenses (1).xlsx,EO_2718,14,838087704458d663d00fa75beb2903a353ba634fbdf65948d00b05e176e1a3b4,2026-08-12T16:25:48.722572+00:00
Edmund Optics,48-692,TS 平凹レンズ 25 x -35 VIS 0°,plano_concave,25.0,24.0,-35.0,-36.96,VIS 0° (425-675nm),425.0,675.0,587.6,1,-27.47,,,N-SF11,,3.5,,VIS-0-Coated-Plano-Concave-PCV-Lenses (1).xlsx,EO_2718,23,838087704458d663d00fa75beb2903a353ba634fbdf65948d00b05e176e1a3b4,2026-08-12T16:25:48.722572+00:00
Edmund Optics,48-693,TS 両凹レンズ 6 x -12 VIS 0°,double_concave,6.0,5.4,-12.0,-12.33,VIS 0° (425-675nm),425.0,675.0,587.6,1,-12.57,12.57,,N-BK7,,1.0,,VIS-0-Coated-Double-Concave-DCV-Lenses (1).xlsx,EO_2720,4,87b7e2dac03139dbb067ac6801e274de9639b71d13afdaaaf245c2d4b09fc397,2026-08-12T16:25:48.722572+00:00
Edmund Optics,48-694,TS 両凹レンズ 9 x -18 VIS 0°,double_concave,9.0,8.1,-18.0,-18.49,VIS 0° (425-675nm),425.0,675.0,587.6,1,-18.86,18.86,,N-BK7,,1.5,,VIS-0-Coated-Double-Concave-DCV-Lenses (1).xlsx,EO_2720,7,87b7e2dac03139dbb067ac6801e274de9639b71d13afdaaaf245c2d4b09fc397,2026-08-12T16:25:48.722572+00:00
Edmund Optics,48-695,TS 両凹レンズ 12 x -24 VIS 0°,double_concave,12.0,11.0,-24.0,-24.65,VIS 0° (425-675nm),425.0,675.0,587.6,1,-25.14,25.14,,N-BK7,,2.0,,VIS-0-Coated-Double-Concave-DCV-Lenses (1).xlsx,EO_2720,10,87b7e2dac03139dbb067ac6801e274de9639b71d13afdaaaf245c2d4b09fc397,2026-08-12T16:25:48.722572+00:00
Edmund Optics,48-834,TS 合成石英製両凸レンズ 12 x 12 UV-VIS,double_convex,12.0,11.0,12.0,9.25,UV-VIS (250-700nm),250.0,700.0,587.6,1,9.74,-9.74,,Fused Silica (Corning 7980),,7.09,,UV-Fused-Silica-Double-Convex-DCX-Lenses.xlsx,EO_2028,72,2f0c00e1f3686328cdd7bced2b271ab6acc9152f804f974a74f15c4383f7a188,2026-08-12T16:25:48.722572+00:00
Edmund Optics,48-835,TS 合成石英製両凸レンズ 12 x 20 UV-VIS,double_convex,12.0,11.0,20.0,18.44,UV-VIS (250-700nm),250.0,700.0,587.6,1,17.63,-17.63,,Fused Silica (Corning 7980),,4.37,,UV-Fused-Silica-Double-Convex-DCX-Lenses.xlsx,EO_2028,88,2f0c00e1f3686328cdd7bced2b271ab6acc9152f804f974a74f15c4383f7a188,2026-08-12T16:25:48.722572+00:00
Edmund Optics,48-836,TS 合成石英製両凸レンズ 12 x 30 UV-VIS,double_convex,12.0,11.0,30.0,28.77,UV-VIS (250-700nm),250.0,700.0,587.6,1,26.94,-26.94,,Fused Silica (Corning 7980),,3.52,,UV-Fused-Silica-Double-Convex-DCX-Lenses.xlsx,EO_2028,104,2f0c00e1f3686328cdd7bced2b271ab6acc9152f804f974a74f15c4383f7a188,2026-08-12T16:25:48.722572+00:00
Edmund Optics,48-837,TS 合成石英製両凸レンズ 12 x 35 UV-VIS,double_convex,12.0,11.0,35.0,33.85,UV-VIS (250-700nm),250.0,700.0,587.6,1,31.57,-31.57,,Fused Silica (Corning 7980),,3.29,,UV-Fused-Silica-Double-Convex-DCX-Lenses.xlsx,EO_2028,112,2f0c00e1f3686328cdd7bced2b271ab6acc9152f804f974a74f15c4383f7a188,2026-08-12T16:25:48.722572+00:00
Edmund Optics,48-838,TS 合成石英製両凸レンズ 12 x 45 UV-VIS,double_convex,12.0,11.0,45.0,43.96,UV-VIS (250-700nm),250.0,700.0,587.6,1,40.79,-40.79,,Fused Silica (Corning 7980),,2.99,,UV-Fused-Silica-Double-Convex-DCX-Lenses.xlsx,EO_2028,120,2f0c00e1f3686328cdd7bced2b271ab6acc9152f804f974a74f15c4383f7a188,2026-08-12T16:25:48.722572+00:00
Edmund Optics,48-839,TS 合成石英製両凸レンズ 12 x 75 UV-VIS,double_convex,12.0,11.0,75.0,74.11,UV-VIS (250-700nm),250.0,700.0,587.6,1,68.36,-68.36,,Fused Silica (Corning 7980),,2.59,,UV-Fused-Silica-Double-Convex-DCX-Lenses.xlsx,EO_2028,124,2f0c00e1f3686328cdd7bced2b271ab6acc9152f804f974a74f15c4383f7a188,2026-08-12T16:25:48.722572+00:00
Edmund Optics,48-840,TS 合成石英製両凸レンズ 18 x 20 UV-VIS,double_convex,18.0,17.0,20.0,17.18,UV-VIS (250-700nm),250.0,700.0,587.6,1,17.05,-17.05,,Fused Silica (Corning 7980),,7.64,,UV-Fused-Silica-Double-Convex-DCX-Lenses.xlsx,EO_2028,133,2f0c00e1f3686328cdd7bced2b271ab6acc9152f804f974a74f15c4383f7a188,2026-08-12T16:25:48.722572+00:00
Edmund Optics,48-841,TS 合成石英製両凸レンズ 18 x 40 UV-VIS,double_convex,18.0,17.0,40.0,38.5,UV-VIS (250-700nm),250.0,700.0,587.6,1,35.99,-35.99,,Fused Silica (Corning 7980),,4.29,,UV-Fused-Silica-Double-Convex-DCX-Lenses.xlsx,EO_2028,141,2f0c00e1f3686328cdd7bced2b271ab6acc9152f804f974a74f15c4383f7a188,2026-08-12T16:25:48.722572+00:00
Edmund Optics,48-842,TS 合成石英製両凸レンズ 25 x 25 UV-VIS,double_convex,25.0,24.0,25.0,20.93,UV-VIS (250-700nm),250.0,700.0,587.6,1,21.06,-21.06,,Fused Silica (Corning 7980),,10.9,,UV-Fused-Silica-Double-Convex-DCX-Lenses.xlsx,EO_2028,149,2f0c00e1f3686328cdd7bced2b271ab6acc9152f804f974a74f15c4383f7a188,2026-08-12T16:25:48.722572+00:00
Edmund Optics,48-843,TS 合成石英製両凸レンズ 25 x 50 UV-VIS,double_convex,25.0,24.0,50.0,48.02,UV-VIS (250-700nm),250.0,700.0,587.6,1,44.94,-44.94,,Fused Silica (Corning 7980),,5.66,,UV-Fused-Silica-Double-Convex-DCX-Lenses.xlsx,EO_2028,157,2f0c00e1f3686328cdd7bced2b271ab6acc9152f804f974a74f15c4383f7a188,2026-08-12T16:25:48.722572+00:00
Edmund Optics,48-844,TS 合成石英製両凸レンズ 25 x 60 UV-VIS,double_convex,25.0,24.0,60.0,58.08,UV-VIS (250-700nm),250.0,700.0,587.6,1,54.14,-54.14,,Fused Silica (Corning 7980),,5.52,,UV-Fused-Silica-Double-Convex-DCX-Lenses.xlsx,EO_2028,165,2f0c00e1f3686328cdd7bced2b271ab6acc9152f804f974a74f15c4383f7a188,2026-08-12T16:25:48.722572+00:00
Edmund Optics,48-845,TS 合成石英製両凸レンズ 25 x 75.6 UV-VIS,double_convex,25.0,24.0,75.6,73.91,UV-VIS (250-700nm),250.0,700.0,587.6,1,68.55,-68.55,,Fused Silica (Corning 7980),,4.87,,UV-Fused-Silica-Double-Convex-DCX-Lenses.xlsx,EO_2028,173,2f0c00e1f3686328cdd7bced2b271ab6acc9152f804f974a74f15c4383f7a188,2026-08-12T16:25:48.722572+00:00
Edmund Optics,48-846,TS 合成石英製両凸レンズ 25 x 100 UV-VIS,double_convex,25.0,24.0,100.0,98.7,UV-VIS (250-700nm),250.0,700.0,587.6,1,91.09,-91.09,,Fused Silica (Corning 7980),,3.78,,UV-Fused-Silica-Double-Convex-DCX-Lenses.xlsx,EO_2028,181,2f0c00e1f3686328cdd7bced2b271ab6acc9152f804f974a74f15c4383f7a188,2026-08-12T16:25:48.722572+00:00
Edmund Optics,48-847,TS 合成石英製両凸レンズ 25 x 125 UV-VIS,double_convex,25.0,24.0,125.0,123.82,UV-VIS (250-700nm),250.0,700.0,587.6,1,114.08,-114.08,,Fused Silica (Corning 7980),,3.42,,UV-Fused-Silica-Double-Convex-DCX-Lenses.xlsx,EO_2028,189,2f0c00e1f3686328cdd7bced2b271ab6acc9152f804f974a74f15c4383f7a188,2026-08-12T16:25:48.722572+00:00
Edmund Optics,48-848,TS 合成石英製両凸レンズ 25 x 150 UV-VIS,double_convex,25.0,24.0,150.0,148.37,UV-VIS (250-700nm),250.0,700.0,587.6,1,136.96,-136.96,,Fused Silica (Corning 7980),,3.68,,UV-Fused-Silica-Double-Convex-DCX-Lenses.xlsx,EO_2028,194,2f0c00e1f3686328cdd7bced2b271ab6acc9152f804f974a74f15c4383f7a188,2026-08-12T16:25:48.722572+00:00
Edmund Optics,48-849,TS 合成石英製両凸レンズ 25 x 200 UV-VIS,double_convex,25.0,24.0,200.0,198.84,UV-VIS (250-700nm),250.0,700.0,587.6,1,182.85,-182.85,,Fused Silica (Corning 7980),,3.38,,UV-Fused-Silica-Double-Convex-DCX-Lenses.xlsx,EO_2028,199,2f0c00e1f3686328cdd7bced2b271ab6acc9152f804f974a74f15c4383f7a188,2026-08-12T16:25:48.722572+00:00
Edmund Optics,48-850,TS 合成石英製両凸レンズ 25 x 250 UV-VIS,double_convex,25.0,24.0,250.0,248.9,UV-VIS (250-700nm),250.0,700.0,587.6,1,228.73,-228.73,,Fused Silica (Corning 7980),,3.21,,UV-Fused-Silica-Double-Convex-DCX-Lenses.xlsx,EO_2028,204,2f0c00e1f3686328cdd7bced2b271ab6acc9152f804f974a74f15c4383f7a188,2026-08-12T16:25:48.722572+00:00
Edmund Optics,48-851,TS 合成石英製両凸レンズ 25 x 300 UV-VIS,double_convex,25.0,24.0,300.0,298.94,UV-VIS (250-700nm),250.0,700.0,587.6,1,274.6,-274.6,,Fused Silica (Corning 7980),,3.09,,UV-Fused-Silica-Double-Convex-DCX-Lenses.xlsx,EO_2028,209,2f0c00e1f3686328cdd7bced2b271ab6acc9152f804f974a74f15c4383f7a188,2026-08-12T16:25:48.722572+00:00
Edmund Optics,48-852,TS 合成石英製両凸レンズ 25 x 500 UV-VIS,double_convex,25.0,24.0,500.0,498.85,UV-VIS (250-700nm),250.0,700.0,587.6,1,457.93,-457.93,,Fused Silica (Corning 7980),,3.35,,UV-Fused-Silica-Double-Convex-DCX-Lenses.xlsx,EO_2028,214,2f0c00e1f3686328cdd7bced2b271ab6acc9152f804f974a74f15c4383f7a188,2026-08-12T16:25:48.722572+00:00
Edmund Optics,48-938,TS 両凹レンズ 6 x -9 VIS 0°,double_concave,6.0,5.4,-9.0,-9.32,VIS 0° (425-675nm),425.0,675.0,587.6,1,-9.47,9.47,,N-BK7,,1.0,,VIS-0-Coated-Double-Concave-DCV-Lenses (1).xlsx,EO_2720,3,87b7e2dac03139dbb067ac6801e274de9639b71d13afdaaaf245c2d4b09fc397,2026-08-12T16:25:48.722572+00:00
Edmund Optics,48-939,TS 両凹レンズ 9 x -12 VIS 0°,double_concave,9.0,8.1,-12.0,-12.41,VIS 0° (425-675nm),425.0,675.0,587.6,1,-19.16,19.16,,N-SF11,,1.5,,VIS-0-Coated-Double-Concave-DCV-Lenses (1).xlsx,EO_2720,6,87b7e2dac03139dbb067ac6801e274de9639b71d13afdaaaf245c2d4b09fc397,2026-08-12T16:25:48.722572+00:00
Edmund Optics,48-940,TS 両凹レンズ 12 x -18 VIS 0°,double_concave,12.0,11.0,-18.0,-18.65,VIS 0° (425-675nm),425.0,675.0,587.6,1,-18.94,18.94,,N-BK7,,2.0,,VIS-0-Coated-Double-Concave-DCV-Lenses (1).xlsx,EO_2720,9,87b7e2dac03139dbb067ac6801e274de9639b71d13afdaaaf245c2d4b09fc397,2026-08-12T16:25:48.722572+00:00
Edmund Optics,48-944,TS 合成石英製平凸レンズ 6 x 9 VIS 0°,plano_convex,6.0,5.4,9.0,7.29,VIS 0° (425-675nm),425.0,675.0,,1,4.13,,,Fused Silica (Corning 7980),,2.5,,UV-Fused-Silica-Plano-Convex-PCX-Lenses---VIS-0-Coated.xlsx,EO_4231,12,3548099bb884d8d2457e74014505d75cbb9e414ae64827523c48588ec7646988,2026-08-12T16:25:48.722572+00:00
Edmund Optics,48-945,TS 合成石英製平凸レンズ 6 x 12 VIS 0°,plano_convex,6.0,5.4,12.0,10.63,VIS 0° (425-675nm),425.0,675.0,,1,5.5,,,Fused Silica (Corning 7980),,2.0,,UV-Fused-Silica-Plano-Convex-PCX-Lenses---VIS-0-Coated.xlsx,EO_4231,13,3548099bb884d8d2457e74014505d75cbb9e414ae64827523c48588ec7646988,2026-08-12T16:25:48.722572+00:00
Edmund Optics,48-946,TS 合成石英製平凸レンズ 6 x 15 VIS 0°,plano_convex,6.0,5.4,15.0,13.63,VIS 0° (425-675nm),425.0,675.0,,1,6.88,,,Fused Silica (Corning 7980),,2.0,,UV-Fused-Silica-Plano-Convex-PCX-Lenses---VIS-0-Coated.xlsx,EO_4231,14,3548099bb884d8d2457e74014505d75cbb9e414ae64827523c48588ec7646988,2026-08-12T16:25:48.722572+00:00
Edmund Optics,48-947,TS 合成石英製平凸レンズ 6 x 18 VIS 0°,plano_convex,6.0,5.4,18.0,16.62,VIS 0° (425-675nm),425.0,675.0,,1,8.25,,,Fused Silica (Corning 7980),,2.0,,UV-Fused-Silica-Plano-Convex-PCX-Lenses---VIS-0-Coated.xlsx,EO_4231,15,3548099bb884d8d2457e74014505d75cbb9e414ae64827523c48588ec7646988,2026-08-12T16:25:48.722572+00:00
Edmund Optics,48-948,TS 合成石英製平凸レンズ 6 x 24 VIS 0°,plano_convex,6.0,5.4,24.0,22.63,VIS 0° (425-675nm),425.0,675.0,,1,11.0,,,Fused Silica (Corning 7980),,2.0,,UV-Fused-Silica-Plano-Convex-PCX-Lenses---VIS-0-Coated.xlsx,EO_4231,17,3548099bb884d8d2457e74014505d75cbb9e414ae64827523c48588ec7646988,2026-08-12T16:25:48.722572+00:00
Edmund Optics,48-949,TS 合成石英製平凸レンズ 9 x 12 VIS 0°,plano_convex,9.0,8.1,12.0,9.26,VIS 0° (425-675nm),425.0,675.0,,1,5.5,,,Fused Silica (Corning 7980),,4.0,,UV-Fused-Silica-Plano-Convex-PCX-Lenses---VIS-0-Coated.xlsx,EO_4231,19,3548099bb884d8d2457e74014505d75cbb9e414ae64827523c48588ec7646988,2026-08-12T16:25:48.722572+00:00
Edmund Optics,48-950,TS 合成石英製平凸レンズ 9 x 13.5 VIS 0°,plano_convex,9.0,8.1,13.5,11.44,VIS 0° (425-675nm),425.0,675.0,,1,6.19,,,Fused Silica (Corning 7980),,3.0,,UV-Fused-Silica-Plano-Convex-PCX-Lenses---VIS-0-Coated.xlsx,EO_4231,20,3548099bb884d8d2457e74014505d75cbb9e414ae64827523c48588ec7646988,2026-08-12T16:25:48.722572+00:00
Edmund Optics,48-951,TS 合成石英製平凸レンズ 9 x 18 VIS 0°,plano_convex,9.0,8.1,18.0,15.94,VIS 0° (425-675nm),425.0,675.0,,1,8.25,,,Fused Silica (Corning 7980),,3.0,,UV-Fused-Silica-Plano-Convex-PCX-Lenses---VIS-0-Coated.xlsx,EO_4231,21,3548099bb884d8d2457e74014505d75cbb9e414ae64827523c48588ec7646988,2026-08-12T16:25:48.722572+00:00
Edmund Optics,48-952,TS 合成石英製平凸レンズ 9 x 27 VIS 0°,plano_convex,9.0,8.1,27.0,25.63,VIS 0° (425-675nm),425.0,675.0,,1,12.38,,,Fused Silica (Corning 7980),,2.0,,UV-Fused-Silica-Plano-Convex-PCX-Lenses---VIS-0-Coated.xlsx,EO_4231,23,3548099bb884d8d2457e74014505d75cbb9e414ae64827523c48588ec7646988,2026-08-12T16:25:48.722572+00:00
Edmund Optics,48-953,TS 合成石英製平凸レンズ 9 x 36 VIS 0°,plano_convex,9.0,8.1,36.0,34.63,VIS 0° (425-675nm),425.0,675.0,,1,16.51,,,Fused Silica (Corning 7980),,2.0,,UV-Fused-Silica-Plano-Convex-PCX-Lenses---VIS-0-Coated.xlsx,EO_4231,24,3548099bb884d8d2457e74014505d75cbb9e414ae64827523c48588ec7646988,2026-08-12T16:25:48.722572+00:00
Edmund Optics,48-954,TS 合成石英製平凸レンズ 12 x 18 VIS 0°,plano_convex,12.0,11.0,18.0,15.26,VIS 0° (425-675nm),425.0,675.0,,1,8.25,,,Fused Silica (Corning 7980),,4.0,,UV-Fused-Silica-Plano-Convex-PCX-Lenses---VIS-0-Coated.xlsx,EO_4231,27,3548099bb884d8d2457e74014505d75cbb9e414ae64827523c48588ec7646988,2026-08-12T16:25:48.722572+00:00
Edmund Optics,48-955,TS 合成石英製平凸レンズ 12 x 25 VIS 0°,plano_convex,12.0,11.0,25.0,22.31,VIS 0° (425-675nm),425.0,675.0,,1,11.46,,,Fused Silica (Corning 7980),,3.92,,UV-Fused-Silica-Plano-Convex-PCX-Lenses---VIS-0-Coated.xlsx,EO_4231,28,3548099bb884d8d2457e74014505d75cbb9e414ae64827523c48588ec7646988,2026-08-12T16:25:48.722572+00:00
Edmund Optics,48-956,TS 合成石英製平凸レンズ 12 x 30 VIS 0°,plano_convex,12.0,11.0,30.0,27.56,VIS 0° (425-675nm),425.0,675.0,,1,13.75,,,Fused Silica (Corning 7980),,3.55,,UV-Fused-Silica-Plano-Convex-PCX-Lenses---VIS-0-Coated.xlsx,EO_4231,29,3548099bb884d8d2457e74014505d75cbb9e414ae64827523c48588ec7646988,2026-08-12T16:25:48.722572+00:00
Edmund Optics,48-957,TS 合成石英製平凸レンズ 12 x 36 VIS 0°,plano_convex,12.0,11.0,36.0,34.29,VIS 0° (425-675nm),425.0,675.0,,1,16.51,,,Fused Silica (Corning 7980),,2.5,,UV-Fused-Silica-Plano-Convex-PCX-Lenses---VIS-0-Coated.xlsx,EO_4231,30,3548099bb884d8d2457e74014505d75cbb9e414ae64827523c48588ec7646988,2026-08-12T16:25:48.722572+00:00
Edmund Optics,48-958,TS 合成石英製平凸レンズ 12 x 40 VIS 0°,plano_convex,12.0,11.0,40.0,37.85,VIS 0° (425-675nm),425.0,675.0,,1,18.34,,,Fused Silica (Corning 7980),,3.13,,UV-Fused-Silica-Plano-Convex-PCX-Lenses---VIS-0-Coated.xlsx,EO_4231,31,3548099bb884d8d2457e74014505d75cbb9e414ae64827523c48588ec7646988,2026-08-12T16:25:48.722572+00:00
Edmund Optics,48-959,TS 合成石英製平凸レンズ 12 x 50 VIS 0°,plano_convex,12.0,11.0,50.0,48.01,VIS 0° (425-675nm),425.0,675.0,,1,22.92,,,Fused Silica (Corning 7980),,2.9,,UV-Fused-Silica-Plano-Convex-PCX-Lenses---VIS-0-Coated.xlsx,EO_4231,32,3548099bb884d8d2457e74014505d75cbb9e414ae64827523c48588ec7646988,2026-08-12T16:25:48.722572+00:00
Edmund Optics,48-960,TS 合成石英製平凸レンズ 12 x 100 VIS 0°,plano_convex,12.0,11.0,100.0,98.33,VIS 0° (425-675nm),425.0,675.0,,1,45.85,,,Fused Silica (Corning 7980),,2.44,,UV-Fused-Silica-Plano-Convex-PCX-Lenses---VIS-0-Coated.xlsx,EO_4231,35,3548099bb884d8d2457e74014505d75cbb9e414ae64827523c48588ec7646988,2026-08-12T16:25:48.722572+00:00
Edmund Optics,48-961,TS 合成石英製平凸レンズ 25 x 38 VIS 0°,plano_convex,25.0,24.0,38.0,33.03,VIS 0° (425-675nm),425.0,675.0,,1,17.42,,,Fused Silica (Corning 7980),,7.25,,UV-Fused-Silica-Plano-Convex-PCX-Lenses---VIS-0-Coated.xlsx,EO_4231,51,3548099bb884d8d2457e74014505d75cbb9e414ae64827523c48588ec7646988,2026-08-12T16:25:48.722572+00:00
Edmund Optics,48-962,TS 合成石英製平凸レンズ 25 x 50 VIS 0°,plano_convex,25.0,24.0,50.0,46.0,VIS 0° (425-675nm),425.0,675.0,,1,22.92,,,Fused Silica (Corning 7980),,5.84,,UV-Fused-Silica-Plano-Convex-PCX-Lenses---VIS-0-Coated.xlsx,EO_4231,53,3548099bb884d8d2457e74014505d75cbb9e414ae64827523c48588ec7646988,2026-08-12T16:25:48.722572+00:00
Edmund Optics,48-963,TS 合成石英製平凸レンズ 25 x 60 VIS 0°,plano_convex,25.0,24.0,60.0,56.92,VIS 0° (425-675nm),425.0,675.0,,1,27.51,,,Fused Silica (Corning 7980),,4.5,,UV-Fused-Silica-Plano-Convex-PCX-Lenses---VIS-0-Coated.xlsx,EO_4231,54,3548099bb884d8d2457e74014505d75cbb9e414ae64827523c48588ec7646988,2026-08-12T16:25:48.722572+00:00
Edmund Optics,48-964,TS 合成石英製平凸レンズ 25 x 75 VIS 0°,plano_convex,25.0,24.0,75.0,71.96,VIS 0° (425-675nm),425.0,675.0,,1,34.39,,,Fused Silica (Corning 7980),,4.43,,UV-Fused-Silica-Plano-Convex-PCX-Lenses---VIS-0-Coated.xlsx,EO_4231,55,3548099bb884d8d2457e74014505d75cbb9e414ae64827523c48588ec7646988,2026-08-12T16:25:48.722572+00:00
Edmund Optics,48-965,TS 合成石英製平凸レンズ 25 x 100 VIS 0°,plano_convex,25.0,24.0,100.0,97.4,VIS 0° (425-675nm),425.0,675.0,,1,45.85,,,Fused Silica (Corning 7980),,3.79,,UV-Fused-Silica-Plano-Convex-PCX-Lenses---VIS-0-Coated.xlsx,EO_4231,56,3548099bb884d8d2457e74014505d75cbb9e414ae64827523c48588ec7646988,2026-08-12T16:25:48.722572+00:00
Edmund Optics,48-966,TS 合成石英製平凸レンズ 25 x 125 VIS 0°,plano_convex,25.0,24.0,125.0,122.65,VIS 0° (425-675nm),425.0,675.0,,1,57.3,,,Fused Silica (Corning 7980),,3.42,,UV-Fused-Silica-Plano-Convex-PCX-Lenses---VIS-0-Coated.xlsx,EO_4231,57,3548099bb884d8d2457e74014505d75cbb9e414ae64827523c48588ec7646988,2026-08-12T16:25:48.722572+00:00
Edmund Optics,48-967,TS 合成石英製平凸レンズ 25 x 150 VIS 0°,plano_convex,25.0,24.0,150.0,147.82,VIS 0° (425-675nm),425.0,675.0,,1,68.79,,,Fused Silica (Corning 7980),,3.18,,UV-Fused-Silica-Plano-Convex-PCX-Lenses---VIS-0-Coated.xlsx,EO_4231,58,3548099bb884d8d2457e74014505d75cbb9e414ae64827523c48588ec7646988,2026-08-12T16:25:48.722572+00:00
Edmund Optics,48-968,TS 合成石英製平凸レンズ 25 x 175 VIS 0°,plano_convex,25.0,24.0,175.0,172.94,VIS 0° (425-675nm),425.0,675.0,,1,80.23,,,Fused Silica (Corning 7980),,3.01,,UV-Fused-Silica-Plano-Convex-PCX-Lenses---VIS-0-Coated.xlsx,EO_4231,59,3548099bb884d8d2457e74014505d75cbb9e414ae64827523c48588ec7646988,2026-08-12T16:25:48.722572+00:00
Edmund Optics,48-969,TS 合成石英製平凸レンズ 25 x 200 VIS 0°,plano_convex,25.0,24.0,200.0,198.02,VIS 0° (425-675nm),425.0,675.0,,1,91.69,,,Fused Silica (Corning 7980),,2.88,,UV-Fused-Silica-Plano-Convex-PCX-Lenses---VIS-0-Coated.xlsx,EO_4231,60,3548099bb884d8d2457e74014505d75cbb9e414ae64827523c48588ec7646988,2026-08-12T16:25:48.722572+00:00
Edmund Optics,48-970,TS 合成石英製平凸レンズ 25 x 250 VIS 0°,plano_convex,25.0,24.0,250.0,248.14,VIS 0° (425-675nm),425.0,675.0,,1,114.61,,,Fused Silica (Corning 7980),,2.71,,UV-Fused-Silica-Plano-Convex-PCX-Lenses---VIS-0-Coated.xlsx,EO_4231,61,3548099bb884d8d2457e74014505d75cbb9e414ae64827523c48588ec7646988,2026-08-12T16:25:48.722572+00:00
Edmund Optics,48-971,TS 合成石英製平凸レンズ 25 x 400 VIS 0°,plano_convex,25.0,24.0,400.0,398.33,VIS 0° (425-675nm),425.0,675.0,,1,183.39,,,Fused Silica (Corning 7980),,2.44,,UV-Fused-Silica-Plano-Convex-PCX-Lenses---VIS-0-Coated.xlsx,EO_4231,62,3548099bb884d8d2457e74014505d75cbb9e414ae64827523c48588ec7646988,2026-08-12T16:25:48.722572+00:00
Edmund Optics,48-974,TS 合成石英製両凸レンズ 12 x 12 VIS 0°,double_convex,12.0,11.0,12.0,9.25,VIS 0° (425-675nm),425.0,675.0,587.6,1,9.74,-9.74,,Fused Silica (Corning 7980),,7.09,,UV-Fused-Silica-Double-Convex-DCX-Lenses.xlsx,EO_2028,74,2f0c00e1f3686328cdd7bced2b271ab6acc9152f804f974a74f15c4383f7a188,2026-08-12T16:25:48.722572+00:00
Edmund Optics,48-975,TS 合成石英製両凸レンズ 12 x 20 VIS 0°,double_convex,12.0,11.0,20.0,18.44,VIS 0° (425-675nm),425.0,675.0,587.6,1,17.63,-17.63,,Fused Silica (Corning 7980),,4.37,,UV-Fused-Silica-Double-Convex-DCX-Lenses.xlsx,EO_2028,90,2f0c00e1f3686328cdd7bced2b271ab6acc9152f804f974a74f15c4383f7a188,2026-08-12T16:25:48.722572+00:00
Edmund Optics,48-976,TS 合成石英製両凸レンズ 12 x 30 VIS 0°,double_convex,12.0,11.0,30.0,28.77,VIS 0° (425-675nm),425.0,675.0,587.6,1,26.94,-26.94,,Fused Silica (Corning 7980),,3.52,,UV-Fused-Silica-Double-Convex-DCX-Lenses.xlsx,EO_2028,106,2f0c00e1f3686328cdd7bced2b271ab6acc9152f804f974a74f15c4383f7a188,2026-08-12T16:25:48.722572+00:00
Edmund Optics,48-977,TS 合成石英製両凸レンズ 12 x 35 VIS 0°,double_convex,12.0,11.0,35.0,33.85,VIS 0° (425-675nm),425.0,675.0,587.6,1,31.57,-31.57,,Fused Silica (Corning 7980),,3.29,,UV-Fused-Silica-Double-Convex-DCX-Lenses.xlsx,EO_2028,114,2f0c00e1f3686328cdd7bced2b271ab6acc9152f804f974a74f15c4383f7a188,2026-08-12T16:25:48.722572+00:00
Edmund Optics,48-978,TS 合成石英製両凸レンズ 12 x 45 VIS 0°,double_convex,12.0,11.0,45.0,43.96,VIS 0° (425-675nm),425.0,675.0,587.6,1,40.79,-40.79,,Fused Silica (Corning 7980),,2.99,,UV-Fused-Silica-Double-Convex-DCX-Lenses.xlsx,EO_2028,121,2f0c00e1f3686328cdd7bced2b271ab6acc9152f804f974a74f15c4383f7a188,2026-08-12T16:25:48.722572+00:00
Edmund Optics,48-979,TS 合成石英製両凸レンズ 12 x 75 VIS 0°,double_convex,12.0,11.0,75.0,74.11,VIS 0° (425-675nm),425.0,675.0,587.6,1,68.36,-68.36,,Fused Silica (Corning 7980),,2.59,,UV-Fused-Silica-Double-Convex-DCX-Lenses.xlsx,EO_2028,127,2f0c00e1f3686328cdd7bced2b271ab6acc9152f804f974a74f15c4383f7a188,2026-08-12T16:25:48.722572+00:00
Edmund Optics,48-980,TS 合成石英製両凸レンズ 18 x 20 VIS 0°,double_convex,18.0,17.0,20.0,17.18,VIS 0° (425-675nm),425.0,675.0,587.6,1,17.05,-17.05,,Fused Silica (Corning 7980),,7.64,,UV-Fused-Silica-Double-Convex-DCX-Lenses.xlsx,EO_2028,135,2f0c00e1f3686328cdd7bced2b271ab6acc9152f804f974a74f15c4383f7a188,2026-08-12T16:25:48.722572+00:00
Edmund Optics,48-981,TS 合成石英製両凸レンズ 18 x 40 VIS 0°,double_convex,18.0,17.0,40.0,38.5,VIS 0° (425-675nm),425.0,675.0,587.6,1,35.99,-35.99,,Fused Silica (Corning 7980),,4.29,,UV-Fused-Silica-Double-Convex-DCX-Lenses.xlsx,EO_2028,143,2f0c00e1f3686328cdd7bced2b271ab6acc9152f804f974a74f15c4383f7a188,2026-08-12T16:25:48.722572+00:00
Edmund Optics,48-982,TS 合成石英製両凸レンズ 25 x 25 VIS 0°,double_convex,25.0,24.0,25.0,20.93,VIS 0° (425-675nm),425.0,675.0,587.6,1,21.06,-21.06,,Fused Silica (Corning 7980),,10.9,,UV-Fused-Silica-Double-Convex-DCX-Lenses.xlsx,EO_2028,151,2f0c00e1f3686328cdd7bced2b271ab6acc9152f804f974a74f15c4383f7a188,2026-08-12T16:25:48.722572+00:00
Edmund Optics,48-983,TS 合成石英製両凸レンズ 25 x 50 VIS 0°,double_convex,25.0,24.0,50.0,48.02,VIS 0° (425-675nm),425.0,675.0,587.6,1,44.94,-44.94,,Fused Silica (Corning 7980),,5.66,,UV-Fused-Silica-Double-Convex-DCX-Lenses.xlsx,EO_2028,159,2f0c00e1f3686328cdd7bced2b271ab6acc9152f804f974a74f15c4383f7a188,2026-08-12T16:25:48.722572+00:00
Edmund Optics,48-984,TS 合成石英製両凸レンズ 25 x 60 VIS 0°,double_convex,25.0,24.0,60.0,58.08,VIS 0° (425-675nm),425.0,675.0,587.6,1,54.14,-54.14,,Fused Silica (Corning 7980),,5.52,,UV-Fused-Silica-Double-Convex-DCX-Lenses.xlsx,EO_2028,167,2f0c00e1f3686328cdd7bced2b271ab6acc9152f804f974a74f15c4383f7a188,2026-08-12T16:25:48.722572+00:00
Edmund Optics,48-985,TS 合成石英製両凸レンズ 25 x 75.6 VIS 0°,double_convex,25.0,24.0,75.6,73.91,VIS 0° (425-675nm),425.0,675.0,587.6,1,68.55,-68.55,,Fused Silica (Corning 7980),,4.87,,UV-Fused-Silica-Double-Convex-DCX-Lenses.xlsx,EO_2028,175,2f0c00e1f3686328cdd7bced2b271ab6acc9152f804f974a74f15c4383f7a188,2026-08-12T16:25:48.722572+00:00
Edmund Optics,48-986,TS 合成石英製両凸レンズ 25 x 100 VIS 0°,double_convex,25.0,24.0,100.0,98.7,VIS 0° (425-675nm),425.0,675.0,587.6,1,91.09,-91.09,,Fused Silica (Corning 7980),,3.78,,UV-Fused-Silica-Double-Convex-DCX-Lenses.xlsx,EO_2028,183,2f0c00e1f3686328cdd7bced2b271ab6acc9152f804f974a74f15c4383f7a188,2026-08-12T16:25:48.722572+00:00
Edmund Optics,48-987,TS 合成石英製両凸レンズ 25 x 125 VIS 0°,double_convex,25.0,24.0,125.0,123.82,VIS 0° (425-675nm),425.0,675.0,587.6,1,114.08,-114.08,,Fused Silica (Corning 7980),,3.42,,UV-Fused-Silica-Double-Convex-DCX-Lenses.xlsx,EO_2028,190,2f0c00e1f3686328cdd7bced2b271ab6acc9152f804f974a74f15c4383f7a188,2026-08-12T16:25:48.722572+00:00
Edmund Optics,48-988,TS 合成石英製両凸レンズ 25 x 150 VIS 0°,double_convex,25.0,24.0,150.0,148.37,VIS 0° (425-675nm),425.0,675.0,587.6,1,136.96,-136.96,,Fused Silica (Corning 7980),,3.68,,UV-Fused-Silica-Double-Convex-DCX-Lenses.xlsx,EO_2028,195,2f0c00e1f3686328cdd7bced2b271ab6acc9152f804f974a74f15c4383f7a188,2026-08-12T16:25:48.722572+00:00
Edmund Optics,48-989,TS 合成石英製両凸レンズ 25 x 200 VIS 0°,double_convex,25.0,24.0,200.0,198.84,VIS 0° (425-675nm),425.0,675.0,587.6,1,182.85,-182.85,,Fused Silica (Corning 7980),,3.38,,UV-Fused-Silica-Double-Convex-DCX-Lenses.xlsx,EO_2028,200,2f0c00e1f3686328cdd7bced2b271ab6acc9152f804f974a74f15c4383f7a188,2026-08-12T16:25:48.722572+00:00
Edmund Optics,48-990,TS 合成石英製両凸レンズ 25 x 250 VIS 0°,double_convex,25.0,24.0,250.0,248.9,VIS 0° (425-675nm),425.0,675.0,587.6,1,228.73,-228.73,,Fused Silica (Corning 7980),,3.21,,UV-Fused-Silica-Double-Convex-DCX-Lenses.xlsx,EO_2028,205,2f0c00e1f3686328cdd7bced2b271ab6acc9152f804f974a74f15c4383f7a188,2026-08-12T16:25:48.722572+00:00
Edmund Optics,48-991,TS 合成石英製両凸レンズ 25 x 300 VIS 0°,double_convex,25.0,24.0,300.0,298.94,VIS 0° (425-675nm),425.0,675.0,587.6,1,274.6,-274.6,,Fused Silica (Corning 7980),,3.09,,UV-Fused-Silica-Double-Convex-DCX-Lenses.xlsx,EO_2028,210,2f0c00e1f3686328cdd7bced2b271ab6acc9152f804f974a74f15c4383f7a188,2026-08-12T16:25:48.722572+00:00
Edmund Optics,48-992,TS 合成石英製両凸レンズ 25 x 500 VIS 0°,double_convex,25.0,24.0,500.0,498.85,VIS 0° (425-675nm),425.0,675.0,587.6,1,457.93,-457.93,,Fused Silica (Corning 7980),,3.35,,UV-Fused-Silica-Double-Convex-DCX-Lenses.xlsx,EO_2028,215,2f0c00e1f3686328cdd7bced2b271ab6acc9152f804f974a74f15c4383f7a188,2026-08-12T16:25:48.722572+00:00
Edmund Optics,49-167,TS 平凸レンズ 3 x 3 VIS 0°,plano_convex,3.0,2.5,3.0,1.88,VIS 0° (425-675nm),425.0,675.0,,1,2.35,,,N-SF11,,2.0,,VIS-0-Coated-Plano-Convex-PCX-Lenses (2).xlsx,EO_2537,18,0497fb07d22d8e1d9c87c6088d733ef8f25480109b030c1d1dbeeb0198553764,2026-08-12T16:25:48.722572+00:00
Edmund Optics,49-168,TS 平凸レンズ 3 x 4.5 VIS 0°,plano_convex,3.0,2.5,4.5,3.5,VIS 0° (425-675nm),425.0,675.0,,1,3.62,,,N-LASF44,,1.8,,VIS-0-Coated-Plano-Convex-PCX-Lenses (2).xlsx,EO_2537,19,0497fb07d22d8e1d9c87c6088d733ef8f25480109b030c1d1dbeeb0198553764,2026-08-12T16:25:48.722572+00:00
Edmund Optics,49-169,TS 平凸レンズ 3 x 6 VIS 0°,plano_convex,3.0,2.5,6.0,4.81,VIS 0° (425-675nm),425.0,675.0,,1,3.1,,,N-BK7,,1.8,,VIS-0-Coated-Plano-Convex-PCX-Lenses (2).xlsx,EO_2537,20,0497fb07d22d8e1d9c87c6088d733ef8f25480109b030c1d1dbeeb0198553764,2026-08-12T16:25:48.722572+00:00
Edmund Optics,49-170,TS 平凸レンズ 3 x 7.5 VIS 0°,plano_convex,3.0,2.5,7.5,6.51,VIS 0° (425-675nm),425.0,675.0,,1,3.88,,,N-BK7,,1.5,,VIS-0-Coated-Plano-Convex-PCX-Lenses (2).xlsx,EO_2537,21,0497fb07d22d8e1d9c87c6088d733ef8f25480109b030c1d1dbeeb0198553764,2026-08-12T16:25:48.722572+00:00
Edmund Optics,49-171,TS 平凸レンズ 3 x 9 VIS 0°,plano_convex,3.0,2.5,9.0,8.01,VIS 0° (425-675nm),425.0,675.0,,1,4.65,,,N-BK7,,1.5,,VIS-0-Coated-Plano-Convex-PCX-Lenses (2).xlsx,EO_2537,22,0497fb07d22d8e1d9c87c6088d733ef8f25480109b030c1d1dbeeb0198553764,2026-08-12T16:25:48.722572+00:00
Edmund Optics,49-172,TS 平凸レンズ 3 x 12 VIS 0°,plano_convex,3.0,2.5,12.0,11.29,VIS 0° (425-675nm),425.0,675.0,,1,6.2,,,N-BK7,,1.08,,VIS-0-Coated-Plano-Convex-PCX-Lenses (2).xlsx,EO_2537,23,0497fb07d22d8e1d9c87c6088d733ef8f25480109b030c1d1dbeeb0198553764,2026-08-12T16:25:48.722572+00:00
Edmund Optics,49-173,TS 平凸レンズ 3 x 15 VIS 0°,plano_convex,3.0,2.5,15.0,14.17,VIS 0° (425-675nm),425.0,675.0,,1,7.78,,,N-BK7,,1.26,,VIS-0-Coated-Plano-Convex-PCX-Lenses (2).xlsx,EO_2537,24,0497fb07d22d8e1d9c87c6088d733ef8f25480109b030c1d1dbeeb0198553764,2026-08-12T16:25:48.722572+00:00
Edmund Optics,49-181,TS 両凸レンズ 3 x 3 VIS 0°,double_convex,3.0,2.5,3.0,2.21,VIS 0° (425-675nm),425.0,675.0,587.6,1,3.5,-3.5,,N-SF5,,2.3,,VIS-0-Coated-Double-Convex-DCX-Lenses (2).xlsx,EO_2538,2,cb466b524f464c7ffdace4dc1ea14ba24469dc445b22a90800d1bdd5d0901a4f,2026-08-12T16:25:48.722572+00:00
Edmund Optics,49-182,TS 両凸レンズ 3 x 4.5 VIS 0°,double_convex,3.0,2.5,4.5,3.78,VIS 0° (425-675nm),425.0,675.0,587.6,1,4.29,-4.29,,N-BK7,,2.0,,VIS-0-Coated-Double-Convex-DCX-Lenses (2).xlsx,EO_2538,3,cb466b524f464c7ffdace4dc1ea14ba24469dc445b22a90800d1bdd5d0901a4f,2026-08-12T16:25:48.722572+00:00
Edmund Optics,49-183,TS 両凸レンズ 3 x 6 VIS 0°,double_convex,3.0,2.5,6.0,5.37,VIS 0° (425-675nm),425.0,675.0,587.6,1,5.88,-5.88,,N-BK7,,1.8,,VIS-0-Coated-Double-Convex-DCX-Lenses (2).xlsx,EO_2538,4,cb466b524f464c7ffdace4dc1ea14ba24469dc445b22a90800d1bdd5d0901a4f,2026-08-12T16:25:48.722572+00:00
Edmund Optics,49-184,TS 両凸レンズ 3 x 9 VIS 0°,double_convex,3.0,2.5,9.0,8.46,VIS 0° (425-675nm),425.0,675.0,587.6,1,9.02,-9.02,,N-BK7,,1.6,,VIS-0-Coated-Double-Convex-DCX-Lenses (2).xlsx,EO_2538,5,cb466b524f464c7ffdace4dc1ea14ba24469dc445b22a90800d1bdd5d0901a4f,2026-08-12T16:25:48.722572+00:00
Edmund Optics,49-238,TS 合成石英製両凸レンズ 6 x 6,double_convex,6.0,5.4,6.0,4.38,Uncoated,200.0,2200.0,587.6,1,4.76,-4.76,,Fused Silica (Corning 7980),,4.1,,UV-Fused-Silica-Double-Convex-DCX-Lenses.xlsx,EO_2028,2,2f0c00e1f3686328cdd7bced2b271ab6acc9152f804f974a74f15c4383f7a188,2026-08-12T16:25:48.722572+00:00
Edmund Optics,49-239,TS 合成石英製両凸レンズ 6 x 9,double_convex,6.0,5.4,9.0,8.02,Uncoated,200.0,2200.0,587.6,1,7.8,-7.8,,Fused Silica (Corning 7980),,2.7,,UV-Fused-Silica-Double-Convex-DCX-Lenses.xlsx,EO_2028,10,2f0c00e1f3686328cdd7bced2b271ab6acc9152f804f974a74f15c4383f7a188,2026-08-12T16:25:48.722572+00:00
Edmund Optics,49-240,TS 合成石英製両凸レンズ 6 x 12,double_convex,6.0,5.4,12.0,11.23,Uncoated,200.0,2200.0,587.6,1,10.65,-10.65,,Fused Silica (Corning 7980),,2.2,,UV-Fused-Silica-Double-Convex-DCX-Lenses.xlsx,EO_2028,15,2f0c00e1f3686328cdd7bced2b271ab6acc9152f804f974a74f15c4383f7a188,2026-08-12T16:25:48.722572+00:00
Edmund Optics,49-241,TS 合成石英製両凸レンズ 9 x 9,double_convex,9.0,8.1,9.0,7.12,Uncoated,200.0,2200.0,587.6,1,7.39,-7.39,,Fused Silica (Corning 7980),,4.9,,UV-Fused-Silica-Double-Convex-DCX-Lenses.xlsx,EO_2028,33,2f0c00e1f3686328cdd7bced2b271ab6acc9152f804f974a74f15c4383f7a188,2026-08-12T16:25:48.722572+00:00
Edmund Optics,49-242,TS 合成石英製両凸レンズ 9 x 13.5,double_convex,9.0,8.1,13.5,12.32,Uncoated,200.0,2200.0,587.6,1,11.84,-11.84,,Fused Silica (Corning 7980),,3.3,,UV-Fused-Silica-Double-Convex-DCX-Lenses.xlsx,EO_2028,41,2f0c00e1f3686328cdd7bced2b271ab6acc9152f804f974a74f15c4383f7a188,2026-08-12T16:25:48.722572+00:00
Edmund Optics,49-243,TS 合成石英製両凸レンズ 9 x 18,double_convex,9.0,8.1,18.0,17.09,Uncoated,200.0,2200.0,587.6,1,16.09,-16.09,,Fused Silica (Corning 7980),,2.6,,UV-Fused-Silica-Double-Convex-DCX-Lenses.xlsx,EO_2028,49,2f0c00e1f3686328cdd7bced2b271ab6acc9152f804f974a74f15c4383f7a188,2026-08-12T16:25:48.722572+00:00
Edmund Optics,49-244,TS 合成石英製両凸レンズ 12 x 15,double_convex,12.0,11.0,15.0,13.37,Uncoated,200.0,2200.0,587.6,1,13.01,-13.01,,Fused Silica (Corning 7980),,4.5,,UV-Fused-Silica-Double-Convex-DCX-Lenses.xlsx,EO_2028,78,2f0c00e1f3686328cdd7bced2b271ab6acc9152f804f974a74f15c4383f7a188,2026-08-12T16:25:48.722572+00:00
Edmund Optics,49-245,TS 合成石英製両凸レンズ 12 x 24,double_convex,12.0,11.0,24.0,22.92,Uncoated,200.0,2200.0,587.6,1,21.51,-21.51,,Fused Silica (Corning 7980),,3.1,,UV-Fused-Silica-Double-Convex-DCX-Lenses.xlsx,EO_2028,94,2f0c00e1f3686328cdd7bced2b271ab6acc9152f804f974a74f15c4383f7a188,2026-08-12T16:25:48.722572+00:00
Edmund Optics,49-246,TS 合成石英製両凸レンズ 6 x 6 UV-AR,double_convex,6.0,5.4,6.0,4.38,UV-AR (250-425nm),250.0,425.0,587.6,1,4.76,-4.76,,Fused Silica (Corning 7980),,4.1,,UV-Fused-Silica-Double-Convex-DCX-Lenses.xlsx,EO_2028,3,2f0c00e1f3686328cdd7bced2b271ab6acc9152f804f974a74f15c4383f7a188,2026-08-12T16:25:48.722572+00:00
Edmund Optics,49-247,TS 合成石英製両凸レンズ 6 x 9 UV-AR,double_convex,6.0,5.4,9.0,8.02,UV-AR (250-425nm),250.0,425.0,587.6,1,7.8,-7.8,,Fused Silica (Corning 7980),,2.7,,UV-Fused-Silica-Double-Convex-DCX-Lenses.xlsx,EO_2028,11,2f0c00e1f3686328cdd7bced2b271ab6acc9152f804f974a74f15c4383f7a188,2026-08-12T16:25:48.722572+00:00
Edmund Optics,49-248,TS 合成石英製両凸レンズ 6 x 12 UV-AR,double_convex,6.0,5.4,12.0,11.23,UV-AR (250-425nm),250.0,425.0,587.6,1,10.65,-10.65,,Fused Silica (Corning 7980),,2.2,,UV-Fused-Silica-Double-Convex-DCX-Lenses.xlsx,EO_2028,16,2f0c00e1f3686328cdd7bced2b271ab6acc9152f804f974a74f15c4383f7a188,2026-08-12T16:25:48.722572+00:00
Edmund Optics,49-249,TS 合成石英製両凸レンズ 9 x 9 UV-AR,double_convex,9.0,8.1,9.0,7.12,UV-AR (250-425nm),250.0,425.0,587.6,1,7.39,-7.39,,Fused Silica (Corning 7980),,4.9,,UV-Fused-Silica-Double-Convex-DCX-Lenses.xlsx,EO_2028,34,2f0c00e1f3686328cdd7bced2b271ab6acc9152f804f974a74f15c4383f7a188,2026-08-12T16:25:48.722572+00:00
Edmund Optics,49-250,TS 合成石英製両凸レンズ 9 x 13.5 UV-AR,double_convex,9.0,8.1,13.5,12.32,UV-AR (250-425nm),250.0,425.0,587.6,1,11.84,-11.84,,Fused Silica (Corning 7980),,3.3,,UV-Fused-Silica-Double-Convex-DCX-Lenses.xlsx,EO_2028,42,2f0c00e1f3686328cdd7bced2b271ab6acc9152f804f974a74f15c4383f7a188,2026-08-12T16:25:48.722572+00:00
Edmund Optics,49-251,TS 合成石英製両凸レンズ 9 x 18 UV-AR,double_convex,9.0,8.1,18.0,17.09,UV-AR (250-425nm),250.0,425.0,587.6,1,16.09,-16.09,,Fused Silica (Corning 7980),,2.6,,UV-Fused-Silica-Double-Convex-DCX-Lenses.xlsx,EO_2028,50,2f0c00e1f3686328cdd7bced2b271ab6acc9152f804f974a74f15c4383f7a188,2026-08-12T16:25:48.722572+00:00
Edmund Optics,49-252,TS 合成石英製両凸レンズ 12 x 15 UV-AR,double_convex,12.0,11.0,15.0,13.37,UV-AR (250-425nm),250.0,425.0,587.6,1,13.01,-13.01,,Fused Silica (Corning 7980),,4.5,,UV-Fused-Silica-Double-Convex-DCX-Lenses.xlsx,EO_2028,79,2f0c00e1f3686328cdd7bced2b271ab6acc9152f804f974a74f15c4383f7a188,2026-08-12T16:25:48.722572+00:00
Edmund Optics,49-253,TS 合成石英製両凸レンズ 12 x 24 UV-AR,double_convex,12.0,11.0,24.0,22.92,UV-AR (250-425nm),250.0,425.0,587.6,1,21.51,-21.51,,Fused Silica (Corning 7980),,3.1,,UV-Fused-Silica-Double-Convex-DCX-Lenses.xlsx,EO_2028,95,2f0c00e1f3686328cdd7bced2b271ab6acc9152f804f974a74f15c4383f7a188,2026-08-12T16:25:48.722572+00:00
Edmund Optics,49-254,TS 合成石英製両凸レンズ 6 x 6 UV-VIS,double_convex,6.0,5.4,6.0,4.38,UV-VIS (250-700nm),250.0,700.0,587.6,1,4.76,-4.76,,Fused Silica (Corning 7980),,4.1,,UV-Fused-Silica-Double-Convex-DCX-Lenses.xlsx,EO_2028,4,2f0c00e1f3686328cdd7bced2b271ab6acc9152f804f974a74f15c4383f7a188,2026-08-12T16:25:48.722572+00:00
Edmund Optics,49-255,TS 合成石英製両凸レンズ 6 x 9 UV-VIS,double_convex,6.0,5.4,9.0,8.02,UV-VIS (250-700nm),250.0,700.0,587.6,1,7.8,-7.8,,Fused Silica (Corning 7980),,2.7,,UV-Fused-Silica-Double-Convex-DCX-Lenses.xlsx,EO_2028,12,2f0c00e1f3686328cdd7bced2b271ab6acc9152f804f974a74f15c4383f7a188,2026-08-12T16:25:48.722572+00:00
Edmund Optics,49-256,TS 合成石英製両凸レンズ 6 x 12 UV-VIS,double_convex,6.0,5.4,12.0,11.23,UV-VIS (250-700nm),250.0,700.0,587.6,1,10.65,-10.65,,Fused Silica (Corning 7980),,2.2,,UV-Fused-Silica-Double-Convex-DCX-Lenses.xlsx,EO_2028,17,2f0c00e1f3686328cdd7bced2b271ab6acc9152f804f974a74f15c4383f7a188,2026-08-12T16:25:48.722572+00:00
Edmund Optics,49-257,TS 合成石英製両凸レンズ 9 x 9 UV-VIS,double_convex,9.0,8.1,9.0,7.12,UV-VIS (250-700nm),250.0,700.0,587.6,1,7.39,-7.39,,Fused Silica (Corning 7980),,4.9,,UV-Fused-Silica-Double-Convex-DCX-Lenses.xlsx,EO_2028,35,2f0c00e1f3686328cdd7bced2b271ab6acc9152f804f974a74f15c4383f7a188,2026-08-12T16:25:48.722572+00:00
Edmund Optics,49-258,TS 合成石英製両凸レンズ 9 x 13.5 UV-VIS,double_convex,9.0,8.1,13.5,12.32,UV-VIS (250-700nm),250.0,700.0,587.6,1,11.84,-11.84,,Fused Silica (Corning 7980),,3.3,,UV-Fused-Silica-Double-Convex-DCX-Lenses.xlsx,EO_2028,43,2f0c00e1f3686328cdd7bced2b271ab6acc9152f804f974a74f15c4383f7a188,2026-08-12T16:25:48.722572+00:00
Edmund Optics,49-259,TS 合成石英製両凸レンズ 9 x 18 UV-VIS,double_convex,9.0,8.1,18.0,17.09,UV-VIS (250-700nm),250.0,700.0,587.6,1,16.09,-16.09,,Fused Silica (Corning 7980),,2.6,,UV-Fused-Silica-Double-Convex-DCX-Lenses.xlsx,EO_2028,51,2f0c00e1f3686328cdd7bced2b271ab6acc9152f804f974a74f15c4383f7a188,2026-08-12T16:25:48.722572+00:00
Edmund Optics,49-260,TS 合成石英製両凸レンズ 12 x 15 UV-VIS,double_convex,12.0,11.0,15.0,13.37,UV-VIS (250-700nm),250.0,700.0,587.6,1,13.01,-13.01,,Fused Silica (Corning 7980),,4.5,,UV-Fused-Silica-Double-Convex-DCX-Lenses.xlsx,EO_2028,80,2f0c00e1f3686328cdd7bced2b271ab6acc9152f804f974a74f15c4383f7a188,2026-08-12T16:25:48.722572+00:00
Edmund Optics,49-261,TS 合成石英製両凸レンズ 12 x 24 UV-VIS,double_convex,12.0,11.0,24.0,22.92,UV-VIS (250-700nm),250.0,700.0,587.6,1,21.51,-21.51,,Fused Silica (Corning 7980),,3.1,,UV-Fused-Silica-Double-Convex-DCX-Lenses.xlsx,EO_2028,96,2f0c00e1f3686328cdd7bced2b271ab6acc9152f804f974a74f15c4383f7a188,2026-08-12T16:25:48.722572+00:00
Edmund Optics,49-262,TS 合成石英製両凸レンズ 6 x 6 VIS 0°,double_convex,6.0,5.4,6.0,4.38,VIS 0° (425-675nm),425.0,675.0,587.6,1,4.76,-4.76,,Fused Silica (Corning 7980),,4.1,,UV-Fused-Silica-Double-Convex-DCX-Lenses.xlsx,EO_2028,6,2f0c00e1f3686328cdd7bced2b271ab6acc9152f804f974a74f15c4383f7a188,2026-08-12T16:25:48.722572+00:00
Edmund Optics,49-263,TS 合成石英製両凸レンズ 6 x 9 VIS 0°,double_convex,6.0,5.4,9.0,8.02,VIS 0° (425-675nm),425.0,675.0,587.6,1,7.8,-7.8,,Fused Silica (Corning 7980),,2.7,,UV-Fused-Silica-Double-Convex-DCX-Lenses.xlsx,EO_2028,13,2f0c00e1f3686328cdd7bced2b271ab6acc9152f804f974a74f15c4383f7a188,2026-08-12T16:25:48.722572+00:00
Edmund Optics,49-264,TS 合成石英製両凸レンズ 6 x 12 VIS 0°,double_convex,6.0,5.4,12.0,11.23,VIS 0° (425-675nm),425.0,675.0,587.6,1,10.65,-10.65,,Fused Silica (Corning 7980),,2.2,,UV-Fused-Silica-Double-Convex-DCX-Lenses.xlsx,EO_2028,19,2f0c00e1f3686328cdd7bced2b271ab6acc9152f804f974a74f15c4383f7a188,2026-08-12T16:25:48.722572+00:00
Edmund Optics,49-265,TS 合成石英製両凸レンズ 9 x 9 VIS 0°,double_convex,9.0,8.1,9.0,7.12,VIS 0° (425-675nm),425.0,675.0,587.6,1,7.39,-7.39,,Fused Silica (Corning 7980),,4.9,,UV-Fused-Silica-Double-Convex-DCX-Lenses.xlsx,EO_2028,37,2f0c00e1f3686328cdd7bced2b271ab6acc9152f804f974a74f15c4383f7a188,2026-08-12T16:25:48.722572+00:00
Edmund Optics,49-266,TS 合成石英製両凸レンズ 9 x 13.5 VIS 0°,double_convex,9.0,8.1,13.5,12.32,VIS 0° (425-675nm),425.0,675.0,587.6,1,11.84,-11.84,,Fused Silica (Corning 7980),,3.3,,UV-Fused-Silica-Double-Convex-DCX-Lenses.xlsx,EO_2028,45,2f0c00e1f3686328cdd7bced2b271ab6acc9152f804f974a74f15c4383f7a188,2026-08-12T16:25:48.722572+00:00
Edmund Optics,49-267,TS 合成石英製両凸レンズ 9 x 18 VIS 0°,double_convex,9.0,8.1,18.0,17.09,VIS 0° (425-675nm),425.0,675.0,587.6,1,16.09,-16.09,,Fused Silica (Corning 7980),,2.6,,UV-Fused-Silica-Double-Convex-DCX-Lenses.xlsx,EO_2028,53,2f0c00e1f3686328cdd7bced2b271ab6acc9152f804f974a74f15c4383f7a188,2026-08-12T16:25:48.722572+00:00
Edmund Optics,49-268,TS 合成石英製両凸レンズ 12 x 15 VIS 0°,double_convex,12.0,11.0,15.0,13.37,VIS 0° (425-675nm),425.0,675.0,587.6,1,13.01,-13.01,,Fused Silica (Corning 7980),,4.5,,UV-Fused-Silica-Double-Convex-DCX-Lenses.xlsx,EO_2028,82,2f0c00e1f3686328cdd7bced2b271ab6acc9152f804f974a74f15c4383f7a188,2026-08-12T16:25:48.722572+00:00
Edmund Optics,49-269,TS 合成石英製両凸レンズ 12 x 24 VIS 0°,double_convex,12.0,11.0,24.0,22.92,VIS 0° (425-675nm),425.0,675.0,587.6,1,21.51,-21.51,,Fused Silica (Corning 7980),,3.1,,UV-Fused-Silica-Double-Convex-DCX-Lenses.xlsx,EO_2028,98,2f0c00e1f3686328cdd7bced2b271ab6acc9152f804f974a74f15c4383f7a188,2026-08-12T16:25:48.722572+00:00
Edmund Optics,49-270,TS アクロマティックレンズ 3 x 4.5 VIS 0°,achromatic_doublet,3.0,2.7,4.5,2.99,VIS 0° (425-675nm),425.0,675.0,587.6,1,3.16,-2.23,-7.88,N-LAK22,N-SF6,2.0,1.0,VIS-0-Coated-Achromatic-Lenses (2).xlsx,EO_2684,5,9a52c3d44bd8ad4b44aecf8b4789df8e28d48871c6358bd835e9df86c0847f5b,2026-08-12T16:25:48.722572+00:00
Edmund Optics,49-271,TS アクロマティックレンズ 3 x 6 VIS 0°,achromatic_doublet,3.0,2.7,6.0,4.33,VIS 0° (425-675nm),425.0,675.0,587.6,1,4.13,-2.36,-21.7,N-BAF10,N-SF10,1.97,1.03,VIS-0-Coated-Achromatic-Lenses (2).xlsx,EO_2684,6,9a52c3d44bd8ad4b44aecf8b4789df8e28d48871c6358bd835e9df86c0847f5b,2026-08-12T16:25:48.722572+00:00
Edmund Optics,49-272,TS アクロマティックレンズ 3 x 9 VIS 0°,achromatic_doublet,3.0,2.7,9.0,7.79,VIS 0° (425-675nm),425.0,675.0,587.6,1,5.26,-3.98,-12.05,N-BK7,N-SF5,1.47,1.03,VIS-0-Coated-Achromatic-Lenses (2).xlsx,EO_2684,7,9a52c3d44bd8ad4b44aecf8b4789df8e28d48871c6358bd835e9df86c0847f5b,2026-08-12T16:25:48.722572+00:00
Edmund Optics,49-273,TS アクロマティックレンズ 3 x 12 VIS 0°,achromatic_doublet,3.0,2.7,12.0,10.77,VIS 0° (425-675nm),425.0,675.0,587.6,1,7.39,-5.15,-14.62,N-BK7,N-SF5,1.68,1.0,VIS-0-Coated-Achromatic-Lenses (2).xlsx,EO_2684,8,9a52c3d44bd8ad4b44aecf8b4789df8e28d48871c6358bd835e9df86c0847f5b,2026-08-12T16:25:48.722572+00:00
Edmund Optics,49-274,TS アクロマティックレンズ 4 x 8 VIS 0°,achromatic_doublet,4.0,3.6,8.0,6.69,VIS 0° (425-675nm),425.0,675.0,587.6,1,5.76,-3.49,-26.05,N-BAF10,N-SF10,1.5,1.03,VIS-0-Coated-Achromatic-Lenses (2).xlsx,EO_2684,10,9a52c3d44bd8ad4b44aecf8b4789df8e28d48871c6358bd835e9df86c0847f5b,2026-08-12T16:25:48.722572+00:00
Edmund Optics,49-275,TS アクロマティックレンズ 5 x 7.5 VIS 0°,achromatic_doublet,5.0,4.5,7.5,5.01,VIS 0° (425-675nm),425.0,675.0,587.6,1,5.56,-3.09,-18.25,N-BAF10,N-SF10,3.72,1.03,VIS-0-Coated-Achromatic-Lenses (2).xlsx,EO_2684,13,9a52c3d44bd8ad4b44aecf8b4789df8e28d48871c6358bd835e9df86c0847f5b,2026-08-12T16:25:48.722572+00:00
Edmund Optics,49-276,TS アクロマティックレンズ 5 x 10 VIS 0°,achromatic_doublet,5.0,4.5,10.0,8.56,VIS 0° (425-675nm),425.0,675.0,587.6,1,7.17,-4.39,-33.96,N-BAF10,N-SF10,1.73,1.03,VIS-0-Coated-Achromatic-Lenses (2).xlsx,EO_2684,14,9a52c3d44bd8ad4b44aecf8b4789df8e28d48871c6358bd835e9df86c0847f5b,2026-08-12T16:25:48.722572+00:00
Edmund Optics,49-277,TS アクロマティックレンズ 5 x 15 VIS 0°,achromatic_doublet,5.0,4.5,15.0,13.64,VIS 0° (425-675nm),425.0,675.0,587.6,1,10.67,-6.46,-53.57,N-BAF10,N-SF10,1.55,1.03,VIS-0-Coated-Achromatic-Lenses (2).xlsx,EO_2684,16,9a52c3d44bd8ad4b44aecf8b4789df8e28d48871c6358bd835e9df86c0847f5b,2026-08-12T16:25:48.722572+00:00
Edmund Optics,49-278,TS アクロマティックレンズ 5 x 20 VIS 0°,achromatic_doublet,5.0,4.5,20.0,18.6,VIS 0° (425-675nm),425.0,675.0,587.6,1,14.11,-8.63,-75.59,N-BAF10,N-SF10,1.61,1.03,VIS-0-Coated-Achromatic-Lenses (2).xlsx,EO_2684,17,9a52c3d44bd8ad4b44aecf8b4789df8e28d48871c6358bd835e9df86c0847f5b,2026-08-12T16:25:48.722572+00:00
Edmund Optics,49-279,TS アクロマティックレンズ 40 x 250 VIS 0°,achromatic_doublet,40.0,39.0,250.0,244.32,VIS 0° (425-675nm),425.0,675.0,587.6,1,156.0,-108.7,-313.64,N-BK7,N-SF5,8.0,4.5,VIS-0-Coated-Achromatic-Lenses (2).xlsx,EO_2684,136,9a52c3d44bd8ad4b44aecf8b4789df8e28d48871c6358bd835e9df86c0847f5b,2026-08-12T16:25:48.722572+00:00
Edmund Optics,49-280,TS アクロマティックレンズ 40 x 300 VIS 0°,achromatic_doublet,40.0,39.0,300.0,293.63,VIS 0° (425-675nm),425.0,675.0,587.6,1,194.96,-148.27,-483.71,N-BAK4,N-SF10,9.0,4.1,VIS-0-Coated-Achromatic-Lenses (2).xlsx,EO_2684,137,9a52c3d44bd8ad4b44aecf8b4789df8e28d48871c6358bd835e9df86c0847f5b,2026-08-12T16:25:48.722572+00:00
Edmund Optics,49-281,TS アクロマティックレンズ 40 x 400 VIS 0°,achromatic_doublet,40.0,39.0,400.0,394.33,VIS 0° (425-675nm),425.0,675.0,587.6,1,257.16,-169.03,-473.08,N-BK7,N-SF5,8.5,4.0,VIS-0-Coated-Achromatic-Lenses (2).xlsx,EO_2684,138,9a52c3d44bd8ad4b44aecf8b4789df8e28d48871c6358bd835e9df86c0847f5b,2026-08-12T16:25:48.722572+00:00
Edmund Optics,49-282,TS アクロマティックレンズ 40 x 450 VIS 0°,achromatic_doublet,40.0,39.0,450.0,445.69,VIS 0° (425-675nm),425.0,675.0,587.6,1,279.6,-199.51,-579.39,N-BK7,N-SF5,6.0,4.0,VIS-0-Coated-Achromatic-Lenses (2).xlsx,EO_2684,139,9a52c3d44bd8ad4b44aecf8b4789df8e28d48871c6358bd835e9df86c0847f5b,2026-08-12T16:25:48.722572+00:00
Edmund Optics,49-283,TS アクロマティックレンズ 40 x 500 VIS 0°,achromatic_doublet,40.0,39.0,500.0,495.6,VIS 0° (425-675nm),425.0,675.0,587.6,1,305.31,-224.08,-667.68,N-BK7,N-SF5,6.0,4.0,VIS-0-Coated-Achromatic-Lenses (2).xlsx,EO_2684,140,9a52c3d44bd8ad4b44aecf8b4789df8e28d48871c6358bd835e9df86c0847f5b,2026-08-12T16:25:48.722572+00:00
Edmund Optics,49-284,TS アクロマティックレンズ 50 x 100 VIS 0°,achromatic_doublet,50.0,49.0,100.0,89.94,VIS 0° (425-675nm),425.0,675.0,587.6,1,69.28,-46.95,-446.01,N-BAF10,N-SF10,13.92,4.0,VIS-0-Coated-Achromatic-Lenses (2).xlsx,EO_2684,143,9a52c3d44bd8ad4b44aecf8b4789df8e28d48871c6358bd835e9df86c0847f5b,2026-08-12T16:25:48.722572+00:00
Edmund Optics,49-285,TS アクロマティックレンズ 50 x 150 VIS 0°,achromatic_doublet,50.0,49.0,150.0,143.17,VIS 0° (425-675nm),425.0,675.0,587.6,1,96.85,-73.74,-241.63,N-BAK4,N-SF10,9.5,4.0,VIS-0-Coated-Achromatic-Lenses (2).xlsx,EO_2684,144,9a52c3d44bd8ad4b44aecf8b4789df8e28d48871c6358bd835e9df86c0847f5b,2026-08-12T16:25:48.722572+00:00
Edmund Optics,49-286,TS アクロマティックレンズ 50 x 200 VIS 0°,achromatic_doublet,50.0,49.0,200.0,194.45,VIS 0° (425-675nm),425.0,675.0,587.6,1,130.48,-99.36,-320.2,N-BAK4,N-SF10,9.0,3.5,VIS-0-Coated-Achromatic-Lenses (2).xlsx,EO_2684,145,9a52c3d44bd8ad4b44aecf8b4789df8e28d48871c6358bd835e9df86c0847f5b,2026-08-12T16:25:48.722572+00:00
Edmund Optics,49-287,TS アクロマティックレンズ 50 x 250 VIS 0°,achromatic_doublet,50.0,49.0,250.0,243.41,VIS 0° (425-675nm),425.0,675.0,587.6,1,162.59,-123.82,-402.58,N-BAK4,N-SF10,9.75,3.5,VIS-0-Coated-Achromatic-Lenses (2).xlsx,EO_2684,146,9a52c3d44bd8ad4b44aecf8b4789df8e28d48871c6358bd835e9df86c0847f5b,2026-08-12T16:25:48.722572+00:00
Edmund Optics,49-288,TS アクロマティックレンズ 50 x 300 VIS 0°,achromatic_doublet,50.0,49.0,300.0,292.91,VIS 0° (425-675nm),425.0,675.0,587.6,1,173.11,-164.03,-709.83,N-BAK4,N-SF10,9.0,3.5,VIS-0-Coated-Achromatic-Lenses (2).xlsx,EO_2684,147,9a52c3d44bd8ad4b44aecf8b4789df8e28d48871c6358bd835e9df86c0847f5b,2026-08-12T16:25:48.722572+00:00
Edmund Optics,49-289,TS アクロマティックレンズ 50 x 350 VIS 0°,achromatic_doublet,50.0,49.0,350.0,344.32,VIS 0° (425-675nm),425.0,675.0,587.6,1,227.16,-174.83,-571.49,N-BAK4,N-SF10,8.0,4.0,VIS-0-Coated-Achromatic-Lenses (2).xlsx,EO_2684,148,9a52c3d44bd8ad4b44aecf8b4789df8e28d48871c6358bd835e9df86c0847f5b,2026-08-12T16:25:48.722572+00:00
Edmund Optics,49-290,TS アクロマティックレンズ 50 x 500 VIS 0°,achromatic_doublet,50.0,49.0,500.0,494.5,VIS 0° (425-675nm),425.0,675.0,587.6,1,305.74,-223.2,-663.82,N-BK7,N-SF5,8.0,4.0,VIS-0-Coated-Achromatic-Lenses (2).xlsx,EO_2684,149,9a52c3d44bd8ad4b44aecf8b4789df8e28d48871c6358bd835e9df86c0847f5b,2026-08-12T16:25:48.722572+00:00
Edmund Optics,49-292,TS アクロマティックレンズ 50 x 75 VIS 0°,achromatic_doublet,50.0,49.0,75.0,61.17,VIS 0° (425-675nm),425.0,675.0,587.6,1,51.88,-32.79,-309.45,N-BAF10,N-SF10,20.0,4.5,VIS-0-Coated-Achromatic-Lenses (2).xlsx,EO_2684,142,9a52c3d44bd8ad4b44aecf8b4789df8e28d48871c6358bd835e9df86c0847f5b,2026-08-12T16:25:48.722572+00:00
Edmund Optics,49-771,TS アクロマティックレンズ 12.7 x 15 VIS 0°,achromatic_doublet,12.7,11.7,15.0,10.56,VIS 0° (425-675nm),425.0,675.0,587.6,1,10.59,-8.26,-30.7,N-BAF10,N-SF57,6.5,2.0,VIS-0-Coated-Achromatic-Lenses (2).xlsx,EO_2684,62,9a52c3d44bd8ad4b44aecf8b4789df8e28d48871c6358bd835e9df86c0847f5b,2026-08-12T16:25:48.722572+00:00
Edmund Optics,49-772,TS アクロマティックレンズ 12.7 x 19.1 VIS 0°,achromatic_doublet,12.7,11.7,19.1,15.38,VIS 0° (425-675nm),425.0,675.0,587.6,1,13.19,-10.22,-50.88,N-BAF10,N-SF6,5.25,1.5,VIS-0-Coated-Achromatic-Lenses (2).xlsx,EO_2684,63,9a52c3d44bd8ad4b44aecf8b4789df8e28d48871c6358bd835e9df86c0847f5b,2026-08-12T16:25:48.722572+00:00
Edmund Optics,49-773,TS アクロマティックレンズ 12.7 x 25.4 VIS 0°,achromatic_doublet,12.7,11.7,25.4,22.45,VIS 0° (425-675nm),425.0,675.0,587.6,1,16.77,-13.63,-50.73,N-SSK8,N-SF56,4.0,1.75,VIS-0-Coated-Achromatic-Lenses (2).xlsx,EO_2684,64,9a52c3d44bd8ad4b44aecf8b4789df8e28d48871c6358bd835e9df86c0847f5b,2026-08-12T16:25:48.722572+00:00
Edmund Optics,49-774,TS アクロマティックレンズ 12.7 x 31.8 VIS 0°,achromatic_doublet,12.7,11.7,31.75,28.83,VIS 0° (425-675nm),425.0,675.0,587.6,1,21.13,-16.69,-61.73,N-SSK8,N-SF56,4.0,1.75,VIS-0-Coated-Achromatic-Lenses (2).xlsx,EO_2684,65,9a52c3d44bd8ad4b44aecf8b4789df8e28d48871c6358bd835e9df86c0847f5b,2026-08-12T16:25:48.722572+00:00
Edmund Optics,49-775,TS アクロマティックレンズ 12.7 x 38.1 VIS 0°,achromatic_doublet,12.7,11.7,38.1,35.57,VIS 0° (425-675nm),425.0,675.0,587.6,1,25.43,-20.03,-74.39,N-SSK8,N-SF56,3.5,1.5,VIS-0-Coated-Achromatic-Lenses (2).xlsx,EO_2684,66,9a52c3d44bd8ad4b44aecf8b4789df8e28d48871c6358bd835e9df86c0847f5b,2026-08-12T16:25:48.722572+00:00
Edmund Optics,49-776,TS アクロマティックレンズ 12.7 x 44.5 VIS 0°,achromatic_doublet,12.7,11.7,44.45,41.98,VIS 0° (425-675nm),425.0,675.0,587.6,1,28.49,-20.03,-81.41,N-BAK1,N-SF8,3.0,2.0,VIS-0-Coated-Achromatic-Lenses (2).xlsx,EO_2684,67,9a52c3d44bd8ad4b44aecf8b4789df8e28d48871c6358bd835e9df86c0847f5b,2026-08-12T16:25:48.722572+00:00
Edmund Optics,49-777,TS アクロマティックレンズ 12.7 x 50.8 VIS 0°,achromatic_doublet,12.7,11.7,50.8,48.86,VIS 0° (425-675nm),425.0,675.0,587.6,1,33.17,-23.98,-89.03,N-BAK1,N-SF15,2.5,1.5,VIS-0-Coated-Achromatic-Lenses (2).xlsx,EO_2684,68,9a52c3d44bd8ad4b44aecf8b4789df8e28d48871c6358bd835e9df86c0847f5b,2026-08-12T16:25:48.722572+00:00
Edmund Optics,49-778,TS アクロマティックレンズ 25.4 x 38.1 VIS 0°,achromatic_doublet,25.4,24.4,38.1,30.77,VIS 0° (425-675nm),425.0,675.0,587.6,1,26.37,-20.43,-101.75,N-BAF10,N-SF6,10.5,3.0,VIS-0-Coated-Achromatic-Lenses (2).xlsx,EO_2684,115,9a52c3d44bd8ad4b44aecf8b4789df8e28d48871c6358bd835e9df86c0847f5b,2026-08-12T16:25:48.722572+00:00
Edmund Optics,49-779,TS アクロマティックレンズ 25.4 x 50.8 VIS 0°,achromatic_doublet,25.4,24.4,50.8,44.9,VIS 0° (425-675nm),425.0,675.0,587.6,1,33.54,-27.27,-101.5,N-SSK8,N-SF56,8.0,3.5,VIS-0-Coated-Achromatic-Lenses (2).xlsx,EO_2684,116,9a52c3d44bd8ad4b44aecf8b4789df8e28d48871c6358bd835e9df86c0847f5b,2026-08-12T16:25:48.722572+00:00
Edmund Optics,49-780,TS アクロマティックレンズ 25.4 x 63.5 VIS 0°,achromatic_doublet,25.4,24.4,63.5,57.67,VIS 0° (425-675nm),425.0,675.0,587.6,1,42.26,-33.37,-123.45,N-SSK8,N-SF56,8.0,3.5,VIS-0-Coated-Achromatic-Lenses (2).xlsx,EO_2684,117,9a52c3d44bd8ad4b44aecf8b4789df8e28d48871c6358bd835e9df86c0847f5b,2026-08-12T16:25:48.722572+00:00
Edmund Optics,49-781,TS アクロマティックレンズ 25.4 x 76.2 VIS 0°,achromatic_doublet,25.4,24.4,76.2,71.14,VIS 0° (425-675nm),425.0,675.0,587.6,1,50.85,-40.06,-148.78,N-SSK8,N-SF56,7.0,3.0,VIS-0-Coated-Achromatic-Lenses (2).xlsx,EO_2684,118,9a52c3d44bd8ad4b44aecf8b4789df8e28d48871c6358bd835e9df86c0847f5b,2026-08-12T16:25:48.722572+00:00
Edmund Optics,49-782,TS アクロマティックレンズ 25.4 x 88.9 VIS 0°,achromatic_doublet,25.4,24.4,88.9,83.96,VIS 0° (425-675nm),425.0,675.0,587.6,1,56.98,-40.06,-162.82,N-BAK1,N-SF8,6.0,4.0,VIS-0-Coated-Achromatic-Lenses (2).xlsx,EO_2684,119,9a52c3d44bd8ad4b44aecf8b4789df8e28d48871c6358bd835e9df86c0847f5b,2026-08-12T16:25:48.722572+00:00
Edmund Optics,49-783,TS アクロマティックレンズ 25.4 x 101.6 VIS 0°,achromatic_doublet,25.4,24.4,101.6,97.72,VIS 0° (425-675nm),425.0,675.0,587.6,1,66.33,-47.95,-178.05,N-BAK1,N-SF15,5.0,3.0,VIS-0-Coated-Achromatic-Lenses (2).xlsx,EO_2684,120,9a52c3d44bd8ad4b44aecf8b4789df8e28d48871c6358bd835e9df86c0847f5b,2026-08-12T16:25:48.722572+00:00
Edmund Optics,49-893,TS 平凸レンズ 5 x 20 VIS 0°,plano_convex,5.0,4.5,20.0,19.02,VIS 0° (425-675nm),425.0,675.0,,1,10.34,,,N-BK7,,1.5,,VIS-0-Coated-Plano-Convex-PCX-Lenses (2).xlsx,EO_2537,37,0497fb07d22d8e1d9c87c6088d733ef8f25480109b030c1d1dbeeb0198553764,2026-08-12T16:25:48.722572+00:00
Edmund Optics,49-894,TS 平凸レンズ 6 x 7.5 VIS 0°,plano_convex,6.0,5.4,7.5,6.1,VIS 0° (425-675nm),425.0,675.0,,1,5.89,,,N-SF11,,2.5,,VIS-0-Coated-Plano-Convex-PCX-Lenses (2).xlsx,EO_2537,41,0497fb07d22d8e1d9c87c6088d733ef8f25480109b030c1d1dbeeb0198553764,2026-08-12T16:25:48.722572+00:00
Edmund Optics,49-895,TS 平凸レンズ 9 x 12 VIS 0°,plano_convex,9.0,8.1,12.0,10.6,VIS 0° (425-675nm),425.0,675.0,,1,9.42,,,N-SF11,,2.5,,VIS-0-Coated-Plano-Convex-PCX-Lenses (2).xlsx,EO_2537,64,0497fb07d22d8e1d9c87c6088d733ef8f25480109b030c1d1dbeeb0198553764,2026-08-12T16:25:48.722572+00:00
Edmund Optics,49-896,TS 平凸レンズ 9 x 15 VIS 0°,plano_convex,9.0,8.1,15.0,13.02,VIS 0° (425-675nm),425.0,675.0,,1,7.75,,,N-BK7,,3.0,,VIS-0-Coated-Plano-Convex-PCX-Lenses (2).xlsx,EO_2537,66,0497fb07d22d8e1d9c87c6088d733ef8f25480109b030c1d1dbeeb0198553764,2026-08-12T16:25:48.722572+00:00
Edmund Optics,49-897,TS 平凸レンズ 12 x 20 VIS 0°,plano_convex,12.0,11.0,20.0,17.69,VIS 0° (425-675nm),425.0,675.0,,1,10.34,,,N-BK7,,3.5,,VIS-0-Coated-Plano-Convex-PCX-Lenses (2).xlsx,EO_2537,91,0497fb07d22d8e1d9c87c6088d733ef8f25480109b030c1d1dbeeb0198553764,2026-08-12T16:25:48.722572+00:00
Edmund Optics,49-898,TS 平凸レンズ 15 x 18 VIS 0°,plano_convex,15.0,14.0,18.0,15.61,VIS 0° (425-675nm),425.0,675.0,,1,12.11,,,N-SF5,,4.0,,VIS-0-Coated-Plano-Convex-PCX-Lenses (2).xlsx,EO_2537,129,0497fb07d22d8e1d9c87c6088d733ef8f25480109b030c1d1dbeeb0198553764,2026-08-12T16:25:48.722572+00:00
Edmund Optics,49-899,TS 平凸レンズ 15 x 45 VIS 0°,plano_convex,15.0,14.0,45.0,43.35,VIS 0° (425-675nm),425.0,675.0,,1,23.26,,,N-BK7,,2.5,,VIS-0-Coated-Plano-Convex-PCX-Lenses (2).xlsx,EO_2537,135,0497fb07d22d8e1d9c87c6088d733ef8f25480109b030c1d1dbeeb0198553764,2026-08-12T16:25:48.722572+00:00
Edmund Optics,49-900,TS 平凸レンズ 18 x 22.5 VIS 0°,plano_convex,18.0,17.0,22.5,20.26,VIS 0° (425-675nm),425.0,675.0,,1,17.66,,,N-SF11,,4.0,,VIS-0-Coated-Plano-Convex-PCX-Lenses (2).xlsx,EO_2537,144,0497fb07d22d8e1d9c87c6088d733ef8f25480109b030c1d1dbeeb0198553764,2026-08-12T16:25:48.722572+00:00
Edmund Optics,49-901,TS 平凸レンズ 20 x 25 VIS 0°,plano_convex,20.0,19.0,25.0,22.76,VIS 0° (425-675nm),425.0,675.0,,1,19.62,,,N-SF11,,4.0,,VIS-0-Coated-Plano-Convex-PCX-Lenses (2).xlsx,EO_2537,153,0497fb07d22d8e1d9c87c6088d733ef8f25480109b030c1d1dbeeb0198553764,2026-08-12T16:25:48.722572+00:00
Edmund Optics,49-902,TS 平凸レンズ 20 x 35 VIS 0°,plano_convex,20.0,19.0,35.0,32.04,VIS 0° (425-675nm),425.0,675.0,,1,18.09,,,N-BK7,,4.5,,VIS-0-Coated-Plano-Convex-PCX-Lenses (2).xlsx,EO_2537,155,0497fb07d22d8e1d9c87c6088d733ef8f25480109b030c1d1dbeeb0198553764,2026-08-12T16:25:48.722572+00:00
Edmund Optics,49-935,TS アクロマティックレンズ 5 x 12.5 VIS 0°,achromatic_doublet,5.0,4.5,12.5,10.89,VIS 0° (425-675nm),425.0,675.0,587.6,1,8.57,-6.22,-21.36,N-SSK8,N-SF56,2.3,1.0,VIS-0-Coated-Achromatic-Lenses (2).xlsx,EO_2684,15,9a52c3d44bd8ad4b44aecf8b4789df8e28d48871c6358bd835e9df86c0847f5b,2026-08-12T16:25:48.722572+00:00
Edmund Optics,49-936,TS アクロマティックレンズ 6.25 x 7.5 VIS 0°,achromatic_doublet,6.25,5.625,7.5,4.45,VIS 0° (425-675nm),425.0,675.0,587.6,1,5.6,-3.71,-11.34,N-BAF10,N-SF57,5.0,1.0,VIS-0-Coated-Achromatic-Lenses (2).xlsx,EO_2684,18,9a52c3d44bd8ad4b44aecf8b4789df8e28d48871c6358bd835e9df86c0847f5b,2026-08-12T16:25:48.722572+00:00
Edmund Optics,49-937,TS アクロマティックレンズ 6.25 x 17.5 VIS 0°,achromatic_doublet,6.25,5.625,17.5,15.46,VIS 0° (425-675nm),425.0,675.0,587.6,1,11.13,-9.22,-38.49,N-SSK8,N-SF56,2.75,1.0,VIS-0-Coated-Achromatic-Lenses (2).xlsx,EO_2684,22,9a52c3d44bd8ad4b44aecf8b4789df8e28d48871c6358bd835e9df86c0847f5b,2026-08-12T16:25:48.722572+00:00
Edmund Optics,49-938,TS アクロマティックレンズ 9 x 15 VIS 0°,achromatic_doublet,9.0,8.1,15.0,12.08,VIS 0° (425-675nm),425.0,675.0,587.6,1,10.49,-8.08,-38.23,N-BAF10,N-SF6,4.0,1.5,VIS-0-Coated-Achromatic-Lenses (2).xlsx,EO_2684,31,9a52c3d44bd8ad4b44aecf8b4789df8e28d48871c6358bd835e9df86c0847f5b,2026-08-12T16:25:48.722572+00:00
Edmund Optics,49-939,TS アクロマティックレンズ 9 x 22.5 VIS 0°,achromatic_doublet,9.0,8.1,22.5,20.21,VIS 0° (425-675nm),425.0,675.0,587.6,1,14.79,-12.09,-45.72,N-SSK8,N-SF56,3.0,1.5,VIS-0-Coated-Achromatic-Lenses (2).xlsx,EO_2684,33,9a52c3d44bd8ad4b44aecf8b4789df8e28d48871c6358bd835e9df86c0847f5b,2026-08-12T16:25:48.722572+00:00
Edmund Optics,49-940,TS アクロマティックレンズ 12.5 x 17.5 VIS 0°,achromatic_doublet,12.5,11.5,17.5,13.59,VIS 0° (425-675nm),425.0,675.0,587.6,1,12.2,-9.82,-39.19,N-BAF10,N-SF57,5.8,1.5,VIS-0-Coated-Achromatic-Lenses (2).xlsx,EO_2684,49,9a52c3d44bd8ad4b44aecf8b4789df8e28d48871c6358bd835e9df86c0847f5b,2026-08-12T16:25:48.722572+00:00
Edmund Optics,49-941,TS アクロマティックレンズ 15 x 20 VIS 0°,achromatic_doublet,15.0,14.0,20.0,15.34,VIS 0° (425-675nm),425.0,675.0,587.6,1,14.01,-11.36,-44.21,N-BAF10,N-SF57,6.8,2.0,VIS-0-Coated-Achromatic-Lenses (2).xlsx,EO_2684,70,9a52c3d44bd8ad4b44aecf8b4789df8e28d48871c6358bd835e9df86c0847f5b,2026-08-12T16:25:48.722572+00:00
Edmund Optics,49-942,TS アクロマティックレンズ 15 x 60 VIS 0°,achromatic_doublet,15.0,14.0,60.0,57.48,VIS 0° (425-675nm),425.0,675.0,587.6,1,37.23,-26.69,-76.36,N-BK7,N-SF5,3.5,2.0,VIS-0-Coated-Achromatic-Lenses (2).xlsx,EO_2684,75,9a52c3d44bd8ad4b44aecf8b4789df8e28d48871c6358bd835e9df86c0847f5b,2026-08-12T16:25:48.722572+00:00
Edmund Optics,49-943,TS アクロマティックレンズ 18 x 22.5 VIS 0°,achromatic_doublet,18.0,17.0,22.5,16.39,VIS 0° (425-675nm),425.0,675.0,587.6,1,15.83,-12.65,-47.42,N-BAF10,N-SF57,8.7,3.0,VIS-0-Coated-Achromatic-Lenses (2).xlsx,EO_2684,77,9a52c3d44bd8ad4b44aecf8b4789df8e28d48871c6358bd835e9df86c0847f5b,2026-08-12T16:25:48.722572+00:00
Edmund Optics,49-944,TS アクロマティックレンズ 20 x 25 VIS 0°,achromatic_doublet,20.0,19.0,25.0,18.71,VIS 0° (425-675nm),425.0,675.0,587.6,1,18.03,-13.27,-55.46,N-BAF10,N-SF6,9.5,2.5,VIS-0-Coated-Achromatic-Lenses (2).xlsx,EO_2684,87,9a52c3d44bd8ad4b44aecf8b4789df8e28d48871c6358bd835e9df86c0847f5b,2026-08-12T16:25:48.722572+00:00
Edmund Optics,49-945,TS アクロマティックレンズ 20 x 50 VIS 0°,achromatic_doublet,20.0,19.0,50.0,46.93,VIS 0° (425-675nm),425.0,675.0,587.6,1,36.92,-25.65,-77.89,N-SSK8,N-SF56,4.8,2.0,VIS-0-Coated-Achromatic-Lenses (2).xlsx,EO_2684,91,9a52c3d44bd8ad4b44aecf8b4789df8e28d48871c6358bd835e9df86c0847f5b,2026-08-12T16:25:48.722572+00:00
Edmund Optics,49-946,TS アクロマティックレンズ 20 x 80 VIS 0°,achromatic_doublet,20.0,19.0,80.0,77.26,VIS 0° (425-675nm),425.0,675.0,587.6,1,50.49,-37.06,-102.19,N-BK7,N-SF5,4.0,2.0,VIS-0-Coated-Achromatic-Lenses (2).xlsx,EO_2684,93,9a52c3d44bd8ad4b44aecf8b4789df8e28d48871c6358bd835e9df86c0847f5b,2026-08-12T16:25:48.722572+00:00
Edmund Optics,49-977,TS 合成石英製平凸レンズ 20 x 30 VIS 0°,plano_convex,20.0,19.0,30.0,25.88,VIS 0° (425-675nm),425.0,675.0,,1,13.75,,,Fused Silica (Corning 7980),,6.0,,UV-Fused-Silica-Plano-Convex-PCX-Lenses---VIS-0-Coated.xlsx,EO_4231,44,3548099bb884d8d2457e74014505d75cbb9e414ae64827523c48588ec7646988,2026-08-12T16:25:48.722572+00:00
Edmund Optics,49-978,TS 合成石英製平凸レンズ 20 x 35 VIS 0°,plano_convex,20.0,19.0,35.0,31.58,VIS 0° (425-675nm),425.0,675.0,,1,16.05,,,Fused Silica (Corning 7980),,5.0,,UV-Fused-Silica-Plano-Convex-PCX-Lenses---VIS-0-Coated.xlsx,EO_4231,45,3548099bb884d8d2457e74014505d75cbb9e414ae64827523c48588ec7646988,2026-08-12T16:25:48.722572+00:00
Edmund Optics,49-979,TS 合成石英製平凸レンズ 20 x 40 VIS 0°,plano_convex,20.0,19.0,40.0,36.92,VIS 0° (425-675nm),425.0,675.0,,1,18.34,,,Fused Silica (Corning 7980),,4.5,,UV-Fused-Silica-Plano-Convex-PCX-Lenses---VIS-0-Coated.xlsx,EO_4231,46,3548099bb884d8d2457e74014505d75cbb9e414ae64827523c48588ec7646988,2026-08-12T16:25:48.722572+00:00
Edmund Optics,49-980,TS 合成石英製平凸レンズ 20 x 50 VIS 0°,plano_convex,20.0,19.0,50.0,47.25,VIS 0° (425-675nm),425.0,675.0,,1,22.92,,,Fused Silica (Corning 7980),,4.0,,UV-Fused-Silica-Plano-Convex-PCX-Lenses---VIS-0-Coated.xlsx,EO_4231,47,3548099bb884d8d2457e74014505d75cbb9e414ae64827523c48588ec7646988,2026-08-12T16:25:48.722572+00:00
Edmund Optics,49-981,TS 合成石英製平凸レンズ 20 x 60 VIS 0°,plano_convex,20.0,19.0,60.0,57.6,VIS 0° (425-675nm),425.0,675.0,,1,27.51,,,Fused Silica (Corning 7980),,3.5,,UV-Fused-Silica-Plano-Convex-PCX-Lenses---VIS-0-Coated.xlsx,EO_4231,48,3548099bb884d8d2457e74014505d75cbb9e414ae64827523c48588ec7646988,2026-08-12T16:25:48.722572+00:00
Edmund Optics,49-982,TS 合成石英製平凸レンズ 20 x 80 VIS 0°,plano_convex,20.0,19.0,80.0,77.95,VIS 0° (425-675nm),425.0,675.0,,1,36.68,,,Fused Silica (Corning 7980),,3.0,,UV-Fused-Silica-Plano-Convex-PCX-Lenses---VIS-0-Coated.xlsx,EO_4231,49,3548099bb884d8d2457e74014505d75cbb9e414ae64827523c48588ec7646988,2026-08-12T16:25:48.722572+00:00
Edmund Optics,49-983,TS 合成石英製両凸レンズ 6 x 18,double_convex,6.0,5.4,18.0,17.3,Uncoated,200.0,2200.0,587.6,1,16.18,-16.18,,Fused Silica (Corning 7980),,2.0,,UV-Fused-Silica-Double-Convex-DCX-Lenses.xlsx,EO_2028,23,2f0c00e1f3686328cdd7bced2b271ab6acc9152f804f974a74f15c4383f7a188,2026-08-12T16:25:48.722572+00:00
Edmund Optics,49-984,TS 合成石英製両凸レンズ 6 x 24,double_convex,6.0,5.4,24.0,23.31,Uncoated,200.0,2200.0,587.6,1,21.69,-21.69,,Fused Silica (Corning 7980),,2.0,,UV-Fused-Silica-Double-Convex-DCX-Lenses.xlsx,EO_2028,28,2f0c00e1f3686328cdd7bced2b271ab6acc9152f804f974a74f15c4383f7a188,2026-08-12T16:25:48.722572+00:00
Edmund Optics,49-985,TS 合成石英製両凸レンズ 9 x 27,double_convex,9.0,8.1,27.0,26.13,Uncoated,200.0,2200.0,587.6,1,24.36,-24.36,,Fused Silica (Corning 7980),,2.5,,UV-Fused-Silica-Double-Convex-DCX-Lenses.xlsx,EO_2028,57,2f0c00e1f3686328cdd7bced2b271ab6acc9152f804f974a74f15c4383f7a188,2026-08-12T16:25:48.722572+00:00
Edmund Optics,49-986,TS 合成石英製両凸レンズ 9 x 36,double_convex,9.0,8.1,36.0,35.31,Uncoated,200.0,2200.0,587.6,1,32.69,-32.69,,Fused Silica (Corning 7980),,2.0,,UV-Fused-Silica-Double-Convex-DCX-Lenses.xlsx,EO_2028,65,2f0c00e1f3686328cdd7bced2b271ab6acc9152f804f974a74f15c4383f7a188,2026-08-12T16:25:48.722572+00:00
Edmund Optics,49-987,TS 合成石英製両凸レンズ 6 x 18 UV-AR,double_convex,6.0,5.4,18.0,17.3,UV-AR (250-425nm),250.0,425.0,587.6,1,16.18,-16.18,,Fused Silica (Corning 7980),,2.0,,UV-Fused-Silica-Double-Convex-DCX-Lenses.xlsx,EO_2028,24,2f0c00e1f3686328cdd7bced2b271ab6acc9152f804f974a74f15c4383f7a188,2026-08-12T16:25:48.722572+00:00
Edmund Optics,49-988,TS 合成石英製両凸レンズ 6 x 24 UV-AR,double_convex,6.0,5.4,24.0,23.31,UV-AR (250-425nm),250.0,425.0,587.6,1,21.69,-21.69,,Fused Silica (Corning 7980),,2.0,,UV-Fused-Silica-Double-Convex-DCX-Lenses.xlsx,EO_2028,29,2f0c00e1f3686328cdd7bced2b271ab6acc9152f804f974a74f15c4383f7a188,2026-08-12T16:25:48.722572+00:00
Edmund Optics,49-989,TS 合成石英製両凸レンズ 9 x 27 UV-AR,double_convex,9.0,8.1,27.0,26.13,UV-AR (250-425nm),250.0,425.0,587.6,1,24.36,-24.36,,Fused Silica (Corning 7980),,2.5,,UV-Fused-Silica-Double-Convex-DCX-Lenses.xlsx,EO_2028,58,2f0c00e1f3686328cdd7bced2b271ab6acc9152f804f974a74f15c4383f7a188,2026-08-12T16:25:48.722572+00:00
Edmund Optics,49-990,TS 合成石英製両凸レンズ 9 x 36 UV-AR,double_convex,9.0,8.1,36.0,35.31,UV-AR (250-425nm),250.0,425.0,587.6,1,32.69,-32.69,,Fused Silica (Corning 7980),,2.0,,UV-Fused-Silica-Double-Convex-DCX-Lenses.xlsx,EO_2028,66,2f0c00e1f3686328cdd7bced2b271ab6acc9152f804f974a74f15c4383f7a188,2026-08-12T16:25:48.722572+00:00
Edmund Optics,49-991,TS 合成石英製両凸レンズ 6 x 18 UV-VIS,double_convex,6.0,5.4,18.0,17.3,UV-VIS (250-700nm),250.0,700.0,587.6,1,16.18,-16.18,,Fused Silica (Corning 7980),,2.0,,UV-Fused-Silica-Double-Convex-DCX-Lenses.xlsx,EO_2028,25,2f0c00e1f3686328cdd7bced2b271ab6acc9152f804f974a74f15c4383f7a188,2026-08-12T16:25:48.722572+00:00
Edmund Optics,49-992,TS 合成石英製両凸レンズ 6 x 24 UV-VIS,double_convex,6.0,5.4,24.0,23.31,UV-VIS (250-700nm),250.0,700.0,587.6,1,21.69,-21.69,,Fused Silica (Corning 7980),,2.0,,UV-Fused-Silica-Double-Convex-DCX-Lenses.xlsx,EO_2028,30,2f0c00e1f3686328cdd7bced2b271ab6acc9152f804f974a74f15c4383f7a188,2026-08-12T16:25:48.722572+00:00
Edmund Optics,49-993,TS 合成石英製両凸レンズ 9 x 27 UV-VIS,double_convex,9.0,8.1,27.0,26.13,UV-VIS (250-700nm),250.0,700.0,587.6,1,24.36,-24.36,,Fused Silica (Corning 7980),,2.5,,UV-Fused-Silica-Double-Convex-DCX-Lenses.xlsx,EO_2028,59,2f0c00e1f3686328cdd7bced2b271ab6acc9152f804f974a74f15c4383f7a188,2026-08-12T16:25:48.722572+00:00
Edmund Optics,49-994,TS 合成石英製両凸レンズ 9 x 36 UV-VIS,double_convex,9.0,8.1,36.0,35.31,UV-VIS (250-700nm),250.0,700.0,587.6,1,32.69,-32.69,,Fused Silica (Corning 7980),,2.0,,UV-Fused-Silica-Double-Convex-DCX-Lenses.xlsx,EO_2028,67,2f0c00e1f3686328cdd7bced2b271ab6acc9152f804f974a74f15c4383f7a188,2026-08-12T16:25:48.722572+00:00
Edmund Optics,49-995,TS 合成石英製両凸レンズ 6 x 18 VIS 0°,double_convex,6.0,5.4,18.0,17.3,VIS 0° (425-675nm),425.0,675.0,587.6,1,16.18,-16.18,,Fused Silica (Corning 7980),,2.0,,UV-Fused-Silica-Double-Convex-DCX-Lenses.xlsx,EO_2028,26,2f0c00e1f3686328cdd7bced2b271ab6acc9152f804f974a74f15c4383f7a188,2026-08-12T16:25:48.722572+00:00
Edmund Optics,49-996,TS 合成石英製両凸レンズ 6 x 24 VIS 0°,double_convex,6.0,5.4,24.0,23.31,VIS 0° (425-675nm),425.0,675.0,587.6,1,21.69,-21.69,,Fused Silica (Corning 7980),,2.0,,UV-Fused-Silica-Double-Convex-DCX-Lenses.xlsx,EO_2028,31,2f0c00e1f3686328cdd7bced2b271ab6acc9152f804f974a74f15c4383f7a188,2026-08-12T16:25:48.722572+00:00
Edmund Optics,49-997,TS 合成石英製両凸レンズ 9 x 27 VIS 0°,double_convex,9.0,8.1,27.0,26.13,VIS 0° (425-675nm),425.0,675.0,587.6,1,24.36,-24.36,,Fused Silica (Corning 7980),,2.5,,UV-Fused-Silica-Double-Convex-DCX-Lenses.xlsx,EO_2028,61,2f0c00e1f3686328cdd7bced2b271ab6acc9152f804f974a74f15c4383f7a188,2026-08-12T16:25:48.722572+00:00
Edmund Optics,49-998,TS 合成石英製両凸レンズ 9 x 36 VIS 0°,double_convex,9.0,8.1,36.0,35.31,VIS 0° (425-675nm),425.0,675.0,587.6,1,32.69,-32.69,,Fused Silica (Corning 7980),,2.0,,UV-Fused-Silica-Double-Convex-DCX-Lenses.xlsx,EO_2028,68,2f0c00e1f3686328cdd7bced2b271ab6acc9152f804f974a74f15c4383f7a188,2026-08-12T16:25:48.722572+00:00
Edmund Optics,62-561,TS 平凸レンズ 12.7 x 12.7 VIS 0°,plano_convex,12.7,11.7,12.7,10.46,VIS 0° (425-675nm),425.0,675.0,,1,9.97,,,N-SF11,,4.0,,VIS-0-Coated-Plano-Convex-PCX-Lenses (2).xlsx,EO_2537,116,0497fb07d22d8e1d9c87c6088d733ef8f25480109b030c1d1dbeeb0198553764,2026-08-12T16:25:48.722572+00:00
Edmund Optics,62-562,TS 平凸レンズ 12.7 x 15 VIS 0°,plano_convex,12.7,11.7,15.0,11.53,VIS 0° (425-675nm),425.0,675.0,,1,7.75,,,N-BK7,,5.25,,VIS-0-Coated-Plano-Convex-PCX-Lenses (2).xlsx,EO_2537,117,0497fb07d22d8e1d9c87c6088d733ef8f25480109b030c1d1dbeeb0198553764,2026-08-12T16:25:48.722572+00:00
Edmund Optics,62-563,TS 平凸レンズ 12.7 x 19.1 VIS 0°,plano_convex,12.7,11.7,19.1,16.46,VIS 0° (425-675nm),425.0,675.0,,1,9.87,,,N-BK7,,4.0,,VIS-0-Coated-Plano-Convex-PCX-Lenses (2).xlsx,EO_2537,118,0497fb07d22d8e1d9c87c6088d733ef8f25480109b030c1d1dbeeb0198553764,2026-08-12T16:25:48.722572+00:00
Edmund Optics,62-564,TS 平凸レンズ 12.7 x 25.4 VIS 0°,plano_convex,12.7,11.7,25.4,23.43,VIS 0° (425-675nm),425.0,675.0,,1,13.13,,,N-BK7,,3.0,,VIS-0-Coated-Plano-Convex-PCX-Lenses (2).xlsx,EO_2537,120,0497fb07d22d8e1d9c87c6088d733ef8f25480109b030c1d1dbeeb0198553764,2026-08-12T16:25:48.722572+00:00
Edmund Optics,62-565,TS 平凸レンズ 12.7 x 31.8 VIS 0°,plano_convex,12.7,11.7,31.8,29.81,VIS 0° (425-675nm),425.0,675.0,,1,16.43,,,N-BK7,,3.0,,VIS-0-Coated-Plano-Convex-PCX-Lenses (2).xlsx,EO_2537,122,0497fb07d22d8e1d9c87c6088d733ef8f25480109b030c1d1dbeeb0198553764,2026-08-12T16:25:48.722572+00:00
Edmund Optics,62-566,TS 平凸レンズ 12.7 x 38.1 VIS 0°,plano_convex,12.7,11.7,38.1,36.12,VIS 0° (425-675nm),425.0,675.0,,1,19.69,,,N-BK7,,3.0,,VIS-0-Coated-Plano-Convex-PCX-Lenses (2).xlsx,EO_2537,123,0497fb07d22d8e1d9c87c6088d733ef8f25480109b030c1d1dbeeb0198553764,2026-08-12T16:25:48.722572+00:00
Edmund Optics,62-567,TS 平凸レンズ 12.7 x 44.5 VIS 0°,plano_convex,12.7,11.7,44.5,42.69,VIS 0° (425-675nm),425.0,675.0,,1,23.0,,,N-BK7,,2.75,,VIS-0-Coated-Plano-Convex-PCX-Lenses (2).xlsx,EO_2537,125,0497fb07d22d8e1d9c87c6088d733ef8f25480109b030c1d1dbeeb0198553764,2026-08-12T16:25:48.722572+00:00
Edmund Optics,62-568,TS 平凸レンズ 12.7 x 50.8 VIS 0°,plano_convex,12.7,11.7,50.8,49.15,VIS 0° (425-675nm),425.0,675.0,,1,26.25,,,N-BK7,,2.5,,VIS-0-Coated-Plano-Convex-PCX-Lenses (2).xlsx,EO_2537,126,0497fb07d22d8e1d9c87c6088d733ef8f25480109b030c1d1dbeeb0198553764,2026-08-12T16:25:48.722572+00:00
Edmund Optics,62-569,TS 平凸レンズ 25.4 x 25.4 VIS 0°,plano_convex,25.4,24.4,25.4,21.48,VIS 0° (425-675nm),425.0,675.0,,1,19.93,,,N-SF11,,7.0,,VIS-0-Coated-Plano-Convex-PCX-Lenses (2).xlsx,EO_2537,181,0497fb07d22d8e1d9c87c6088d733ef8f25480109b030c1d1dbeeb0198553764,2026-08-12T16:25:48.722572+00:00
Edmund Optics,62-570,TS 平凸レンズ 25.4 x 38.1 VIS 0°,plano_convex,25.4,24.4,38.1,33.48,VIS 0° (425-675nm),425.0,675.0,,1,19.69,,,N-BK7,,7.0,,VIS-0-Coated-Plano-Convex-PCX-Lenses (2).xlsx,EO_2537,183,0497fb07d22d8e1d9c87c6088d733ef8f25480109b030c1d1dbeeb0198553764,2026-08-12T16:25:48.722572+00:00
Edmund Optics,62-571,TS 平凸レンズ 25.4 x 50.8 VIS 0°,plano_convex,25.4,24.4,50.8,47.5,VIS 0° (425-675nm),425.0,675.0,,1,26.25,,,N-BK7,,5.0,,VIS-0-Coated-Plano-Convex-PCX-Lenses (2).xlsx,EO_2537,185,0497fb07d22d8e1d9c87c6088d733ef8f25480109b030c1d1dbeeb0198553764,2026-08-12T16:25:48.722572+00:00
Edmund Optics,62-572,TS 平凸レンズ 25.4 x 63.5 VIS 0°,plano_convex,25.4,24.4,63.5,60.37,VIS 0° (425-675nm),425.0,675.0,,1,32.82,,,N-BK7,,4.75,,VIS-0-Coated-Plano-Convex-PCX-Lenses (2).xlsx,EO_2537,186,0497fb07d22d8e1d9c87c6088d733ef8f25480109b030c1d1dbeeb0198553764,2026-08-12T16:25:48.722572+00:00
Edmund Optics,62-573,TS 平凸レンズ 25.4 x 76.2 VIS 0°,plano_convex,25.4,24.4,76.2,73.56,VIS 0° (425-675nm),425.0,675.0,,1,39.38,,,N-BK7,,4.0,,VIS-0-Coated-Plano-Convex-PCX-Lenses (2).xlsx,EO_2537,188,0497fb07d22d8e1d9c87c6088d733ef8f25480109b030c1d1dbeeb0198553764,2026-08-12T16:25:48.722572+00:00
Edmund Optics,62-574,TS 平凸レンズ 25.4 x 88.9 VIS 0°,plano_convex,25.4,24.4,88.9,86.26,VIS 0° (425-675nm),425.0,675.0,,1,45.94,,,N-BK7,,4.0,,VIS-0-Coated-Plano-Convex-PCX-Lenses (2).xlsx,EO_2537,189,0497fb07d22d8e1d9c87c6088d733ef8f25480109b030c1d1dbeeb0198553764,2026-08-12T16:25:48.722572+00:00
Edmund Optics,62-575,TS 平凸レンズ 25.4 x 101.6 VIS 0°,plano_convex,25.4,24.4,101.6,98.97,VIS 0° (425-675nm),425.0,675.0,,1,52.51,,,N-BK7,,4.0,,VIS-0-Coated-Plano-Convex-PCX-Lenses (2).xlsx,EO_2537,191,0497fb07d22d8e1d9c87c6088d733ef8f25480109b030c1d1dbeeb0198553764,2026-08-12T16:25:48.722572+00:00
Edmund Optics,63-497,TS 平凸レンズ 10 x 10 VIS 0°,plano_convex,10.0,9.0,10.0,8.18,VIS 0° (425-675nm),425.0,675.0,,1,7.85,,,N-SF11,,3.25,,VIS-0-Coated-Plano-Convex-PCX-Lenses (2).xlsx,EO_2537,77,0497fb07d22d8e1d9c87c6088d733ef8f25480109b030c1d1dbeeb0198553764,2026-08-12T16:25:48.722572+00:00
Edmund Optics,63-498,TS 平凸レンズ 10 x 15 VIS 0°,plano_convex,10.0,9.0,15.0,13.32,VIS 0° (425-675nm),425.0,675.0,,1,11.77,,,N-SF11,,3.0,,VIS-0-Coated-Plano-Convex-PCX-Lenses (2).xlsx,EO_2537,79,0497fb07d22d8e1d9c87c6088d733ef8f25480109b030c1d1dbeeb0198553764,2026-08-12T16:25:48.722572+00:00
Edmund Optics,63-499,TS 平凸レンズ 10 x 20 VIS 0°,plano_convex,10.0,9.0,20.0,18.03,VIS 0° (425-675nm),425.0,675.0,,1,10.34,,,N-BK7,,3.0,,VIS-0-Coated-Plano-Convex-PCX-Lenses (2).xlsx,EO_2537,81,0497fb07d22d8e1d9c87c6088d733ef8f25480109b030c1d1dbeeb0198553764,2026-08-12T16:25:48.722572+00:00
Edmund Optics,63-500,TS 平凸レンズ 10 x 25 VIS 0°,plano_convex,10.0,9.0,25.0,23.02,VIS 0° (425-675nm),425.0,675.0,,1,12.92,,,N-BK7,,3.0,,VIS-0-Coated-Plano-Convex-PCX-Lenses (2).xlsx,EO_2537,82,0497fb07d22d8e1d9c87c6088d733ef8f25480109b030c1d1dbeeb0198553764,2026-08-12T16:25:48.722572+00:00
Edmund Optics,63-501,TS 平凸レンズ 10 x 30 VIS 0°,plano_convex,10.0,9.0,30.0,28.01,VIS 0° (425-675nm),425.0,675.0,,1,15.5,,,N-BK7,,3.0,,VIS-0-Coated-Plano-Convex-PCX-Lenses (2).xlsx,EO_2537,83,0497fb07d22d8e1d9c87c6088d733ef8f25480109b030c1d1dbeeb0198553764,2026-08-12T16:25:48.722572+00:00
Edmund Optics,63-502,TS 平凸レンズ 10 x 40 VIS 0°,plano_convex,10.0,9.0,40.0,38.02,VIS 0° (425-675nm),425.0,675.0,,1,20.67,,,N-BK7,,3.0,,VIS-0-Coated-Plano-Convex-PCX-Lenses (2).xlsx,EO_2537,84,0497fb07d22d8e1d9c87c6088d733ef8f25480109b030c1d1dbeeb0198553764,2026-08-12T16:25:48.722572+00:00
Edmund Optics,63-503,TS 平凸レンズ 10 x 50 VIS 0°,plano_convex,10.0,9.0,50.0,48.02,VIS 0° (425-675nm),425.0,675.0,,1,25.84,,,N-BK7,,3.0,,VIS-0-Coated-Plano-Convex-PCX-Lenses (2).xlsx,EO_2537,85,0497fb07d22d8e1d9c87c6088d733ef8f25480109b030c1d1dbeeb0198553764,2026-08-12T16:25:48.722572+00:00
Edmund Optics,63-504,TS 平凸レンズ 10 x 75 VIS 0°,plano_convex,10.0,9.0,75.0,73.02,VIS 0° (425-675nm),425.0,675.0,,1,38.76,,,N-BK7,,3.0,,VIS-0-Coated-Plano-Convex-PCX-Lenses (2).xlsx,EO_2537,86,0497fb07d22d8e1d9c87c6088d733ef8f25480109b030c1d1dbeeb0198553764,2026-08-12T16:25:48.722572+00:00
Edmund Optics,63-505,TS 平凸レンズ 10 x 100 VIS 0°,plano_convex,10.0,9.0,100.0,98.02,VIS 0° (425-675nm),425.0,675.0,,1,51.68,,,N-BK7,,3.0,,VIS-0-Coated-Plano-Convex-PCX-Lenses (2).xlsx,EO_2537,87,0497fb07d22d8e1d9c87c6088d733ef8f25480109b030c1d1dbeeb0198553764,2026-08-12T16:25:48.722572+00:00
Edmund Optics,63-506,TS 平凸レンズ 15 x 20 VIS 0°,plano_convex,15.0,14.0,20.0,17.74,VIS 0° (425-675nm),425.0,675.0,,1,13.46,,,N-SF5,,3.8,,VIS-0-Coated-Plano-Convex-PCX-Lenses (2).xlsx,EO_2537,130,0497fb07d22d8e1d9c87c6088d733ef8f25480109b030c1d1dbeeb0198553764,2026-08-12T16:25:48.722572+00:00
Edmund Optics,63-594,TS 両凸レンズ 5 x 5 VIS 0°,double_convex,5.0,4.5,5.0,4.19,VIS 0° (425-675nm),425.0,675.0,587.6,1,6.18,-6.18,,N-SF5,,2.5,,VIS-0-Coated-Double-Convex-DCX-Lenses (2).xlsx,EO_2538,8,cb466b524f464c7ffdace4dc1ea14ba24469dc445b22a90800d1bdd5d0901a4f,2026-08-12T16:25:48.722572+00:00
Edmund Optics,63-595,TS 両凸レンズ 5 x 10 VIS 0°,double_convex,5.0,4.5,10.0,9.31,VIS 0° (425-675nm),425.0,675.0,587.6,1,9.98,-9.98,,N-BK7,,2.0,,VIS-0-Coated-Double-Convex-DCX-Lenses (2).xlsx,EO_2538,9,cb466b524f464c7ffdace4dc1ea14ba24469dc445b22a90800d1bdd5d0901a4f,2026-08-12T16:25:48.722572+00:00
Edmund Optics,63-596,TS 両凸レンズ 5 x 15 VIS 0°,double_convex,5.0,4.5,15.0,14.33,VIS 0° (425-675nm),425.0,675.0,587.6,1,15.16,-15.16,,N-BK7,,2.0,,VIS-0-Coated-Double-Convex-DCX-Lenses (2).xlsx,EO_2538,10,cb466b524f464c7ffdace4dc1ea14ba24469dc445b22a90800d1bdd5d0901a4f,2026-08-12T16:25:48.722572+00:00
Edmund Optics,63-597,TS 両凸レンズ 5 x 20 VIS 0°,double_convex,5.0,4.5,20.0,19.5,VIS 0° (425-675nm),425.0,675.0,587.6,1,20.41,-20.41,,N-BK7,,1.5,,VIS-0-Coated-Double-Convex-DCX-Lenses (2).xlsx,EO_2538,11,cb466b524f464c7ffdace4dc1ea14ba24469dc445b22a90800d1bdd5d0901a4f,2026-08-12T16:25:48.722572+00:00
Edmund Optics,63-598,TS 両凸レンズ 5 x 25 VIS 0°,double_convex,5.0,4.5,25.0,24.5,VIS 0° (425-675nm),425.0,675.0,587.6,1,25.58,-25.58,,N-BK7,,1.5,,VIS-0-Coated-Double-Convex-DCX-Lenses (2).xlsx,EO_2538,12,cb466b524f464c7ffdace4dc1ea14ba24469dc445b22a90800d1bdd5d0901a4f,2026-08-12T16:25:48.722572+00:00
Edmund Optics,63-599,TS 両凸レンズ 10 x 10 VIS 0°,double_convex,10.0,9.0,10.0,8.89,VIS 0° (425-675nm),425.0,675.0,587.6,1,12.71,-12.71,,N-SF5,,3.5,,VIS-0-Coated-Double-Convex-DCX-Lenses (2).xlsx,EO_2538,26,cb466b524f464c7ffdace4dc1ea14ba24469dc445b22a90800d1bdd5d0901a4f,2026-08-12T16:25:48.722572+00:00
Edmund Optics,63-600,TS 両凸レンズ 10 x 15 VIS 0°,double_convex,10.0,9.0,15.0,13.8,VIS 0° (425-675nm),425.0,675.0,587.6,1,14.88,-14.88,,N-BK7,,3.5,,VIS-0-Coated-Double-Convex-DCX-Lenses (2).xlsx,EO_2538,27,cb466b524f464c7ffdace4dc1ea14ba24469dc445b22a90800d1bdd5d0901a4f,2026-08-12T16:25:48.722572+00:00
Edmund Optics,63-601,TS 両凸レンズ 10 x 20 VIS 0°,double_convex,10.0,9.0,20.0,19.16,VIS 0° (425-675nm),425.0,675.0,587.6,1,20.24,-20.24,,N-BK7,,2.5,,VIS-0-Coated-Double-Convex-DCX-Lenses (2).xlsx,EO_2538,28,cb466b524f464c7ffdace4dc1ea14ba24469dc445b22a90800d1bdd5d0901a4f,2026-08-12T16:25:48.722572+00:00
Edmund Optics,63-602,TS 両凸レンズ 10 x 25 VIS 0°,double_convex,10.0,9.0,25.0,24.16,VIS 0° (425-675nm),425.0,675.0,587.6,1,25.41,-25.41,,N-BK7,,2.5,,VIS-0-Coated-Double-Convex-DCX-Lenses (2).xlsx,EO_2538,29,cb466b524f464c7ffdace4dc1ea14ba24469dc445b22a90800d1bdd5d0901a4f,2026-08-12T16:25:48.722572+00:00
Edmund Optics,63-603,TS 両凸レンズ 10 x 30 VIS 0°,double_convex,10.0,9.0,30.0,29.17,VIS 0° (425-675nm),425.0,675.0,587.6,1,30.58,-30.58,,N-BK7,,2.5,,VIS-0-Coated-Double-Convex-DCX-Lenses (2).xlsx,EO_2538,30,cb466b524f464c7ffdace4dc1ea14ba24469dc445b22a90800d1bdd5d0901a4f,2026-08-12T16:25:48.722572+00:00
Edmund Optics,63-604,TS 両凸レンズ 10 x 40 VIS 0°,double_convex,10.0,9.0,40.0,39.16,VIS 0° (425-675nm),425.0,675.0,587.6,1,40.91,-40.91,,N-BK7,,2.5,,VIS-0-Coated-Double-Convex-DCX-Lenses (2).xlsx,EO_2538,31,cb466b524f464c7ffdace4dc1ea14ba24469dc445b22a90800d1bdd5d0901a4f,2026-08-12T16:25:48.722572+00:00
Edmund Optics,63-605,TS 両凸レンズ 10 x 50 VIS 0°,double_convex,10.0,9.0,50.0,49.17,VIS 0° (425-675nm),425.0,675.0,587.6,1,51.25,-51.25,,N-BK7,,2.5,,VIS-0-Coated-Double-Convex-DCX-Lenses (2).xlsx,EO_2538,32,cb466b524f464c7ffdace4dc1ea14ba24469dc445b22a90800d1bdd5d0901a4f,2026-08-12T16:25:48.722572+00:00
Edmund Optics,63-606,TS 両凸レンズ 10 x 100 VIS 0°,double_convex,10.0,9.0,100.0,99.17,VIS 0° (425-675nm),425.0,675.0,587.6,1,102.93,-102.93,,N-BK7,,2.5,,VIS-0-Coated-Double-Convex-DCX-Lenses (2).xlsx,EO_2538,33,cb466b524f464c7ffdace4dc1ea14ba24469dc445b22a90800d1bdd5d0901a4f,2026-08-12T16:25:48.722572+00:00
Edmund Optics,63-607,TS 両凸レンズ 15 x 20 VIS 0°,double_convex,15.0,14.0,20.0,18.99,VIS 0° (425-675nm),425.0,675.0,587.6,1,30.6,-30.6,,N-SF11,,3.5,,VIS-0-Coated-Double-Convex-DCX-Lenses (2).xlsx,EO_2538,42,cb466b524f464c7ffdace4dc1ea14ba24469dc445b22a90800d1bdd5d0901a4f,2026-08-12T16:25:48.722572+00:00
Edmund Optics,63-608,TS 両凸レンズ 15 x 25 VIS 0°,double_convex,15.0,14.0,25.0,23.82,VIS 0° (425-675nm),425.0,675.0,587.6,1,25.23,-25.23,,N-BK7,,3.5,,VIS-0-Coated-Double-Convex-DCX-Lenses (2).xlsx,EO_2538,44,cb466b524f464c7ffdace4dc1ea14ba24469dc445b22a90800d1bdd5d0901a4f,2026-08-12T16:25:48.722572+00:00
Edmund Optics,63-609,TS 両凸レンズ 15 x 45 VIS 0°,double_convex,15.0,14.0,45.0,44.0,VIS 0° (425-675nm),425.0,675.0,587.6,1,45.99,-45.99,,N-BK7,,3.0,,VIS-0-Coated-Double-Convex-DCX-Lenses (2).xlsx,EO_2538,46,cb466b524f464c7ffdace4dc1ea14ba24469dc445b22a90800d1bdd5d0901a4f,2026-08-12T16:25:48.722572+00:00
Edmund Optics,63-610,TS 両凸レンズ 15 x 60 VIS 0°,double_convex,15.0,14.0,60.0,59.0,VIS 0° (425-675nm),425.0,675.0,587.6,1,61.5,-61.5,,N-BK7,,3.0,,VIS-0-Coated-Double-Convex-DCX-Lenses (2).xlsx,EO_2538,48,cb466b524f464c7ffdace4dc1ea14ba24469dc445b22a90800d1bdd5d0901a4f,2026-08-12T16:25:48.722572+00:00
Edmund Optics,63-611,TS 両凸レンズ 18 x 18 VIS 0°,double_convex,18.0,17.0,18.0,16.69,VIS 0° (425-675nm),425.0,675.0,587.6,1,27.22,-27.22,,N-SF11,,4.5,,VIS-0-Coated-Double-Convex-DCX-Lenses (2).xlsx,EO_2538,49,cb466b524f464c7ffdace4dc1ea14ba24469dc445b22a90800d1bdd5d0901a4f,2026-08-12T16:25:48.722572+00:00
Edmund Optics,63-614,TS 両凸レンズ 20 x 20 VIS 0°,double_convex,20.0,19.0,20.0,18.55,VIS 0° (425-675nm),425.0,675.0,587.6,1,30.25,-30.25,,N-SF11,,5.0,,VIS-0-Coated-Double-Convex-DCX-Lenses (2).xlsx,EO_2538,52,cb466b524f464c7ffdace4dc1ea14ba24469dc445b22a90800d1bdd5d0901a4f,2026-08-12T16:25:48.722572+00:00
Edmund Optics,63-615,TS 両凸レンズ 20 x 25 VIS 0°,double_convex,20.0,19.0,25.0,23.86,VIS 0° (425-675nm),425.0,675.0,587.6,1,38.34,-38.34,,N-SF11,,4.0,,VIS-0-Coated-Double-Convex-DCX-Lenses (2).xlsx,EO_2538,53,cb466b524f464c7ffdace4dc1ea14ba24469dc445b22a90800d1bdd5d0901a4f,2026-08-12T16:25:48.722572+00:00
Edmund Optics,63-616,TS 両凸レンズ 20 x 50 VIS 0°,double_convex,20.0,19.0,50.0,48.84,VIS 0° (425-675nm),425.0,675.0,587.6,1,51.08,-51.08,,N-BK7,,3.5,,VIS-0-Coated-Double-Convex-DCX-Lenses (2).xlsx,EO_2538,56,cb466b524f464c7ffdace4dc1ea14ba24469dc445b22a90800d1bdd5d0901a4f,2026-08-12T16:25:48.722572+00:00
Edmund Optics,63-617,TS 両凸レンズ 20 x 60 VIS 0°,double_convex,20.0,19.0,60.0,58.67,VIS 0° (425-675nm),425.0,675.0,587.6,1,61.33,-61.33,,N-BK7,,4.0,,VIS-0-Coated-Double-Convex-DCX-Lenses (2).xlsx,EO_2538,57,cb466b524f464c7ffdace4dc1ea14ba24469dc445b22a90800d1bdd5d0901a4f,2026-08-12T16:25:48.722572+00:00
Edmund Optics,63-618,TS 両凸レンズ 20 x 80 VIS 0°,double_convex,20.0,19.0,80.0,78.67,VIS 0° (425-675nm),425.0,675.0,587.6,1,82.0,-82.0,,N-BK7,,4.0,,VIS-0-Coated-Double-Convex-DCX-Lenses (2).xlsx,EO_2538,58,cb466b524f464c7ffdace4dc1ea14ba24469dc445b22a90800d1bdd5d0901a4f,2026-08-12T16:25:48.722572+00:00
Edmund Optics,63-619,TS 両凸レンズ 25 x 30 VIS 0°,double_convex,25.0,24.0,30.0,28.31,VIS 0° (425-675nm),425.0,675.0,587.6,1,39.22,-39.22,,N-SF5,,5.5,,VIS-0-Coated-Double-Convex-DCX-Lenses (2).xlsx,EO_2538,60,cb466b524f464c7ffdace4dc1ea14ba24469dc445b22a90800d1bdd5d0901a4f,2026-08-12T16:25:48.722572+00:00
Edmund Optics,63-620,TS 両凸レンズ 30 x 30 VIS 0°,double_convex,30.0,29.0,30.0,28.12,VIS 0° (425-675nm),425.0,675.0,587.6,1,45.61,-45.61,,N-SF11,,6.5,,VIS-0-Coated-Double-Convex-DCX-Lenses (2).xlsx,EO_2538,70,cb466b524f464c7ffdace4dc1ea14ba24469dc445b22a90800d1bdd5d0901a4f,2026-08-12T16:25:48.722572+00:00
Edmund Optics,63-621,TS 両凸レンズ 30 x 60 VIS 0°,double_convex,30.0,29.0,60.0,58.33,VIS 0° (425-675nm),425.0,675.0,587.6,1,61.15,-61.15,,N-BK7,,5.0,,VIS-0-Coated-Double-Convex-DCX-Lenses (2).xlsx,EO_2538,72,cb466b524f464c7ffdace4dc1ea14ba24469dc445b22a90800d1bdd5d0901a4f,2026-08-12T16:25:48.722572+00:00
Edmund Optics,63-622,TS 両凸レンズ 30 x 100 VIS 0°,double_convex,30.0,29.0,100.0,98.34,VIS 0° (425-675nm),425.0,675.0,587.6,1,102.5,-102.5,,N-BK7,,5.0,,VIS-0-Coated-Double-Convex-DCX-Lenses (2).xlsx,EO_2538,74,cb466b524f464c7ffdace4dc1ea14ba24469dc445b22a90800d1bdd5d0901a4f,2026-08-12T16:25:48.722572+00:00
Edmund Optics,63-623,TS 両凸レンズ 30 x 120 VIS 0°,double_convex,30.0,29.0,120.0,118.34,VIS 0° (425-675nm),425.0,675.0,587.6,1,123.17,-123.17,,N-BK7,,5.0,,VIS-0-Coated-Double-Convex-DCX-Lenses (2).xlsx,EO_2538,75,cb466b524f464c7ffdace4dc1ea14ba24469dc445b22a90800d1bdd5d0901a4f,2026-08-12T16:25:48.722572+00:00
Edmund Optics,63-624,TS 両凸レンズ 40 x 40 VIS 0°,double_convex,40.0,39.0,40.0,37.54,VIS 0° (425-675nm),425.0,675.0,587.6,1,60.85,-60.85,,N-SF11,,8.5,,VIS-0-Coated-Double-Convex-DCX-Lenses (2).xlsx,EO_2538,76,cb466b524f464c7ffdace4dc1ea14ba24469dc445b22a90800d1bdd5d0901a4f,2026-08-12T16:25:48.722572+00:00
Edmund Optics,63-625,TS 両凸レンズ 40 x 120 VIS 0°,double_convex,40.0,39.0,120.0,117.67,VIS 0° (425-675nm),425.0,675.0,587.6,1,122.83,-122.83,,N-BK7,,7.0,,VIS-0-Coated-Double-Convex-DCX-Lenses (2).xlsx,EO_2538,80,cb466b524f464c7ffdace4dc1ea14ba24469dc445b22a90800d1bdd5d0901a4f,2026-08-12T16:25:48.722572+00:00
Edmund Optics,63-702,TS アクロマティックレンズ 4 x 6 VIS 0°,achromatic_doublet,4.0,3.6,6.0,3.92,VIS 0° (425-675nm),425.0,675.0,587.6,1,4.24,-2.6,-18.9,N-BAF10,N-SF10,2.8,1.0,VIS-0-Coated-Achromatic-Lenses (2).xlsx,EO_2684,9,9a52c3d44bd8ad4b44aecf8b4789df8e28d48871c6358bd835e9df86c0847f5b,2026-08-12T16:25:48.722572+00:00
Edmund Optics,63-703,TS アクロマティックレンズ 4 x 10 VIS 0°,achromatic_doublet,4.0,3.6,10.0,8.4,VIS 0° (425-675nm),425.0,675.0,587.6,1,7.12,-4.22,-33.66,N-BAF10,N-SF10,2.0,1.0,VIS-0-Coated-Achromatic-Lenses (2).xlsx,EO_2684,11,9a52c3d44bd8ad4b44aecf8b4789df8e28d48871c6358bd835e9df86c0847f5b,2026-08-12T16:25:48.722572+00:00
Edmund Optics,63-704,TS アクロマティックレンズ 4 x 12 VIS 0°,achromatic_doublet,4.0,3.6,12.0,10.7,VIS 0° (425-675nm),425.0,675.0,587.6,1,7.35,-5.09,-14.6,N-BK7,N-SF5,1.8,1.0,VIS-0-Coated-Achromatic-Lenses (2).xlsx,EO_2684,12,9a52c3d44bd8ad4b44aecf8b4789df8e28d48871c6358bd835e9df86c0847f5b,2026-08-12T16:25:48.722572+00:00
Edmund Optics,63-705,TS アクロマティックレンズ 10 x 15 VIS 0°,achromatic_doublet,10.0,9.0,15.0,10.66,VIS 0° (425-675nm),425.0,675.0,587.6,1,10.04,-7.0,-80.71,N-BAF10,N-SF10,5.5,2.0,VIS-0-Coated-Achromatic-Lenses (2).xlsx,EO_2684,40,9a52c3d44bd8ad4b44aecf8b4789df8e28d48871c6358bd835e9df86c0847f5b,2026-08-12T16:25:48.722572+00:00
Edmund Optics,63-706,TS アクロマティックレンズ 10 x 20 VIS 0°,achromatic_doublet,10.0,9.0,20.0,17.24,VIS 0° (425-675nm),425.0,675.0,587.6,1,14.15,-8.38,-71.22,N-BAF10,N-SF10,4.0,1.0,VIS-0-Coated-Achromatic-Lenses (2).xlsx,EO_2684,41,9a52c3d44bd8ad4b44aecf8b4789df8e28d48871c6358bd835e9df86c0847f5b,2026-08-12T16:25:48.722572+00:00
Edmund Optics,63-707,TS アクロマティックレンズ 10 x 25 VIS 0°,achromatic_doublet,10.0,9.0,25.0,22.6,VIS 0° (425-675nm),425.0,675.0,587.6,1,15.37,-11.1,-31.47,N-BK7,N-SF5,3.5,1.5,VIS-0-Coated-Achromatic-Lenses (2).xlsx,EO_2684,42,9a52c3d44bd8ad4b44aecf8b4789df8e28d48871c6358bd835e9df86c0847f5b,2026-08-12T16:25:48.722572+00:00
Edmund Optics,63-708,TS アクロマティックレンズ 10 x 30 VIS 0°,achromatic_doublet,10.0,9.0,30.0,27.47,VIS 0° (425-675nm),425.0,675.0,587.6,1,18.58,-13.17,-37.11,N-BK7,N-SF5,3.5,2.0,VIS-0-Coated-Achromatic-Lenses (2).xlsx,EO_2684,43,9a52c3d44bd8ad4b44aecf8b4789df8e28d48871c6358bd835e9df86c0847f5b,2026-08-12T16:25:48.722572+00:00
Edmund Optics,63-709,TS アクロマティックレンズ 10 x 40 VIS 0°,achromatic_doublet,10.0,9.0,40.0,37.79,VIS 0° (425-675nm),425.0,675.0,587.6,1,23.66,-18.11,-55.78,N-BK7,N-SF5,3.0,1.5,VIS-0-Coated-Achromatic-Lenses (2).xlsx,EO_2684,44,9a52c3d44bd8ad4b44aecf8b4789df8e28d48871c6358bd835e9df86c0847f5b,2026-08-12T16:25:48.722572+00:00
Edmund Optics,63-710,TS アクロマティックレンズ 10 x 50 VIS 0°,achromatic_doublet,10.0,9.0,50.0,47.45,VIS 0° (425-675nm),425.0,675.0,587.6,1,26.22,-23.95,-97.55,N-BK7,N-SF5,3.0,1.5,VIS-0-Coated-Achromatic-Lenses (2).xlsx,EO_2684,45,9a52c3d44bd8ad4b44aecf8b4789df8e28d48871c6358bd835e9df86c0847f5b,2026-08-12T16:25:48.722572+00:00
Edmund Optics,63-711,TS アクロマティックレンズ 10 x 100 VIS 0°,achromatic_doublet,10.0,9.0,100.0,98.16,VIS 0° (425-675nm),425.0,675.0,587.6,1,60.99,-43.74,-130.98,N-BK7,N-SF5,2.5,1.5,VIS-0-Coated-Achromatic-Lenses (2).xlsx,EO_2684,46,9a52c3d44bd8ad4b44aecf8b4789df8e28d48871c6358bd835e9df86c0847f5b,2026-08-12T16:25:48.722572+00:00
Edmund Optics,63-712,TS アクロマティックレンズ 12.5 x 15 VIS 0°,achromatic_doublet,12.5,11.5,15.0,10.82,VIS 0° (425-675nm),425.0,675.0,587.6,1,9.55,-8.6,-48.5,N-LAK22,N-SF6,6.0,1.0,VIS-0-Coated-Achromatic-Lenses (2).xlsx,EO_2684,47,9a52c3d44bd8ad4b44aecf8b4789df8e28d48871c6358bd835e9df86c0847f5b,2026-08-12T16:25:48.722572+00:00
Edmund Optics,63-713,TS アクロマティックレンズ 40 x 100 VIS 0°,achromatic_doublet,40.0,39.0,100.0,91.24,VIS 0° (425-675nm),425.0,675.0,587.6,1,46.73,-50.61,-341.7,N-BK7,N-SF5,10.0,3.0,VIS-0-Coated-Achromatic-Lenses (2).xlsx,EO_2684,132,9a52c3d44bd8ad4b44aecf8b4789df8e28d48871c6358bd835e9df86c0847f5b,2026-08-12T16:25:48.722572+00:00
Edmund Optics,63-817,TS 合成石英製両凸レンズ 6 x 6 VIS-NIR,double_convex,6.0,5.4,6.0,4.38,VIS-NIR (400-1000nm),400.0,1000.0,587.6,1,4.76,-4.76,,Fused Silica (Corning 7980),,4.1,,UV-Fused-Silica-Double-Convex-DCX-Lenses.xlsx,EO_2028,7,2f0c00e1f3686328cdd7bced2b271ab6acc9152f804f974a74f15c4383f7a188,2026-08-12T16:25:48.722572+00:00
Edmund Optics,63-818,TS 合成石英製両凸レンズ 6 x 9 VIS-NIR,double_convex,6.0,5.4,9.0,8.02,VIS-NIR (400-1000nm),400.0,1000.0,587.6,1,7.8,-7.8,,Fused Silica (Corning 7980),,2.7,,UV-Fused-Silica-Double-Convex-DCX-Lenses.xlsx,EO_2028,14,2f0c00e1f3686328cdd7bced2b271ab6acc9152f804f974a74f15c4383f7a188,2026-08-12T16:25:48.722572+00:00
Edmund Optics,63-819,TS 合成石英製両凸レンズ 6 x 12 VIS-NIR,double_convex,6.0,5.4,12.0,11.23,VIS-NIR (400-1000nm),400.0,1000.0,587.6,1,10.65,-10.65,,Fused Silica (Corning 7980),,2.2,,UV-Fused-Silica-Double-Convex-DCX-Lenses.xlsx,EO_2028,20,2f0c00e1f3686328cdd7bced2b271ab6acc9152f804f974a74f15c4383f7a188,2026-08-12T16:25:48.722572+00:00
Edmund Optics,63-820,TS 合成石英製両凸レンズ 6 x 18 VIS-NIR,double_convex,6.0,5.4,18.0,17.3,VIS-NIR (400-1000nm),400.0,1000.0,587.6,1,16.18,-16.18,,Fused Silica (Corning 7980),,2.0,,UV-Fused-Silica-Double-Convex-DCX-Lenses.xlsx,EO_2028,27,2f0c00e1f3686328cdd7bced2b271ab6acc9152f804f974a74f15c4383f7a188,2026-08-12T16:25:48.722572+00:00
Edmund Optics,63-821,TS 合成石英製両凸レンズ 6 x 24 VIS-NIR,double_convex,6.0,5.4,24.0,23.31,VIS-NIR (400-1000nm),400.0,1000.0,587.6,1,21.69,-21.69,,Fused Silica (Corning 7980),,2.0,,UV-Fused-Silica-Double-Convex-DCX-Lenses.xlsx,EO_2028,32,2f0c00e1f3686328cdd7bced2b271ab6acc9152f804f974a74f15c4383f7a188,2026-08-12T16:25:48.722572+00:00
Edmund Optics,63-822,TS 合成石英製両凸レンズ 9 x 9 VIS-NIR,double_convex,9.0,8.1,9.0,7.12,VIS-NIR (400-1000nm),400.0,1000.0,587.6,1,7.39,-7.39,,Fused Silica (Corning 7980),,4.9,,UV-Fused-Silica-Double-Convex-DCX-Lenses.xlsx,EO_2028,38,2f0c00e1f3686328cdd7bced2b271ab6acc9152f804f974a74f15c4383f7a188,2026-08-12T16:25:48.722572+00:00
Edmund Optics,63-823,TS 合成石英製両凸レンズ 9 x 13.5 VIS-NIR,double_convex,9.0,8.1,13.5,12.32,VIS-NIR (400-1000nm),400.0,1000.0,587.6,1,11.84,-11.84,,Fused Silica (Corning 7980),,3.3,,UV-Fused-Silica-Double-Convex-DCX-Lenses.xlsx,EO_2028,46,2f0c00e1f3686328cdd7bced2b271ab6acc9152f804f974a74f15c4383f7a188,2026-08-12T16:25:48.722572+00:00
Edmund Optics,63-824,TS 合成石英製両凸レンズ 9 x 18 VIS-NIR,double_convex,9.0,8.1,18.0,17.09,VIS-NIR (400-1000nm),400.0,1000.0,587.6,1,16.09,-16.09,,Fused Silica (Corning 7980),,2.6,,UV-Fused-Silica-Double-Convex-DCX-Lenses.xlsx,EO_2028,54,2f0c00e1f3686328cdd7bced2b271ab6acc9152f804f974a74f15c4383f7a188,2026-08-12T16:25:48.722572+00:00
Edmund Optics,63-825,TS 合成石英製両凸レンズ 9 x 27 VIS-NIR,double_convex,9.0,8.1,27.0,26.13,VIS-NIR (400-1000nm),400.0,1000.0,587.6,1,24.36,-24.36,,Fused Silica (Corning 7980),,2.5,,UV-Fused-Silica-Double-Convex-DCX-Lenses.xlsx,EO_2028,62,2f0c00e1f3686328cdd7bced2b271ab6acc9152f804f974a74f15c4383f7a188,2026-08-12T16:25:48.722572+00:00
Edmund Optics,63-826,TS 合成石英製両凸レンズ 9 x 36 VIS-NIR,double_convex,9.0,8.1,36.0,35.31,VIS-NIR (400-1000nm),400.0,1000.0,587.6,1,32.69,-32.69,,Fused Silica (Corning 7980),,2.0,,UV-Fused-Silica-Double-Convex-DCX-Lenses.xlsx,EO_2028,69,2f0c00e1f3686328cdd7bced2b271ab6acc9152f804f974a74f15c4383f7a188,2026-08-12T16:25:48.722572+00:00
Edmund Optics,63-827,TS 合成石英製両凸レンズ 12 x 12 VIS-NIR,double_convex,12.0,11.0,12.0,9.25,VIS-NIR (400-1000nm),400.0,1000.0,587.6,1,9.74,-9.74,,Fused Silica (Corning 7980),,7.09,,UV-Fused-Silica-Double-Convex-DCX-Lenses.xlsx,EO_2028,75,2f0c00e1f3686328cdd7bced2b271ab6acc9152f804f974a74f15c4383f7a188,2026-08-12T16:25:48.722572+00:00
Edmund Optics,63-828,TS 合成石英製両凸レンズ 12 x 15 VIS-NIR,double_convex,12.0,11.0,15.0,13.37,VIS-NIR (400-1000nm),400.0,1000.0,587.6,1,13.01,-13.01,,Fused Silica (Corning 7980),,4.5,,UV-Fused-Silica-Double-Convex-DCX-Lenses.xlsx,EO_2028,83,2f0c00e1f3686328cdd7bced2b271ab6acc9152f804f974a74f15c4383f7a188,2026-08-12T16:25:48.722572+00:00
Edmund Optics,63-829,TS 合成石英製両凸レンズ 12 x 20 VIS-NIR,double_convex,12.0,11.0,20.0,18.44,VIS-NIR (400-1000nm),400.0,1000.0,587.6,1,17.63,-17.63,,Fused Silica (Corning 7980),,4.37,,UV-Fused-Silica-Double-Convex-DCX-Lenses.xlsx,EO_2028,91,2f0c00e1f3686328cdd7bced2b271ab6acc9152f804f974a74f15c4383f7a188,2026-08-12T16:25:48.722572+00:00
Edmund Optics,63-830,TS 合成石英製両凸レンズ 12 x 24 VIS-NIR,double_convex,12.0,11.0,24.0,22.92,VIS-NIR (400-1000nm),400.0,1000.0,587.6,1,21.51,-21.51,,Fused Silica (Corning 7980),,3.1,,UV-Fused-Silica-Double-Convex-DCX-Lenses.xlsx,EO_2028,99,2f0c00e1f3686328cdd7bced2b271ab6acc9152f804f974a74f15c4383f7a188,2026-08-12T16:25:48.722572+00:00
Edmund Optics,63-831,TS 合成石英製両凸レンズ 12 x 30 VIS-NIR,double_convex,12.0,11.0,30.0,28.77,VIS-NIR (400-1000nm),400.0,1000.0,587.6,1,26.94,-26.94,,Fused Silica (Corning 7980),,3.52,,UV-Fused-Silica-Double-Convex-DCX-Lenses.xlsx,EO_2028,107,2f0c00e1f3686328cdd7bced2b271ab6acc9152f804f974a74f15c4383f7a188,2026-08-12T16:25:48.722572+00:00
Edmund Optics,63-832,TS 合成石英製両凸レンズ 12 x 35 VIS-NIR,double_convex,12.0,11.0,35.0,33.85,VIS-NIR (400-1000nm),400.0,1000.0,587.6,1,31.57,-31.57,,Fused Silica (Corning 7980),,3.29,,UV-Fused-Silica-Double-Convex-DCX-Lenses.xlsx,EO_2028,115,2f0c00e1f3686328cdd7bced2b271ab6acc9152f804f974a74f15c4383f7a188,2026-08-12T16:25:48.722572+00:00
Edmund Optics,63-833,TS 合成石英製両凸レンズ 12 x 45 VIS-NIR,double_convex,12.0,11.0,45.0,43.96,VIS-NIR (400-1000nm),400.0,1000.0,587.6,1,40.79,-40.79,,Fused Silica (Corning 7980),,2.99,,UV-Fused-Silica-Double-Convex-DCX-Lenses.xlsx,EO_2028,122,2f0c00e1f3686328cdd7bced2b271ab6acc9152f804f974a74f15c4383f7a188,2026-08-12T16:25:48.722572+00:00
Edmund Optics,63-834,TS 合成石英製両凸レンズ 12 x 75 VIS-NIR,double_convex,12.0,11.0,75.0,74.11,VIS-NIR (400-1000nm),400.0,1000.0,587.6,1,68.36,-68.36,,Fused Silica (Corning 7980),,2.59,,UV-Fused-Silica-Double-Convex-DCX-Lenses.xlsx,EO_2028,128,2f0c00e1f3686328cdd7bced2b271ab6acc9152f804f974a74f15c4383f7a188,2026-08-12T16:25:48.722572+00:00
Edmund Optics,63-835,TS 合成石英製両凸レンズ 18 x 20 VIS-NIR,double_convex,18.0,17.0,20.0,17.18,VIS-NIR (400-1000nm),400.0,1000.0,587.6,1,17.05,-17.05,,Fused Silica (Corning 7980),,7.64,,UV-Fused-Silica-Double-Convex-DCX-Lenses.xlsx,EO_2028,136,2f0c00e1f3686328cdd7bced2b271ab6acc9152f804f974a74f15c4383f7a188,2026-08-12T16:25:48.722572+00:00
Edmund Optics,63-836,TS 合成石英製両凸レンズ 18 x 40 VIS-NIR,double_convex,18.0,17.0,40.0,38.5,VIS-NIR (400-1000nm),400.0,1000.0,587.6,1,35.99,-35.99,,Fused Silica (Corning 7980),,4.29,,UV-Fused-Silica-Double-Convex-DCX-Lenses.xlsx,EO_2028,144,2f0c00e1f3686328cdd7bced2b271ab6acc9152f804f974a74f15c4383f7a188,2026-08-12T16:25:48.722572+00:00
Edmund Optics,63-837,TS 合成石英製両凸レンズ 25 x 25 VIS-NIR,double_convex,25.0,24.0,25.0,20.93,VIS-NIR (400-1000nm),400.0,1000.0,587.6,1,21.06,-21.06,,Fused Silica (Corning 7980),,10.9,,UV-Fused-Silica-Double-Convex-DCX-Lenses.xlsx,EO_2028,152,2f0c00e1f3686328cdd7bced2b271ab6acc9152f804f974a74f15c4383f7a188,2026-08-12T16:25:48.722572+00:00
Edmund Optics,63-838,TS 合成石英製両凸レンズ 25 x 50 VIS-NIR,double_convex,25.0,24.0,50.0,48.02,VIS-NIR (400-1000nm),400.0,1000.0,587.6,1,44.94,-44.94,,Fused Silica (Corning 7980),,5.66,,UV-Fused-Silica-Double-Convex-DCX-Lenses.xlsx,EO_2028,160,2f0c00e1f3686328cdd7bced2b271ab6acc9152f804f974a74f15c4383f7a188,2026-08-12T16:25:48.722572+00:00
Edmund Optics,63-839,TS 合成石英製両凸レンズ 25 x 60 VIS-NIR,double_convex,25.0,24.0,60.0,58.08,VIS-NIR (400-1000nm),400.0,1000.0,587.6,1,54.14,-54.14,,Fused Silica (Corning 7980),,5.52,,UV-Fused-Silica-Double-Convex-DCX-Lenses.xlsx,EO_2028,168,2f0c00e1f3686328cdd7bced2b271ab6acc9152f804f974a74f15c4383f7a188,2026-08-12T16:25:48.722572+00:00
Edmund Optics,63-840,TS 合成石英製両凸レンズ 25 x 75.6 VIS-NIR,double_convex,25.0,24.0,75.6,73.91,VIS-NIR (400-1000nm),400.0,1000.0,587.6,1,68.55,-68.55,,Fused Silica (Corning 7980),,4.87,,UV-Fused-Silica-Double-Convex-DCX-Lenses.xlsx,EO_2028,176,2f0c00e1f3686328cdd7bced2b271ab6acc9152f804f974a74f15c4383f7a188,2026-08-12T16:25:48.722572+00:00
Edmund Optics,63-841,TS 合成石英製両凸レンズ 25 x 100 VIS-NIR,double_convex,25.0,24.0,100.0,98.7,VIS-NIR (400-1000nm),400.0,1000.0,587.6,1,91.09,-91.09,,Fused Silica (Corning 7980),,3.78,,UV-Fused-Silica-Double-Convex-DCX-Lenses.xlsx,EO_2028,184,2f0c00e1f3686328cdd7bced2b271ab6acc9152f804f974a74f15c4383f7a188,2026-08-12T16:25:48.722572+00:00
Edmund Optics,63-842,TS 合成石英製両凸レンズ 25 x 125 VIS-NIR,double_convex,25.0,24.0,125.0,123.82,VIS-NIR (400-1000nm),400.0,1000.0,587.6,1,114.08,-114.08,,Fused Silica (Corning 7980),,3.42,,UV-Fused-Silica-Double-Convex-DCX-Lenses.xlsx,EO_2028,191,2f0c00e1f3686328cdd7bced2b271ab6acc9152f804f974a74f15c4383f7a188,2026-08-12T16:25:48.722572+00:00
Edmund Optics,63-843,TS 合成石英製両凸レンズ 25 x 150 VIS-NIR,double_convex,25.0,24.0,150.0,148.37,VIS-NIR (400-1000nm),400.0,1000.0,587.6,1,136.96,-136.96,,Fused Silica (Corning 7980),,3.68,,UV-Fused-Silica-Double-Convex-DCX-Lenses.xlsx,EO_2028,196,2f0c00e1f3686328cdd7bced2b271ab6acc9152f804f974a74f15c4383f7a188,2026-08-12T16:25:48.722572+00:00
Edmund Optics,63-844,TS 合成石英製両凸レンズ 25 x 200 VIS-NIR,double_convex,25.0,24.0,200.0,198.84,VIS-NIR (400-1000nm),400.0,1000.0,587.6,1,182.85,-182.85,,Fused Silica (Corning 7980),,3.38,,UV-Fused-Silica-Double-Convex-DCX-Lenses.xlsx,EO_2028,201,2f0c00e1f3686328cdd7bced2b271ab6acc9152f804f974a74f15c4383f7a188,2026-08-12T16:25:48.722572+00:00
Edmund Optics,63-845,TS 合成石英製両凸レンズ 25 x 250 VIS-NIR,double_convex,25.0,24.0,250.0,248.9,VIS-NIR (400-1000nm),400.0,1000.0,587.6,1,228.73,-228.73,,Fused Silica (Corning 7980),,3.21,,UV-Fused-Silica-Double-Convex-DCX-Lenses.xlsx,EO_2028,206,2f0c00e1f3686328cdd7bced2b271ab6acc9152f804f974a74f15c4383f7a188,2026-08-12T16:25:48.722572+00:00
Edmund Optics,63-846,TS 合成石英製両凸レンズ 25 x 300 VIS-NIR,double_convex,25.0,24.0,300.0,298.94,VIS-NIR (400-1000nm),400.0,1000.0,587.6,1,274.6,-274.6,,Fused Silica (Corning 7980),,3.09,,UV-Fused-Silica-Double-Convex-DCX-Lenses.xlsx,EO_2028,211,2f0c00e1f3686328cdd7bced2b271ab6acc9152f804f974a74f15c4383f7a188,2026-08-12T16:25:48.722572+00:00
Edmund Optics,63-847,TS 合成石英製両凸レンズ 25 x 500 VIS-NIR,double_convex,25.0,24.0,500.0,498.85,VIS-NIR (400-1000nm),400.0,1000.0,587.6,1,457.93,-457.93,,Fused Silica (Corning 7980),,3.35,,UV-Fused-Silica-Double-Convex-DCX-Lenses.xlsx,EO_2028,216,2f0c00e1f3686328cdd7bced2b271ab6acc9152f804f974a74f15c4383f7a188,2026-08-12T16:25:48.722572+00:00
Edmund Optics,65-273,TS 平凸レンズ 1 x 0.6 VIS 0°,plano_convex,1.0,0.5,0.6,0.17,VIS 0° (425-675nm),425.0,675.0,,1,0.51,,,N-LASF9,,0.8,,VIS-0-Coated-Plano-Convex-PCX-Lenses (2).xlsx,EO_2537,2,0497fb07d22d8e1d9c87c6088d733ef8f25480109b030c1d1dbeeb0198553764,2026-08-12T16:25:48.722572+00:00
Edmund Optics,65-274,TS 平凸レンズ 1 x 1 VIS 0°,plano_convex,1.0,0.5,1.0,0.57,VIS 0° (425-675nm),425.0,675.0,,1,0.85,,,N-LASF9,,0.8,,VIS-0-Coated-Plano-Convex-PCX-Lenses (2).xlsx,EO_2537,3,0497fb07d22d8e1d9c87c6088d733ef8f25480109b030c1d1dbeeb0198553764,2026-08-12T16:25:48.722572+00:00
Edmund Optics,65-275,TS 平凸レンズ 1 x 1.5 VIS 0°,plano_convex,1.0,0.5,1.5,1.07,VIS 0° (425-675nm),425.0,675.0,,1,1.28,,,N-LASF9,,0.8,,VIS-0-Coated-Plano-Convex-PCX-Lenses (2).xlsx,EO_2537,4,0497fb07d22d8e1d9c87c6088d733ef8f25480109b030c1d1dbeeb0198553764,2026-08-12T16:25:48.722572+00:00
Edmund Optics,65-276,TS 平凸レンズ 1 x 2 VIS 0°,plano_convex,1.0,0.5,2.0,1.57,VIS 0° (425-675nm),425.0,675.0,,1,1.7,,,N-LASF9,,0.8,,VIS-0-Coated-Plano-Convex-PCX-Lenses (2).xlsx,EO_2537,5,0497fb07d22d8e1d9c87c6088d733ef8f25480109b030c1d1dbeeb0198553764,2026-08-12T16:25:48.722572+00:00
Edmund Optics,65-277,TS 平凸レンズ 1.5 x 1 VIS 0°,plano_convex,1.5,1.0,1.0,0.57,VIS 0° (425-675nm),425.0,675.0,,1,0.85,,,N-LASF9,,0.8,,VIS-0-Coated-Plano-Convex-PCX-Lenses (2).xlsx,EO_2537,6,0497fb07d22d8e1d9c87c6088d733ef8f25480109b030c1d1dbeeb0198553764,2026-08-12T16:25:48.722572+00:00
Edmund Optics,65-278,TS 平凸レンズ 1.5 x 1.5 VIS 0°,plano_convex,1.5,1.0,1.5,1.07,VIS 0° (425-675nm),425.0,675.0,,1,1.28,,,N-LASF9,,0.8,,VIS-0-Coated-Plano-Convex-PCX-Lenses (2).xlsx,EO_2537,7,0497fb07d22d8e1d9c87c6088d733ef8f25480109b030c1d1dbeeb0198553764,2026-08-12T16:25:48.722572+00:00
Edmund Optics,65-279,TS 平凸レンズ 1.5 x 2 VIS 0°,plano_convex,1.5,1.0,2.0,1.57,VIS 0° (425-675nm),425.0,675.0,,1,1.7,,,N-LASF9,,0.8,,VIS-0-Coated-Plano-Convex-PCX-Lenses (2).xlsx,EO_2537,8,0497fb07d22d8e1d9c87c6088d733ef8f25480109b030c1d1dbeeb0198553764,2026-08-12T16:25:48.722572+00:00
Edmund Optics,65-280,TS 平凸レンズ 2 x 1.5 VIS 0°,plano_convex,2.0,1.5,1.5,1.07,VIS 0° (425-675nm),425.0,675.0,,1,1.28,,,N-LASF9,,0.8,,VIS-0-Coated-Plano-Convex-PCX-Lenses (2).xlsx,EO_2537,9,0497fb07d22d8e1d9c87c6088d733ef8f25480109b030c1d1dbeeb0198553764,2026-08-12T16:25:48.722572+00:00
Edmund Optics,65-281,TS 平凸レンズ 2 x 2 VIS 0°,plano_convex,2.0,1.5,2.0,1.57,VIS 0° (425-675nm),425.0,675.0,,1,1.7,,,N-LASF9,,0.8,,VIS-0-Coated-Plano-Convex-PCX-Lenses (2).xlsx,EO_2537,10,0497fb07d22d8e1d9c87c6088d733ef8f25480109b030c1d1dbeeb0198553764,2026-08-12T16:25:48.722572+00:00
Edmund Optics,65-282,TS 平凸レンズ 2 x 3 VIS 0°,plano_convex,2.0,1.5,3.0,2.57,VIS 0° (425-675nm),425.0,675.0,,1,2.55,,,N-LASF9,,0.8,,VIS-0-Coated-Plano-Convex-PCX-Lenses (2).xlsx,EO_2537,11,0497fb07d22d8e1d9c87c6088d733ef8f25480109b030c1d1dbeeb0198553764,2026-08-12T16:25:48.722572+00:00
Edmund Optics,65-283,TS 平凸レンズ 2 x 4 VIS 0°,plano_convex,2.0,1.5,4.0,3.57,VIS 0° (425-675nm),425.0,675.0,,1,3.4,,,N-LASF9,,0.8,,VIS-0-Coated-Plano-Convex-PCX-Lenses (2).xlsx,EO_2537,12,0497fb07d22d8e1d9c87c6088d733ef8f25480109b030c1d1dbeeb0198553764,2026-08-12T16:25:48.722572+00:00
Edmund Optics,65-284,TS 平凸レンズ 2.5 x 2 VIS 0°,plano_convex,2.5,2.0,2.0,1.57,VIS 0° (425-675nm),425.0,675.0,,1,1.7,,,N-LASF9,,0.8,,VIS-0-Coated-Plano-Convex-PCX-Lenses (2).xlsx,EO_2537,13,0497fb07d22d8e1d9c87c6088d733ef8f25480109b030c1d1dbeeb0198553764,2026-08-12T16:25:48.722572+00:00
Edmund Optics,65-285,TS 平凸レンズ 2.5 x 2.5 VIS 0°,plano_convex,2.5,2.0,2.5,2.05,VIS 0° (425-675nm),425.0,675.0,,1,2.12,,,N-LASF9,,0.8,,VIS-0-Coated-Plano-Convex-PCX-Lenses (2).xlsx,EO_2537,14,0497fb07d22d8e1d9c87c6088d733ef8f25480109b030c1d1dbeeb0198553764,2026-08-12T16:25:48.722572+00:00
Edmund Optics,65-286,TS 平凸レンズ 2.5 x 3 VIS 0°,plano_convex,2.5,2.0,3.0,2.57,VIS 0° (425-675nm),425.0,675.0,,1,2.55,,,N-LASF9,,0.8,,VIS-0-Coated-Plano-Convex-PCX-Lenses (2).xlsx,EO_2537,15,0497fb07d22d8e1d9c87c6088d733ef8f25480109b030c1d1dbeeb0198553764,2026-08-12T16:25:48.722572+00:00
Edmund Optics,65-287,TS 平凸レンズ 2.5 x 4 VIS 0°,plano_convex,2.5,2.0,4.0,3.57,VIS 0° (425-675nm),425.0,675.0,,1,3.4,,,N-LASF9,,0.8,,VIS-0-Coated-Plano-Convex-PCX-Lenses (2).xlsx,EO_2537,16,0497fb07d22d8e1d9c87c6088d733ef8f25480109b030c1d1dbeeb0198553764,2026-08-12T16:25:48.722572+00:00
Edmund Optics,65-288,TS 平凸レンズ 2.5 x 5 VIS 0°,plano_convex,2.5,2.0,5.0,4.57,VIS 0° (425-675nm),425.0,675.0,,1,4.25,,,N-LASF9,,0.8,,VIS-0-Coated-Plano-Convex-PCX-Lenses (2).xlsx,EO_2537,17,0497fb07d22d8e1d9c87c6088d733ef8f25480109b030c1d1dbeeb0198553764,2026-08-12T16:25:48.722572+00:00
Edmund Optics,67-162,TS 平凸レンズ 6 x 60 VIS 0°,plano_convex,6.0,5.4,60.0,58.95,VIS 0° (425-675nm),425.0,675.0,,1,31.01,,,N-BK7,,1.6,,VIS-0-Coated-Plano-Convex-PCX-Lenses (2).xlsx,EO_2537,54,0497fb07d22d8e1d9c87c6088d733ef8f25480109b030c1d1dbeeb0198553764,2026-08-12T16:25:48.722572+00:00
Edmund Optics,67-163,TS 平凸レンズ 9 x 54 VIS 0°,plano_convex,9.0,8.1,54.0,52.69,VIS 0° (425-675nm),425.0,675.0,,1,27.91,,,N-BK7,,2.0,,VIS-0-Coated-Plano-Convex-PCX-Lenses (2).xlsx,EO_2537,74,0497fb07d22d8e1d9c87c6088d733ef8f25480109b030c1d1dbeeb0198553764,2026-08-12T16:25:48.722572+00:00
Edmund Optics,67-164,TS 平凸レンズ 9 x 72 VIS 0°,plano_convex,9.0,8.1,72.0,70.68,VIS 0° (425-675nm),425.0,675.0,,1,37.21,,,N-BK7,,2.0,,VIS-0-Coated-Plano-Convex-PCX-Lenses (2).xlsx,EO_2537,75,0497fb07d22d8e1d9c87c6088d733ef8f25480109b030c1d1dbeeb0198553764,2026-08-12T16:25:48.722572+00:00
Edmund Optics,67-165,TS 平凸レンズ 9 x 90 VIS 0°,plano_convex,9.0,8.1,90.0,88.68,VIS 0° (425-675nm),425.0,675.0,,1,46.51,,,N-BK7,,2.0,,VIS-0-Coated-Plano-Convex-PCX-Lenses (2).xlsx,EO_2537,76,0497fb07d22d8e1d9c87c6088d733ef8f25480109b030c1d1dbeeb0198553764,2026-08-12T16:25:48.722572+00:00
Edmund Optics,67-166,TS 平凸レンズ 25 x 250 VIS 0°,plano_convex,25.0,24.0,250.0,248.02,VIS 0° (425-675nm),425.0,675.0,,1,129.2,,,N-BK7,,3.0,,VIS-0-Coated-Plano-Convex-PCX-Lenses (2).xlsx,EO_2537,176,0497fb07d22d8e1d9c87c6088d733ef8f25480109b030c1d1dbeeb0198553764,2026-08-12T16:25:48.722572+00:00
Edmund Optics,67-167,TS 平凸レンズ 25 x 300 VIS 0°,plano_convex,25.0,24.0,300.0,298.02,VIS 0° (425-675nm),425.0,675.0,,1,155.04,,,N-BK7,,3.0,,VIS-0-Coated-Plano-Convex-PCX-Lenses (2).xlsx,EO_2537,177,0497fb07d22d8e1d9c87c6088d733ef8f25480109b030c1d1dbeeb0198553764,2026-08-12T16:25:48.722572+00:00
Edmund Optics,67-168,TS 平凸レンズ 30 x 40 VIS 0°,plano_convex,30.0,29.0,40.0,37.2,VIS 0° (425-675nm),425.0,675.0,,1,31.39,,,N-SF11,,5.0,,VIS-0-Coated-Plano-Convex-PCX-Lenses (2).xlsx,EO_2537,195,0497fb07d22d8e1d9c87c6088d733ef8f25480109b030c1d1dbeeb0198553764,2026-08-12T16:25:48.722572+00:00
Edmund Optics,67-233,TS 合成石英製平凸レンズ 50 x 75 VIS 0°,plano_convex,50.0,49.0,75.0,66.43,VIS 0° (425-675nm),425.0,675.0,,1,34.39,,,Fused Silica (Corning 7980),,12.5,,UV-Fused-Silica-Plano-Convex-PCX-Lenses---VIS-0-Coated.xlsx,EO_4231,68,3548099bb884d8d2457e74014505d75cbb9e414ae64827523c48588ec7646988,2026-08-12T16:25:48.722572+00:00
Edmund Optics,67-234,TS 合成石英製平凸レンズ 50 x 100 VIS 0°,plano_convex,50.0,49.0,100.0,93.84,VIS 0° (425-675nm),425.0,675.0,,1,45.85,,,Fused Silica (Corning 7980),,9.0,,UV-Fused-Silica-Plano-Convex-PCX-Lenses---VIS-0-Coated.xlsx,EO_4231,69,3548099bb884d8d2457e74014505d75cbb9e414ae64827523c48588ec7646988,2026-08-12T16:25:48.722572+00:00
Edmund Optics,67-235,TS 合成石英製平凸レンズ 50 x 150 VIS 0°,plano_convex,50.0,49.0,150.0,145.2,VIS 0° (425-675nm),425.0,675.0,,1,68.77,,,Fused Silica (Corning 7980),,7.0,,UV-Fused-Silica-Plano-Convex-PCX-Lenses---VIS-0-Coated.xlsx,EO_4231,70,3548099bb884d8d2457e74014505d75cbb9e414ae64827523c48588ec7646988,2026-08-12T16:25:48.722572+00:00
Edmund Optics,67-236,TS 合成石英製平凸レンズ 50 x 200 VIS 0°,plano_convex,50.0,49.0,200.0,195.19,VIS 0° (425-675nm),425.0,675.0,,1,91.69,,,Fused Silica (Corning 7980),,7.0,,UV-Fused-Silica-Plano-Convex-PCX-Lenses---VIS-0-Coated.xlsx,EO_4231,71,3548099bb884d8d2457e74014505d75cbb9e414ae64827523c48588ec7646988,2026-08-12T16:25:48.722572+00:00
Edmund Optics,67-237,TS 合成石英製平凸レンズ 50 x 250 VIS 0°,plano_convex,50.0,49.0,250.0,245.21,VIS 0° (425-675nm),425.0,675.0,,1,114.62,,,Fused Silica (Corning 7980),,7.0,,UV-Fused-Silica-Plano-Convex-PCX-Lenses---VIS-0-Coated.xlsx,EO_4231,72,3548099bb884d8d2457e74014505d75cbb9e414ae64827523c48588ec7646988,2026-08-12T16:25:48.722572+00:00
Edmund Optics,67-331,TS アクロマティックレンズ 25 x 160 VIS 0°,achromatic_doublet,25.0,24.0,160.0,157.87,VIS 0° (425-675nm),425.0,675.0,587.6,1,107.2,-67.9,-179.23,N-BK7,N-SF5,3.0,2.5,VIS-0-Coated-Achromatic-Lenses (2).xlsx,EO_2684,105,9a52c3d44bd8ad4b44aecf8b4789df8e28d48871c6358bd835e9df86c0847f5b,2026-08-12T16:25:48.722572+00:00
Edmund Optics,67-332,TS アクロマティックレンズ 25 x 750 VIS 0°,achromatic_doublet,25.0,24.0,750.0,746.47,VIS 0° (425-675nm),425.0,675.0,587.6,0,,,,,,,,VIS-0-Coated-Achromatic-Lenses (2).xlsx,EO_2684,114,9a52c3d44bd8ad4b44aecf8b4789df8e28d48871c6358bd835e9df86c0847f5b,2026-08-12T16:25:48.722572+00:00
Edmund Optics,67-333,TS アクロマティックレンズ 40 x 750 VIS 0°,achromatic_doublet,40.0,39.0,750.0,744.37,VIS 0° (425-675nm),425.0,675.0,587.6,0,,,,,,,,VIS-0-Coated-Achromatic-Lenses (2).xlsx,EO_2684,141,9a52c3d44bd8ad4b44aecf8b4789df8e28d48871c6358bd835e9df86c0847f5b,2026-08-12T16:25:48.722572+00:00
Edmund Optics,69-922,TS アクロマティックレンズ 12.7 x 125 VIS 0°,achromatic_doublet,12.7,11.43,125.0,121.95,VIS 0° (425-675nm),425.0,675.0,587.6,1,76.92,-55.48,-162.59,N-BK7,N-SF5,4.5,2.0,VIS-0-Coated-Achromatic-Lenses (2).xlsx,EO_2684,69,9a52c3d44bd8ad4b44aecf8b4789df8e28d48871c6358bd835e9df86c0847f5b,2026-08-12T16:25:48.722572+00:00
Edmund Optics,71-091,TS 合成石英製平凹レンズ 6 x-9 UV-VIS,plano_concave,6.0,5.4,-9.0,-10.38,UV-VIS (250-700nm),250.0,700.0,587.6,1,-4.13,,,Fused Silica (Corning 7980),,2.0,,UV-Fused-Silica-Plano-Concave-PCV-Lenses.xlsx,EO_2029,6,6adea2b1f35062c021c9b77985a354ba2b355297d98073b41655aeafd2e3b895,2026-08-12T16:25:48.722572+00:00
Edmund Optics,71-092,TS 合成石英製平凹レンズ 6 x-12 UV-VIS,plano_concave,6.0,5.4,-12.0,-13.38,UV-VIS (250-700nm),250.0,700.0,587.6,1,-5.5,,,Fused Silica (Corning 7980),,2.0,,UV-Fused-Silica-Plano-Concave-PCV-Lenses.xlsx,EO_2029,8,6adea2b1f35062c021c9b77985a354ba2b355297d98073b41655aeafd2e3b895,2026-08-12T16:25:48.722572+00:00
Edmund Optics,71-093,TS 合成石英製平凹レンズ 6 x-18 UV-VIS,plano_concave,6.0,5.4,-18.0,-19.37,UV-VIS (250-700nm),250.0,700.0,587.6,1,-8.25,,,Fused Silica (Corning 7980),,2.0,,UV-Fused-Silica-Plano-Concave-PCV-Lenses.xlsx,EO_2029,10,6adea2b1f35062c021c9b77985a354ba2b355297d98073b41655aeafd2e3b895,2026-08-12T16:25:48.722572+00:00
Edmund Optics,71-094,TS 合成石英製平凹レンズ 9 x-13.5 UV-VIS,plano_concave,9.0,8.1,-13.5,-14.89,UV-VIS (250-700nm),250.0,700.0,587.6,1,-6.2,,,Fused Silica (Corning 7980),,2.0,,UV-Fused-Silica-Plano-Concave-PCV-Lenses.xlsx,EO_2029,14,6adea2b1f35062c021c9b77985a354ba2b355297d98073b41655aeafd2e3b895,2026-08-12T16:25:48.722572+00:00
Edmund Optics,71-095,TS 合成石英製平凹レンズ 9 x-18 UV-VIS,plano_concave,9.0,8.1,-18.0,-19.37,UV-VIS (250-700nm),250.0,700.0,587.6,1,-8.25,,,Fused Silica (Corning 7980),,2.0,,UV-Fused-Silica-Plano-Concave-PCV-Lenses.xlsx,EO_2029,15,6adea2b1f35062c021c9b77985a354ba2b355297d98073b41655aeafd2e3b895,2026-08-12T16:25:48.722572+00:00
Edmund Optics,71-096,TS 合成石英製平凹レンズ 9 x-27 UV-VIS,plano_concave,9.0,8.1,-27.0,-28.42,UV-VIS (250-700nm),250.0,700.0,587.6,1,-12.4,,,Fused Silica (Corning 7980),,2.0,,UV-Fused-Silica-Plano-Concave-PCV-Lenses.xlsx,EO_2029,21,6adea2b1f35062c021c9b77985a354ba2b355297d98073b41655aeafd2e3b895,2026-08-12T16:25:48.722572+00:00
Edmund Optics,71-097,TS 合成石英製平凹レンズ 12 x -25 UV-VIS,plano_concave,12.0,11.0,-25.0,-26.37,UV-VIS (250-700nm),250.0,700.0,587.6,1,-11.46,,,Fused Silica (Corning 7980),,2.0,,UV-Fused-Silica-Plano-Concave-PCV-Lenses.xlsx,EO_2029,32,6adea2b1f35062c021c9b77985a354ba2b355297d98073b41655aeafd2e3b895,2026-08-12T16:25:48.722572+00:00
Edmund Optics,71-098,TS 合成石英製平凹レンズ 12 x -30 UV-VIS,plano_concave,12.0,11.0,-30.0,-31.37,UV-VIS (250-700nm),250.0,700.0,587.6,1,-13.75,,,Fused Silica (Corning 7980),,2.0,,UV-Fused-Silica-Plano-Concave-PCV-Lenses.xlsx,EO_2029,34,6adea2b1f35062c021c9b77985a354ba2b355297d98073b41655aeafd2e3b895,2026-08-12T16:25:48.722572+00:00
Edmund Optics,71-099,TS 合成石英製平凹レンズ 12 x -40 UV-VIS,plano_concave,12.0,11.0,-40.0,-41.37,UV-VIS (250-700nm),250.0,700.0,587.6,1,-18.33,,,Fused Silica (Corning 7980),,2.0,,UV-Fused-Silica-Plano-Concave-PCV-Lenses.xlsx,EO_2029,36,6adea2b1f35062c021c9b77985a354ba2b355297d98073b41655aeafd2e3b895,2026-08-12T16:25:48.722572+00:00
Edmund Optics,71-100,TS 合成石英製平凹レンズ 12 x -50 UV-VIS,plano_concave,12.0,11.0,-50.0,-51.37,UV-VIS (250-700nm),250.0,700.0,587.6,1,-22.92,,,Fused Silica (Corning 7980),,2.0,,UV-Fused-Silica-Plano-Concave-PCV-Lenses.xlsx,EO_2029,38,6adea2b1f35062c021c9b77985a354ba2b355297d98073b41655aeafd2e3b895,2026-08-12T16:25:48.722572+00:00
Edmund Optics,71-101,TS 合成石英製平凹レンズ 12 x -100 UV-VIS,plano_concave,12.0,11.0,-100.0,-101.37,UV-VIS (250-700nm),250.0,700.0,587.6,1,-45.84,,,Fused Silica (Corning 7980),,2.0,,UV-Fused-Silica-Plano-Concave-PCV-Lenses.xlsx,EO_2029,40,6adea2b1f35062c021c9b77985a354ba2b355297d98073b41655aeafd2e3b895,2026-08-12T16:25:48.722572+00:00
Edmund Optics,71-102,TS 合成石英製平凹レンズ 25 x -50 UV-VIS,plano_concave,25.0,24.0,-50.0,-51.37,UV-VIS (250-700nm),250.0,700.0,587.6,1,-22.92,,,Fused Silica (Corning 7980),,2.0,,UV-Fused-Silica-Plano-Concave-PCV-Lenses.xlsx,EO_2029,53,6adea2b1f35062c021c9b77985a354ba2b355297d98073b41655aeafd2e3b895,2026-08-12T16:25:48.722572+00:00
Edmund Optics,71-103,TS 合成石英製平凹レンズ 25 x -75 UV-VIS,plano_concave,25.0,24.0,-75.0,-76.71,UV-VIS (250-700nm),250.0,700.0,587.6,1,-34.38,,,Fused Silica (Corning 7980),,2.5,,UV-Fused-Silica-Plano-Concave-PCV-Lenses.xlsx,EO_2029,55,6adea2b1f35062c021c9b77985a354ba2b355297d98073b41655aeafd2e3b895,2026-08-12T16:25:48.722572+00:00
Edmund Optics,71-104,TS 合成石英製平凹レンズ 25 x -100 UV-VIS,plano_concave,25.0,24.0,-100.0,-101.71,UV-VIS (250-700nm),250.0,700.0,587.6,1,-45.84,,,Fused Silica (Corning 7980),,2.5,,UV-Fused-Silica-Plano-Concave-PCV-Lenses.xlsx,EO_2029,57,6adea2b1f35062c021c9b77985a354ba2b355297d98073b41655aeafd2e3b895,2026-08-12T16:25:48.722572+00:00
Edmund Optics,71-105,TS 合成石英製平凹レンズ 25 x -150 UV-VIS,plano_concave,25.0,24.0,-150.0,-151.71,UV-VIS (250-700nm),250.0,700.0,587.6,1,-68.76,,,Fused Silica (Corning 7980),,2.5,,UV-Fused-Silica-Plano-Concave-PCV-Lenses.xlsx,EO_2029,59,6adea2b1f35062c021c9b77985a354ba2b355297d98073b41655aeafd2e3b895,2026-08-12T16:25:48.722572+00:00
Edmund Optics,71-106,TS 合成石英製平凹レンズ 25 x -200 UV-VIS,plano_concave,25.0,24.0,-200.0,-201.71,UV-VIS (250-700nm),250.0,700.0,587.6,1,-91.69,,,Fused Silica (Corning 7980),,2.5,,UV-Fused-Silica-Plano-Concave-PCV-Lenses.xlsx,EO_2029,61,6adea2b1f35062c021c9b77985a354ba2b355297d98073b41655aeafd2e3b895,2026-08-12T16:25:48.722572+00:00
Edmund Optics,71-107,TS 合成石英製平凹レンズ 25 x -250 UV-VIS,plano_concave,25.0,24.0,-250.0,-251.71,UV-VIS (250-700nm),250.0,700.0,587.6,1,-114.61,,,Fused Silica (Corning 7980),,2.5,,UV-Fused-Silica-Plano-Concave-PCV-Lenses.xlsx,EO_2029,63,6adea2b1f35062c021c9b77985a354ba2b355297d98073b41655aeafd2e3b895,2026-08-12T16:25:48.722572+00:00
Edmund Optics,71-294,TS 平凸レンズ 7 x 7 VIS 0°,plano_convex,7.0,6.3,7.0,5.5,VIS 0° (425-675nm),425.0,675.0,,1,5.5,,,N-SF11,,2.8,,VIS-0-Coated-Plano-Convex-PCX-Lenses (2).xlsx,EO_2537,56,0497fb07d22d8e1d9c87c6088d733ef8f25480109b030c1d1dbeeb0198553764,2026-08-12T16:25:48.722572+00:00
Edmund Optics,71-301,TS 平凸レンズ 7 x 10 VIS 0°,plano_convex,7.0,6.3,10.0,8.1,VIS 0° (425-675nm),425.0,675.0,,1,5.17,,,N-BK7,,2.9,,VIS-0-Coated-Plano-Convex-PCX-Lenses (2).xlsx,EO_2537,57,0497fb07d22d8e1d9c87c6088d733ef8f25480109b030c1d1dbeeb0198553764,2026-08-12T16:25:48.722572+00:00
Edmund Optics,71-308,TS 平凸レンズ 7 x 12 VIS 0°,plano_convex,7.0,6.3,12.0,10.3,VIS 0° (425-675nm),425.0,675.0,,1,6.2,,,N-BK7,,2.6,,VIS-0-Coated-Plano-Convex-PCX-Lenses (2).xlsx,EO_2537,58,0497fb07d22d8e1d9c87c6088d733ef8f25480109b030c1d1dbeeb0198553764,2026-08-12T16:25:48.722572+00:00
Edmund Optics,71-315,TS 平凸レンズ 8 x 8 VIS 0°,plano_convex,8.0,7.2,8.0,6.4,VIS 0° (425-675nm),425.0,675.0,,1,6.28,,,N-SF11,,2.9,,VIS-0-Coated-Plano-Convex-PCX-Lenses (2).xlsx,EO_2537,59,0497fb07d22d8e1d9c87c6088d733ef8f25480109b030c1d1dbeeb0198553764,2026-08-12T16:25:48.722572+00:00
Edmund Optics,71-322,TS 平凸レンズ 8 x 10 VIS 0°,plano_convex,8.0,7.2,10.0,7.6,VIS 0° (425-675nm),425.0,675.0,,1,5.17,,,N-BK7,,3.7,,VIS-0-Coated-Plano-Convex-PCX-Lenses (2).xlsx,EO_2537,60,0497fb07d22d8e1d9c87c6088d733ef8f25480109b030c1d1dbeeb0198553764,2026-08-12T16:25:48.722572+00:00
Edmund Optics,71-329,TS 平凸レンズ 8 x 12 VIS 0°,plano_convex,8.0,7.2,12.0,10.0,VIS 0° (425-675nm),425.0,675.0,,1,6.2,,,N-BK7,,3.0,,VIS-0-Coated-Plano-Convex-PCX-Lenses (2).xlsx,EO_2537,61,0497fb07d22d8e1d9c87c6088d733ef8f25480109b030c1d1dbeeb0198553764,2026-08-12T16:25:48.722572+00:00
Edmund Optics,71-336,TS 平凸レンズ 50.8 x 50.8 VIS 0°,plano_convex,50.8,49.3,50.81,44.08,VIS 0° (425-675nm),425.0,675.0,,1,39.87,,,N-SF11,,12.0,,VIS-0-Coated-Plano-Convex-PCX-Lenses (2).xlsx,EO_2537,221,0497fb07d22d8e1d9c87c6088d733ef8f25480109b030c1d1dbeeb0198553764,2026-08-12T16:25:48.722572+00:00
Edmund Optics,71-343,TS 平凸レンズ 50.8 x 76.2 VIS 0°,plano_convex,50.8,49.3,76.2,68.95,VIS 0° (425-675nm),425.0,675.0,,1,39.38,,,N-BK7,,11.0,,VIS-0-Coated-Plano-Convex-PCX-Lenses (2).xlsx,EO_2537,222,0497fb07d22d8e1d9c87c6088d733ef8f25480109b030c1d1dbeeb0198553764,2026-08-12T16:25:48.722572+00:00
Edmund Optics,71-846,TS 平凸レンズ 75 X 100 VIS 0°,plano_convex,75.0,73.5,100.0,87.57,VIS 0° (425-675nm),425.0,675.0,,1,51.68,,,N-BK7,,18.86,,VIS-0-Coated-Plano-Convex-PCX-Lenses (2).xlsx,EO_2537,224,0497fb07d22d8e1d9c87c6088d733ef8f25480109b030c1d1dbeeb0198553764,2026-08-12T16:25:48.722572+00:00
Edmund Optics,71-847,TS 平凸レンズ 75 X 125 VIS 0°,plano_convex,75.0,73.5,125.0,115.99,VIS 0° (425-675nm),425.0,675.0,,1,64.6,,,N-BK7,,13.67,,VIS-0-Coated-Plano-Convex-PCX-Lenses (2).xlsx,EO_2537,225,0497fb07d22d8e1d9c87c6088d733ef8f25480109b030c1d1dbeeb0198553764,2026-08-12T16:25:48.722572+00:00
Edmund Optics,71-848,TS 平凸レンズ 75 X 175 VIS 0°,plano_convex,75.0,73.5,175.0,168.68,VIS 0° (425-675nm),425.0,675.0,,1,90.44,,,N-BK7,,9.58,,VIS-0-Coated-Plano-Convex-PCX-Lenses (2).xlsx,EO_2537,227,0497fb07d22d8e1d9c87c6088d733ef8f25480109b030c1d1dbeeb0198553764,2026-08-12T16:25:48.722572+00:00
Edmund Optics,71-849,TS 平凸レンズ 75 X 300 VIS 0°,plano_convex,75.0,73.5,300.0,294.4,VIS 0° (425-675nm),425.0,675.0,,1,155.04,,,N-BK7,,8.5,,VIS-0-Coated-Plano-Convex-PCX-Lenses (2).xlsx,EO_2537,230,0497fb07d22d8e1d9c87c6088d733ef8f25480109b030c1d1dbeeb0198553764,2026-08-12T16:25:48.722572+00:00
Edmund Optics,71-850,TS 平凸レンズ 75 X 400 VIS 0°,plano_convex,75.0,73.5,400.0,394.4,VIS 0° (425-675nm),425.0,675.0,,1,206.72,,,N-BK7,,8.5,,VIS-0-Coated-Plano-Convex-PCX-Lenses (2).xlsx,EO_2537,231,0497fb07d22d8e1d9c87c6088d733ef8f25480109b030c1d1dbeeb0198553764,2026-08-12T16:25:48.722572+00:00
Edmund Optics,71-851,TS 平凸レンズ 75 X 750 VIS 0°,plano_convex,75.0,73.5,750.0,745.35,VIS 0° (425-675nm),425.0,675.0,,1,387.6,,,N-BK7,,7.05,,VIS-0-Coated-Plano-Convex-PCX-Lenses (2).xlsx,EO_2537,233,0497fb07d22d8e1d9c87c6088d733ef8f25480109b030c1d1dbeeb0198553764,2026-08-12T16:25:48.722572+00:00
Edmund Optics,72-254,TS 合成石英製平凸レンズ 2 x 4 VIS 0°,plano_convex,2.0,1.5,4.0,3.46,VIS 0° (425-675nm),425.0,675.0,,1,1.84,,,Fused Silica (Corning 7980),,0.8,,UV-Fused-Silica-Plano-Convex-PCX-Lenses---VIS-0-Coated.xlsx,EO_4231,2,3548099bb884d8d2457e74014505d75cbb9e414ae64827523c48588ec7646988,2026-08-12T16:25:48.722572+00:00
Edmund Optics,72-262,TS 合成石英製平凸レンズ 2 x 6 VIS 0°,plano_convex,2.0,1.5,6.0,5.45,VIS 0° (425-675nm),425.0,675.0,,1,2.75,,,Fused Silica (Corning 7980),,0.8,,UV-Fused-Silica-Plano-Convex-PCX-Lenses---VIS-0-Coated.xlsx,EO_4231,3,3548099bb884d8d2457e74014505d75cbb9e414ae64827523c48588ec7646988,2026-08-12T16:25:48.722572+00:00
Edmund Optics,72-270,TS 合成石英製平凸レンズ 3 x 6 VIS 0°,plano_convex,3.0,2.5,6.0,5.01,VIS 0° (425-675nm),425.0,675.0,,1,2.75,,,Fused Silica (Corning 7980),,1.45,,UV-Fused-Silica-Plano-Convex-PCX-Lenses---VIS-0-Coated.xlsx,EO_4231,4,3548099bb884d8d2457e74014505d75cbb9e414ae64827523c48588ec7646988,2026-08-12T16:25:48.722572+00:00
Edmund Optics,72-279,TS 合成石英製平凸レンズ 3 x 9 VIS 0°,plano_convex,3.0,2.5,9.0,8.11,VIS 0° (425-675nm),425.0,675.0,,1,4.13,,,Fused Silica (Corning 7980),,1.3,,UV-Fused-Silica-Plano-Convex-PCX-Lenses---VIS-0-Coated.xlsx,EO_4231,5,3548099bb884d8d2457e74014505d75cbb9e414ae64827523c48588ec7646988,2026-08-12T16:25:48.722572+00:00
Edmund Optics,72-287,TS 合成石英製平凸レンズ 4 x 8 VIS 0°,plano_convex,4.0,3.6,8.0,6.91,VIS 0° (425-675nm),425.0,675.0,,1,3.67,,,Fused Silica (Corning 7980),,1.6,,UV-Fused-Silica-Plano-Convex-PCX-Lenses---VIS-0-Coated.xlsx,EO_4231,6,3548099bb884d8d2457e74014505d75cbb9e414ae64827523c48588ec7646988,2026-08-12T16:25:48.722572+00:00
Edmund Optics,72-295,TS 合成石英製平凸レンズ 4 x 12 VIS 0°,plano_convex,4.0,3.6,12.0,11.04,VIS 0° (425-675nm),425.0,675.0,,1,5.5,,,Fused Silica (Corning 7980),,1.4,,UV-Fused-Silica-Plano-Convex-PCX-Lenses---VIS-0-Coated.xlsx,EO_4231,7,3548099bb884d8d2457e74014505d75cbb9e414ae64827523c48588ec7646988,2026-08-12T16:25:48.722572+00:00
Edmund Optics,72-303,TS 合成石英製平凸レンズ 75 x 100 VIS 0°,plano_convex,75.0,73.5,100.0,85.61,VIS 0° (425-675nm),425.0,675.0,,1,45.85,,,Fused Silica (Corning 7980),,21.0,,UV-Fused-Silica-Plano-Convex-PCX-Lenses---VIS-0-Coated.xlsx,EO_4231,73,3548099bb884d8d2457e74014505d75cbb9e414ae64827523c48588ec7646988,2026-08-12T16:25:48.722572+00:00
Edmund Optics,72-311,TS 合成石英製平凸レンズ 75 x 125 VIS 0°,plano_convex,75.0,73.5,125.0,112.66,VIS 0° (425-675nm),425.0,675.0,,1,57.31,,,Fused Silica (Corning 7980),,18.0,,UV-Fused-Silica-Plano-Convex-PCX-Lenses---VIS-0-Coated.xlsx,EO_4231,74,3548099bb884d8d2457e74014505d75cbb9e414ae64827523c48588ec7646988,2026-08-12T16:25:48.722572+00:00
Edmund Optics,72-319,TS 合成石英製平凸レンズ 75 x 150 VIS 0°,plano_convex,75.0,73.5,150.0,136.31,VIS 0° (425-675nm),425.0,675.0,,1,68.78,,,Fused Silica (Corning 7980),,20.0,,UV-Fused-Silica-Plano-Convex-PCX-Lenses---VIS-0-Coated.xlsx,EO_4231,75,3548099bb884d8d2457e74014505d75cbb9e414ae64827523c48588ec7646988,2026-08-12T16:25:48.722572+00:00
Edmund Optics,72-327,TS 合成石英製平凸レンズ 75 x 200 VIS 0°,plano_convex,75.0,73.5,200.0,187.18,VIS 0° (425-675nm),425.0,675.0,,1,91.71,,,Fused Silica (Corning 7980),,18.78,,UV-Fused-Silica-Plano-Convex-PCX-Lenses---VIS-0-Coated.xlsx,EO_4231,76,3548099bb884d8d2457e74014505d75cbb9e414ae64827523c48588ec7646988,2026-08-12T16:25:48.722572+00:00
Edmund Optics,83-978,TS アクロマティックレンズ 2 x 9 VIS 0°,achromatic_doublet,2.0,1.6,9.0,8.0,VIS 0° (425-675nm),425.0,675.0,587.6,1,5.38,-5.38,-20.79,N-PSK53A,N-LASF9,1.0,1.0,VIS-0-Coated-Achromatic-Lenses (2).xlsx,EO_2684,3,9a52c3d44bd8ad4b44aecf8b4789df8e28d48871c6358bd835e9df86c0847f5b,2026-08-12T16:25:48.722572+00:00
Edmund Optics,83-979,TS アクロマティックレンズ 2 x 12 VIS 0°,achromatic_doublet,2.0,1.6,12.0,11.0,VIS 0° (425-675nm),425.0,675.0,587.6,1,7.2,-7.2,-27.8,N-PSK53A,N-LASF9,1.0,1.0,VIS-0-Coated-Achromatic-Lenses (2).xlsx,EO_2684,4,9a52c3d44bd8ad4b44aecf8b4789df8e28d48871c6358bd835e9df86c0847f5b,2026-08-12T16:25:48.722572+00:00
Edmund Optics,84-125,TS アクロマティックレンズ 2 x 4 VIS 0°,achromatic_doublet,2.0,1.6,4.0,2.92,VIS 0° (425-675nm),425.0,675.0,587.6,1,2.26,-2.26,-10.0,N-PSK53A,N-LASF9,1.0,1.0,VIS-0-Coated-Achromatic-Lenses (2).xlsx,EO_2684,2,9a52c3d44bd8ad4b44aecf8b4789df8e28d48871c6358bd835e9df86c0847f5b,2026-08-12T16:25:48.722572+00:00
Edmund Optics,84-307,TS 合成石英製平凸レンズ 15 x 25 VIS 0°,plano_convex,15.0,14.0,25.0,22.09,VIS 0° (425-675nm),425.0,675.0,,1,11.46,,,Fused Silica (Corning 7980),,4.25,,UV-Fused-Silica-Plano-Convex-PCX-Lenses---VIS-0-Coated.xlsx,EO_4231,36,3548099bb884d8d2457e74014505d75cbb9e414ae64827523c48588ec7646988,2026-08-12T16:25:48.722572+00:00
Edmund Optics,84-308,TS 合成石英製平凸レンズ 15 x 30 VIS 0°,plano_convex,15.0,14.0,30.0,27.53,VIS 0° (425-675nm),425.0,675.0,,1,13.75,,,Fused Silica (Corning 7980),,3.6,,UV-Fused-Silica-Plano-Convex-PCX-Lenses---VIS-0-Coated.xlsx,EO_4231,37,3548099bb884d8d2457e74014505d75cbb9e414ae64827523c48588ec7646988,2026-08-12T16:25:48.722572+00:00
Edmund Optics,84-309,TS 合成石英製平凸レンズ 15 x 45 VIS 0°,plano_convex,15.0,14.0,45.0,42.94,VIS 0° (425-675nm),425.0,675.0,,1,20.63,,,Fused Silica (Corning 7980),,3.0,,UV-Fused-Silica-Plano-Convex-PCX-Lenses---VIS-0-Coated.xlsx,EO_4231,38,3548099bb884d8d2457e74014505d75cbb9e414ae64827523c48588ec7646988,2026-08-12T16:25:48.722572+00:00
Edmund Optics,84-310,TS 合成石英製平凸レンズ 15 x 60 VIS 0°,plano_convex,15.0,14.0,60.0,57.94,VIS 0° (425-675nm),425.0,675.0,,1,27.51,,,Fused Silica (Corning 7980),,3.0,,UV-Fused-Silica-Plano-Convex-PCX-Lenses---VIS-0-Coated.xlsx,EO_4231,39,3548099bb884d8d2457e74014505d75cbb9e414ae64827523c48588ec7646988,2026-08-12T16:25:48.722572+00:00
Edmund Optics,84-311,TS 合成石英製平凸レンズ 15 x 75 VIS 0°,plano_convex,15.0,14.0,75.0,72.94,VIS 0° (425-675nm),425.0,675.0,,1,34.39,,,Fused Silica (Corning 7980),,3.0,,UV-Fused-Silica-Plano-Convex-PCX-Lenses---VIS-0-Coated.xlsx,EO_4231,40,3548099bb884d8d2457e74014505d75cbb9e414ae64827523c48588ec7646988,2026-08-12T16:25:48.722572+00:00
Edmund Optics,84-312,TS 合成石英製平凸レンズ 30 x 50 VIS 0°,plano_convex,30.0,29.0,50.0,45.2,VIS 0° (425-675nm),425.0,675.0,,1,22.92,,,Fused Silica (Corning 7980),,7.0,,UV-Fused-Silica-Plano-Convex-PCX-Lenses---VIS-0-Coated.xlsx,EO_4231,63,3548099bb884d8d2457e74014505d75cbb9e414ae64827523c48588ec7646988,2026-08-12T16:25:48.722572+00:00
Edmund Optics,84-313,TS 合成石英製平凸レンズ 30 x 60 VIS 0°,plano_convex,30.0,29.0,60.0,55.89,VIS 0° (425-675nm),425.0,675.0,,1,27.51,,,Fused Silica (Corning 7980),,6.0,,UV-Fused-Silica-Plano-Convex-PCX-Lenses---VIS-0-Coated.xlsx,EO_4231,64,3548099bb884d8d2457e74014505d75cbb9e414ae64827523c48588ec7646988,2026-08-12T16:25:48.722572+00:00
Edmund Optics,84-314,TS 合成石英製平凸レンズ 30 x 90 VIS 0°,plano_convex,30.0,29.0,90.0,86.57,VIS 0° (425-675nm),425.0,675.0,,1,41.26,,,Fused Silica (Corning 7980),,5.0,,UV-Fused-Silica-Plano-Convex-PCX-Lenses---VIS-0-Coated.xlsx,EO_4231,65,3548099bb884d8d2457e74014505d75cbb9e414ae64827523c48588ec7646988,2026-08-12T16:25:48.722572+00:00
Edmund Optics,84-315,TS 合成石英製平凸レンズ 30 x 120 VIS 0°,plano_convex,30.0,29.0,120.0,116.57,VIS 0° (425-675nm),425.0,675.0,,1,55.02,,,Fused Silica (Corning 7980),,5.0,,UV-Fused-Silica-Plano-Convex-PCX-Lenses---VIS-0-Coated.xlsx,EO_4231,66,3548099bb884d8d2457e74014505d75cbb9e414ae64827523c48588ec7646988,2026-08-12T16:25:48.722572+00:00
Edmund Optics,84-316,TS 合成石英製平凸レンズ 30 x 150 VIS 0°,plano_convex,30.0,29.0,150.0,146.57,VIS 0° (425-675nm),425.0,675.0,,1,68.77,,,Fused Silica (Corning 7980),,5.0,,UV-Fused-Silica-Plano-Convex-PCX-Lenses---VIS-0-Coated.xlsx,EO_4231,67,3548099bb884d8d2457e74014505d75cbb9e414ae64827523c48588ec7646988,2026-08-12T16:25:48.722572+00:00
Edmund Optics,84-377,TS 平凹レンズ 3 x -6 VIS 0°,plano_concave,3.0,2.7,-6.0,-6.56,VIS 0° (425-675nm),425.0,675.0,587.6,1,-4.71,,,N-SF11,,1.0,,VIS-0-Coated-Plano-Concave-PCV-Lenses (1).xlsx,EO_2718,2,838087704458d663d00fa75beb2903a353ba634fbdf65948d00b05e176e1a3b4,2026-08-12T16:25:48.722572+00:00
Edmund Optics,84-378,TS 平凹レンズ 3 x -9 VIS 0°,plano_concave,3.0,2.7,-9.0,-9.56,VIS 0° (425-675nm),425.0,675.0,587.6,1,-7.06,,,N-SF11,,1.0,,VIS-0-Coated-Plano-Concave-PCV-Lenses (1).xlsx,EO_2718,3,838087704458d663d00fa75beb2903a353ba634fbdf65948d00b05e176e1a3b4,2026-08-12T16:25:48.722572+00:00
Edmund Optics,85-879,TS 合成石英製平凹レンズ 12 x -100,plano_concave,12.0,11.0,-100.0,-101.37,Uncoated,200.0,2200.0,587.6,1,-45.85,,,Fused Silica (Corning 7980),,2.0,,UV-Fused-Silica-Plano-Concave-PCV-Lenses.xlsx,EO_2029,30,6adea2b1f35062c021c9b77985a354ba2b355297d98073b41655aeafd2e3b895,2026-08-12T16:25:48.722572+00:00
Edmund Optics,86-084,TS 平凸レンズ 50 x 75 VIS 0°,plano_convex,75.0,73.5,500.0,494.73,VIS 0° (425-675nm),425.0,675.0,,1,258.4,,,N-BK7,,8.0,,VIS-0-Coated-Plano-Convex-PCX-Lenses (2).xlsx,EO_2537,232,0497fb07d22d8e1d9c87c6088d733ef8f25480109b030c1d1dbeeb0198553764,2026-08-12T16:25:48.722572+00:00
Edmund Optics,86-907,TS 平凸レンズ 75 x 75 VIS 0°,plano_convex,75.0,73.5,75.0,53.49,VIS 0° (425-675nm),425.0,675.0,,1,38.76,,,N-BK7,,32.62,,VIS-0-Coated-Plano-Convex-PCX-Lenses (2).xlsx,EO_2537,223,0497fb07d22d8e1d9c87c6088d733ef8f25480109b030c1d1dbeeb0198553764,2026-08-12T16:25:48.722572+00:00
Edmund Optics,86-908,TS 平凸レンズ 75 x 150 VIS 0°,plano_convex,75.0,73.5,150.0,142.45,VIS 0° (425-675nm),425.0,675.0,,1,77.52,,,N-BK7,,11.45,,VIS-0-Coated-Plano-Convex-PCX-Lenses (2).xlsx,EO_2537,226,0497fb07d22d8e1d9c87c6088d733ef8f25480109b030c1d1dbeeb0198553764,2026-08-12T16:25:48.722572+00:00
Edmund Optics,86-909,TS 平凸レンズ 75 x 200 VIS 0°,plano_convex,75.0,73.5,200.0,194.24,VIS 0° (425-675nm),425.0,675.0,,1,103.36,,,N-BK7,,8.74,,VIS-0-Coated-Plano-Convex-PCX-Lenses (2).xlsx,EO_2537,228,0497fb07d22d8e1d9c87c6088d733ef8f25480109b030c1d1dbeeb0198553764,2026-08-12T16:25:48.722572+00:00
Edmund Optics,86-910,TS 平凸レンズ 75 x 250 VIS 0°,plano_convex,75.0,73.5,250.0,244.73,VIS 0° (425-675nm),425.0,675.0,,1,129.2,,,N-BK7,,8.0,,VIS-0-Coated-Plano-Convex-PCX-Lenses (2).xlsx,EO_2537,229,0497fb07d22d8e1d9c87c6088d733ef8f25480109b030c1d1dbeeb0198553764,2026-08-12T16:25:48.722572+00:00
Edmund Optics,87-915,TS 平凸レンズ 5 x 25 VIS 0°,plano_convex,5.0,4.5,25.0,23.95,VIS 0° (425-675nm),425.0,675.0,,1,12.92,,,N-BK7,,1.6,,VIS-0-Coated-Plano-Convex-PCX-Lenses (2).xlsx,EO_2537,38,0497fb07d22d8e1d9c87c6088d733ef8f25480109b030c1d1dbeeb0198553764,2026-08-12T16:25:48.722572+00:00
Edmund Optics,87-916,TS 平凸レンズ 5 x 30 VIS 0°,plano_convex,5.0,4.5,30.0,28.95,VIS 0° (425-675nm),425.0,675.0,,1,15.5,,,N-BK7,,1.6,,VIS-0-Coated-Plano-Convex-PCX-Lenses (2).xlsx,EO_2537,39,0497fb07d22d8e1d9c87c6088d733ef8f25480109b030c1d1dbeeb0198553764,2026-08-12T16:25:48.722572+00:00
Edmund Optics,88-037,TS 合成石英製平凹レンズ 12 x -100 UV-AR,plano_concave,12.0,11.0,-100.0,-101.37,UV-AR (250-425nm),250.0,425.0,587.6,1,-45.85,,,Fused Silica (Corning 7980),,2.0,,UV-Fused-Silica-Plano-Concave-PCV-Lenses.xlsx,EO_2029,39,6adea2b1f35062c021c9b77985a354ba2b355297d98073b41655aeafd2e3b895,2026-08-12T16:25:48.722572+00:00
Edmund Optics,88-593,TS アクロマティックレンズ 75 x 200 VIS 0°,achromatic_doublet,75.0,73.5,200.0,187.69,VIS 0° (425-675nm),425.0,675.0,587.6,1,118.81,-96.37,-288.97,N-BK7,N-SF5,17.94,6.0,VIS-0-Coated-Achromatic-Lenses (2).xlsx,EO_2684,152,9a52c3d44bd8ad4b44aecf8b4789df8e28d48871c6358bd835e9df86c0847f5b,2026-08-12T16:25:48.722572+00:00
Edmund Optics,88-594,TS アクロマティックレンズ 75 x 300 VIS 0°,achromatic_doublet,75.0,73.5,300.0,290.62,VIS 0° (425-675nm),425.0,675.0,587.6,1,184.05,-137.34,-399.33,N-BK7,N-SF5,13.59,6.0,VIS-0-Coated-Achromatic-Lenses (2).xlsx,EO_2684,153,9a52c3d44bd8ad4b44aecf8b4789df8e28d48871c6358bd835e9df86c0847f5b,2026-08-12T16:25:48.722572+00:00
Edmund Optics,88-595,TS アクロマティックレンズ 75 x 400 VIS 0°,achromatic_doublet,75.0,73.5,400.0,392.1,VIS 0° (425-675nm),425.0,675.0,587.6,1,246.5,-180.92,-526.7,N-BK7,N-SF5,11.05,6.0,VIS-0-Coated-Achromatic-Lenses (2).xlsx,EO_2684,154,9a52c3d44bd8ad4b44aecf8b4789df8e28d48871c6358bd835e9df86c0847f5b,2026-08-12T16:25:48.722572+00:00
Edmund Optics,89-423,TS 合成石英製平凸レンズ 5 x 10 VIS 0°,plano_convex,5.0,4.5,10.0,8.63,VIS 0° (425-675nm),425.0,675.0,,1,4.59,,,Fused Silica (Corning 7980),,2.0,,UV-Fused-Silica-Plano-Convex-PCX-Lenses---VIS-0-Coated.xlsx,EO_4231,8,3548099bb884d8d2457e74014505d75cbb9e414ae64827523c48588ec7646988,2026-08-12T16:25:48.722572+00:00
Edmund Optics,89-424,TS 合成石英製平凸レンズ 5 x 15 VIS 0°,plano_convex,5.0,4.5,15.0,13.83,VIS 0° (425-675nm),425.0,675.0,,1,6.88,,,Fused Silica (Corning 7980),,1.7,,UV-Fused-Silica-Plano-Convex-PCX-Lenses---VIS-0-Coated.xlsx,EO_4231,9,3548099bb884d8d2457e74014505d75cbb9e414ae64827523c48588ec7646988,2026-08-12T16:25:48.722572+00:00
Edmund Optics,89-425,TS 合成石英製平凸レンズ 5 x 20 VIS 0°,plano_convex,5.0,4.5,20.0,18.97,VIS 0° (425-675nm),425.0,675.0,,1,9.17,,,Fused Silica (Corning 7980),,1.5,,UV-Fused-Silica-Plano-Convex-PCX-Lenses---VIS-0-Coated.xlsx,EO_4231,10,3548099bb884d8d2457e74014505d75cbb9e414ae64827523c48588ec7646988,2026-08-12T16:25:48.722572+00:00
Edmund Optics,89-426,TS 合成石英製平凸レンズ 5 x 25 VIS 0°,plano_convex,5.0,4.5,25.0,23.97,VIS 0° (425-675nm),425.0,675.0,,1,11.46,,,Fused Silica (Corning 7980),,1.5,,UV-Fused-Silica-Plano-Convex-PCX-Lenses---VIS-0-Coated.xlsx,EO_4231,11,3548099bb884d8d2457e74014505d75cbb9e414ae64827523c48588ec7646988,2026-08-12T16:25:48.722572+00:00
Edmund Optics,89-682,TS アクロマティックレンズ 40 x 50 VIS 0°,achromatic_doublet,40.0,39.0,50.0,34.46,VIS 0° (425-675nm),425.0,675.0,587.6,1,28.56,-29.96,-153.67,N-SK11,N-SF5,19.0,7.0,VIS-0-Coated-Achromatic-Lenses (2).xlsx,EO_2684,129,9a52c3d44bd8ad4b44aecf8b4789df8e28d48871c6358bd835e9df86c0847f5b,2026-08-12T16:25:48.722572+00:00
